Modèle,R² moyen,R² std,MAE moyen (log),RMSE moyen (log)
Gradient Boosting (10-fold),0.09927206776834466,0.6165486557189184,0.2451291771295024,0.29221915301483226
Random Forest (10-fold),-0.044727148762417526,0.7173582881573841,0.26208904960462365,0.3169108466618774
Ridge (α=100.0),-0.32821633341577827,1.1568379272080527,0.29162009169730263,0.3469048830683885
Gravitaire M2 - log-linéaire,-0.41947101272410003,1.2670314126985116,0.30131063038114236,0.3515313349966801
Ridge (α=10.0),-0.4788722355350782,1.482942128456344,0.29507024958158024,0.3473793728572071
Régression Linéaire (10-fold),-0.5672236653542913,1.4016261070811167,0.3018778911309356,0.36218002525210746
Ridge (α=1.0),-0.5745630525382579,1.5522305868103277,0.30159393584577315,0.35751375401985064
Ridge (α=0.1),-0.6452442789082066,1.5279510989958882,0.3098433490362177,0.3696454190534099
