station_id,n_obs,capacity,rho_overflow,rho_empty,rho_full_zero,system_id
101,529.0,,,,,amiens
102,529.0,,,,,amiens
103,529.0,,,,,amiens
104,529.0,,,,,amiens
105,529.0,,,,,amiens
106,529.0,,,,,amiens
107,529.0,,,,,amiens
108,529.0,,,,,amiens
109,529.0,,,,,amiens
110,529.0,,,,,amiens
111,529.0,,,,,amiens
112,529.0,,,,,amiens
113,529.0,,,,,amiens
114,529.0,,,,,amiens
115,529.0,,,,,amiens
116,529.0,,,,,amiens
117,529.0,,,,,amiens
118,529.0,,,,,amiens
119,529.0,,,,,amiens
120,529.0,,,,,amiens
121,529.0,,,,,amiens
122,529.0,,,,,amiens
123,529.0,,,,,amiens
124,529.0,,,,,amiens
125,529.0,25.0,0.0,0.0,0.0,amiens
126,529.0,22.0,0.0,0.0,0.0,amiens
127,529.0,15.0,0.0,0.0,0.0,amiens
128,529.0,,,,,amiens
129,529.0,,,,,amiens
130,529.0,,,,,amiens
131,529.0,,,,,amiens
132,529.0,,,,,amiens
133,529.0,,,,,amiens
134,529.0,,,,,amiens
135,529.0,,,,,amiens
136,529.0,,,,,amiens
137,529.0,,,,,amiens
138,529.0,,,,,amiens
139,529.0,25.0,0.0,0.0,0.0,amiens
140,529.0,29.0,0.0,0.0,0.0,amiens
141,529.0,18.0,0.045368620037807186,0.0,0.0,amiens
142,529.0,20.0,0.0,0.0,0.0,amiens
143,529.0,20.0,0.0,0.0,0.0,amiens
144,529.0,22.0,0.0,1.0,1.0,amiens
145,529.0,20.0,0.0,0.0,0.0,amiens
ch8cimdlc8te4d3h83l0,479.0,10.0,0.7954070981210856,0.0,0.0,auxrmlevelo
ch8cimllc8te4d3h8410,479.0,10.0,0.0,0.0,0.0,auxrmlevelo
ch8cimtlc8te4d3h842g,479.0,10.0,0.0,0.0,0.0,auxrmlevelo
ch8cin5lc8te4d3h849g,479.0,10.0,0.0,0.0,0.0,auxrmlevelo
ch8cindlc8te4d3h84bg,479.0,10.0,0.0,0.0,0.0,auxrmlevelo
ch8cintlc8te4d3h84d0,479.0,10.0,0.0,0.0,0.0,auxrmlevelo
ch8cio5lc8te4d3h84jg,479.0,10.0,0.0,0.0,0.0,auxrmlevelo
ch8ciodlc8te4d3h84m0,479.0,15.0,0.0,0.0,0.0,auxrmlevelo
ch8ciollc8te4d3h84pg,479.0,15.0,0.0,0.0,0.0,auxrmlevelo
ch8ciotlc8te4d3h84t0,479.0,10.0,0.0,0.0,0.0,auxrmlevelo
ch8cipdlc8te4d3h84vg,479.0,15.0,0.0,0.0,0.0,auxrmlevelo
ch8cipllc8te4d3h854g,479.0,10.0,0.0,0.0,0.0,auxrmlevelo
ch8ciptlc8te4d3h85fg,479.0,10.0,0.0,0.0,0.0,auxrmlevelo
ch8ciq5lc8te4d3h85k0,479.0,15.0,0.0,0.0,0.0,auxrmlevelo
ch8ciqllc8te4d3h85sg,479.0,10.0,0.0,0.0,0.0,auxrmlevelo
ch8ciqtlc8te4d3h8640,479.0,10.0,0.0,0.0,0.0,auxrmlevelo
ch8cir5lc8te4d3h86e0,479.0,10.0,0.0,0.0,0.0,auxrmlevelo
ch8cirdlc8te4d3h86j0,479.0,15.0,0.0,1.0,0.0,auxrmlevelo
ch8cirllc8te4d3h86m0,479.0,15.0,0.0,0.0,0.0,auxrmlevelo
ch8cirtlc8te4d3h86qg,479.0,15.0,0.0,0.0,0.0,auxrmlevelo
ch8cis5lc8te4d3h86u0,479.0,10.0,0.0,0.0,0.0,auxrmlevelo
ch8cisdlc8te4d3h8710,479.0,10.0,0.0,0.0,0.0,auxrmlevelo
ch8cisllc8te4d3h87ag,479.0,10.0,0.0,0.0,0.0,auxrmlevelo
ch8cistlc8te4d3h87h0,479.0,15.0,0.0,0.0,0.0,auxrmlevelo
ch8citdlc8te4d3h87ng,479.0,15.0,0.0,0.9979123173277662,0.0,auxrmlevelo
ch8citllc8te4d3h87t0,479.0,10.0,0.0,0.0,0.0,auxrmlevelo
ch8cittlc8te4d3h883g,479.0,10.0,0.008350730688935281,0.0,0.0,auxrmlevelo
ch8ciu5lc8te4d3h8870,479.0,10.0,0.0,0.0,0.0,auxrmlevelo
ch8ciudlc8te4d3h88ag,479.0,10.0,0.0,0.3695198329853862,0.0,auxrmlevelo
ch8ciullc8te4d3h88h0,479.0,15.0,0.0,0.0,0.0,auxrmlevelo
ch8ciutlc8te4d3h88mg,479.0,10.0,0.0,0.9812108559498957,0.0,auxrmlevelo
ch8civ5lc8te4d3h88rg,479.0,10.0,0.0,0.0,0.0,auxrmlevelo
ch8civdlc8te4d3h88vg,479.0,15.0,0.0,0.9269311064718163,0.0,auxrmlevelo
ch8civllc8te4d3h8940,479.0,10.0,0.9874739039665971,0.0,0.0,auxrmlevelo
ch8civtlc8te4d3h8970,479.0,10.0,0.267223382045929,0.0,0.0,auxrmlevelo
ch8cj05lc8te4d3h89b0,479.0,15.0,0.0,0.0,0.0,auxrmlevelo
ch8cj0dlc8te4d3h89f0,479.0,30.0,0.0,0.0,0.0,auxrmlevelo
ch8cj0llc8te4d3h89og,479.0,10.0,0.0,0.0,0.0,auxrmlevelo
ch8cj0tlc8te4d3h8a00,479.0,,,,,auxrmlevelo
ch8cj15lc8te4d3h8a90,479.0,15.0,0.0,0.0,0.0,auxrmlevelo
ch8cj1llc8te4d3h8adg,479.0,15.0,0.0,0.0,0.0,auxrmlevelo
ch8cu95lc8te4d3hfvu0,479.0,10.0,0.954070981210856,0.0,0.0,auxrmlevelo
cj5r0ob0nhco6k5fn5ig,479.0,35.0,0.0,1.0,0.0,auxrmlevelo
st_d1a1r4mrumbh8rh1rnog,479.0,15.0,0.0,0.6659707724425887,0.0,auxrmlevelo
st_d1a1siurumbh8rh1rq2g,479.0,10.0,0.0,0.0,0.0,auxrmlevelo
st_d1a1tb6rumbh8rh1rr1g,479.0,10.0,0.0,0.0,0.0,auxrmlevelo
st_d1a1tn6rumbh8rh1rrhg,479.0,20.0,0.0,0.0,0.0,auxrmlevelo
st_d1a1vtsdlg9eg0lhako0,479.0,10.0,0.0,0.0,0.0,auxrmlevelo
st_d1a20h4dlg9eg0lhallg,479.0,20.0,0.0,0.0,0.0,auxrmlevelo
st_d1a243sdlg9eg0lhar70,479.0,10.0,0.8392484342379958,0.0,0.0,auxrmlevelo
st_d1a24vurumbh8rh1s660,479.0,10.0,0.9937369519832986,0.0,0.0,auxrmlevelo
st_d1a25akdlg9eg0lhatbg,479.0,10.0,0.0,0.0,0.0,auxrmlevelo
st_d1a25lcdlg9eg0lhatr0,479.0,10.0,0.0,0.0,0.0,auxrmlevelo
st_d1a2606rumbh8rh1s7pg,479.0,10.0,0.0,0.0,0.0,auxrmlevelo
st_d1a2b5kdlg9eg0lhb7og,479.0,20.0,0.0,0.0,0.0,auxrmlevelo
stn_4HwUQG7k8FnJfNGCZeyRtm,479.0,12.0,0.0,0.0,0.0,beb
stn_4dax8kj2eMnmVJyoZW2aCo,479.0,5.0,0.0,0.0,0.0,beb
stn_5SA4Cqgkki9Jeo4KiPhyRE,479.0,12.0,0.0,0.10438413361169102,0.0,beb
stn_6JRBFXmyrmbeNN4j6QkXZ7,479.0,10.0,1.0,0.0,0.0,beb
stn_9ojn8aksrJxn2EzZeziQK8,479.0,20.0,0.0,0.006263048016701462,0.0,beb
stn_Aefw2G5pb2sEez6VJJ2XLM,479.0,30.0,0.0,0.0,0.0,beb
stn_DWc8CkYrzrP2JhCUnWhiUH,479.0,14.0,0.0,0.0,0.0,beb
stn_FSzFwoeeyxPj3yhnh8EXgs,479.0,10.0,0.0,0.0,0.0,beb
stn_FZC2aip5hHS3qYpKg9T9Du,479.0,5.0,0.0,0.0,0.0,beb
stn_GsraQRPFZUb7SsUKNH75Yb,479.0,10.0,0.0,0.0,0.0,beb
stn_Ha3qvxYZmqxoT8uMn58kYE,479.0,10.0,0.0,0.0,0.0,beb
stn_LCaWDpTiZn4omsyEZWwjQ3,479.0,20.0,0.0,0.0,0.0,beb
stn_Lm3VNhCDCCWGie5594UZKD,479.0,10.0,0.0,0.0,0.0,beb
stn_M4SdB3Dut9Z98r3oeEW6pM,479.0,10.0,0.0,0.0,0.0,beb
stn_MdmcRn6GqzAZtbnga8vvhE,479.0,12.0,0.0,0.0,0.0,beb
stn_NomrKtxQMxJH7Q6BPigBhn,479.0,14.0,0.0,0.0,0.0,beb
stn_Q4Pypv7NxfAhZxXojQBwb8,479.0,5.0,0.0,0.0,0.0,beb
stn_Qa6MHogCuAeSBjGx9BUxFk,479.0,10.0,0.0,0.0,0.0,beb
stn_QgVjDYKACbc4Y9VwPSDbqv,479.0,10.0,0.0,0.0,0.0,beb
stn_SLrs7somiMGSAdCxSLXzdG,479.0,10.0,0.0,0.0,0.0,beb
stn_V4ZGw2ncvXdpGd44AuwMaA,479.0,12.0,0.0,0.0,0.0,beb
stn_ViBLmfEJLVoQ2DheSsMpo5,479.0,14.0,0.0,0.0,0.0,beb
stn_WCjcYmMQ756kG4zonrmv7G,479.0,14.0,0.0,0.0,0.0,beb
stn_XrgPNaXaNRnx3twP4wDXSg,479.0,8.0,0.0,0.0,0.0,beb
stn_YiqzcTZL6rAaPBAvCNmxbc,479.0,5.0,0.0,1.0,0.0,beb
stn_Ym3vNDmHEGRNTv3zEN8LnB,479.0,16.0,0.0,0.0,0.0,beb
stn_bsV7y7e28cSxCJ5pVxi9DJ,479.0,12.0,0.0,0.0,0.0,beb
stn_buAPCbc9ZEqRRLzb62S2BH,479.0,10.0,0.0,0.0,0.0,beb
stn_cFaqAP33AfCJW3VQaRdV9h,479.0,10.0,0.0,0.0,0.0,beb
stn_dj7UN9e6ZJnDZC69VHcTQ8,479.0,14.0,0.0,0.0,0.0,beb
stn_eiPoNiqhbHKcbQScMhQBxU,479.0,10.0,0.0,0.0,0.0,beb
stn_g5PZw3HNB8AN6nbmveQ3vY,479.0,12.0,0.0,0.0,0.0,beb
stn_gQdDcewhgmHSvQsamZyRup,479.0,12.0,0.0,0.0,0.0,beb
stn_gfb5P9r4iymiXbzC4NTJnP,479.0,10.0,0.0,1.0,0.0,beb
stn_i54qoygUP7z5hJHjwrMbd5,479.0,20.0,0.0,1.0,0.0,beb
stn_iuNAzDxs8Fgk9ZzmfhX6g4,479.0,10.0,0.0,0.0,0.0,beb
stn_jyjuq9eYHz2rHWDMJzDdJB,479.0,10.0,0.0,0.0,0.0,beb
stn_kDuZpTH9aWUgomZ3RniHCK,479.0,10.0,0.0,0.0,0.0,beb
stn_mdSGmPUp23ZsD9SXFhWb9c,479.0,8.0,0.0,0.0,0.0,beb
stn_mjDF4N5H3AiHmVmojZqscr,479.0,10.0,0.0,0.906054279749478,0.0,beb
stn_nbhyDutvZUCtXL3y2bVWGu,479.0,5.0,0.0,0.0,0.0,beb
stn_oaF5iS3vLidywXxPb2bToP,479.0,20.0,0.0,0.0,0.0,beb
stn_qwXUybg7rDaLBjPXBUyhZD,479.0,20.0,0.0,0.0,0.0,beb
stn_w98W8hFbJZftNnBuPCHUiS,479.0,10.0,0.0,0.0,0.0,beb
stn_xTfqpwziuBfQswsgipKP5S,479.0,16.0,0.0,0.0,0.0,beb
1,50.0,,,,,besancon
10,50.0,20.0,0.0,1.0,0.0,besancon
11,50.0,,,,,besancon
12,50.0,,,,,besancon
13,50.0,,,,,besancon
14,50.0,,,,,besancon
15,50.0,,,,,besancon
16,50.0,,,,,besancon
17,50.0,,,,,besancon
18,50.0,,,,,besancon
19,50.0,,,,,besancon
2,50.0,,,,,besancon
20,50.0,,,,,besancon
21,50.0,,,,,besancon
22,50.0,,,,,besancon
23,50.0,,,,,besancon
24,50.0,,,,,besancon
25,50.0,,,,,besancon
26,50.0,,,,,besancon
27,50.0,,,,,besancon
28,50.0,,,,,besancon
29,50.0,,,,,besancon
3,50.0,,,,,besancon
30,50.0,,,,,besancon
31,50.0,,,,,besancon
32,50.0,,,,,besancon
4,50.0,,,,,besancon
5,50.0,,,,,besancon
6,50.0,,,,,besancon
600,50.0,3.0,0.0,1.0,0.0,besancon
7,50.0,,,,,besancon
8,50.0,,,,,besancon
9,50.0,,,,,besancon
1,479.0,,,,,calais-velos
10,479.0,20.0,0.0,0.0,0.0,calais-velos
11,479.0,,,,,calais-velos
12,479.0,,,,,calais-velos
13,479.0,,,,,calais-velos
14,479.0,,,,,calais-velos
15,479.0,,,,,calais-velos
16,479.0,,,,,calais-velos
17,479.0,,,,,calais-velos
18,479.0,,,,,calais-velos
2,479.0,,,,,calais-velos
22,479.0,,,,,calais-velos
23,479.0,,,,,calais-velos
25,479.0,,,,,calais-velos
26,479.0,,,,,calais-velos
27,479.0,,,,,calais-velos
28,479.0,,,,,calais-velos
29,479.0,,,,,calais-velos
3,479.0,,,,,calais-velos
30,479.0,,,,,calais-velos
31,479.0,,,,,calais-velos
32,479.0,,,,,calais-velos
33,479.0,,,,,calais-velos
34,479.0,,,,,calais-velos
35,479.0,,,,,calais-velos
36,479.0,,,,,calais-velos
37,479.0,,,,,calais-velos
38,479.0,,,,,calais-velos
39,479.0,,,,,calais-velos
4,479.0,,,,,calais-velos
40,479.0,,,,,calais-velos
41,479.0,,,,,calais-velos
42,479.0,,,,,calais-velos
44,479.0,,,,,calais-velos
45,479.0,,,,,calais-velos
46,479.0,20.0,0.0,0.0,0.0,calais-velos
47,479.0,,,,,calais-velos
48,479.0,,,,,calais-velos
49,479.0,,,,,calais-velos
5,479.0,,,,,calais-velos
50,479.0,,,,,calais-velos
51,479.0,,,,,calais-velos
53,479.0,,,,,calais-velos
55,479.0,,,,,calais-velos
57,479.0,15.0,0.0,0.0,0.0,calais-velos
58,479.0,25.0,0.0,0.0,0.0,calais-velos
59,479.0,,,,,calais-velos
6,479.0,,,,,calais-velos
60,479.0,,,,,calais-velos
61,479.0,,,,,calais-velos
62,479.0,,,,,calais-velos
63,479.0,,,,,calais-velos
64,479.0,,,,,calais-velos
65,479.0,,,,,calais-velos
66,479.0,,,,,calais-velos
67,479.0,,,,,calais-velos
68,479.0,,,,,calais-velos
69,479.0,,,,,calais-velos
7,479.0,,,,,calais-velos
70,479.0,,,,,calais-velos
72,479.0,,,,,calais-velos
73,479.0,,,,,calais-velos
74,479.0,,,,,calais-velos
75,479.0,,,,,calais-velos
76,479.0,,,,,calais-velos
78,479.0,,,,,calais-velos
79,479.0,,,,,calais-velos
8,479.0,,,,,calais-velos
80,479.0,,,,,calais-velos
81,479.0,33.0,0.0,0.0,0.0,calais-velos
82,479.0,,,,,calais-velos
83,479.0,,,,,calais-velos
84,479.0,24.0,0.0,1.0,1.0,calais-velos
85,479.0,,,,,calais-velos
86,479.0,,,,,calais-velos
87,479.0,,,,,calais-velos
88,479.0,,,,,calais-velos
89,479.0,22.0,0.0,1.0,1.0,calais-velos
9,479.0,,,,,calais-velos
90,479.0,,,,,calais-velos
stn_2ZjBHsCRHj638279aq2dBs,479.0,6.0,0.0,0.0,0.0,capcotentin
stn_2b3itDpsqNMNwk9vnvdNmW,479.0,20.0,0.0,0.0,0.0,capcotentin
stn_2pFkjCzGixSmz7yLugVQDN,479.0,14.0,0.0,0.8225469728601252,0.0,capcotentin
stn_2vwk6NwgdmdNN7REidqbDu,479.0,8.0,0.0,0.0,0.0,capcotentin
stn_33gwXvS4LnX7HZBLEDUw95,479.0,20.0,0.0,0.0,0.0,capcotentin
stn_6fT32XhckLHoumBPq7i34s,479.0,22.0,0.0,0.0,0.0,capcotentin
stn_86zieqaWyGavjwab7Tgn2o,479.0,12.0,0.0,0.0,0.0,capcotentin
stn_94o8HytCmq2SCB5G4wWvmQ,479.0,16.0,0.0,0.0,0.0,capcotentin
stn_A7aM5GkMFJWnEGEB3zREiy,479.0,8.0,0.0,0.0,0.0,capcotentin
stn_AJakWy9JxSK8Z5upXhPJat,479.0,7.0,0.0,1.0,0.0,capcotentin
stn_BLaBaaHxwnbfBirs9GCH7w,479.0,18.0,0.0,0.0,0.0,capcotentin
stn_BnQiiv9uyaoHn2ViNk6Uz2,479.0,7.0,0.0,0.0,0.0,capcotentin
stn_CCgvdQdxbVqxUCUp6vsoLK,479.0,5.0,0.0,0.0,0.0,capcotentin
stn_CutLaPz7pttVLfYJvcfyut,479.0,6.0,1.0,0.0,0.0,capcotentin
stn_DwVMLeseHXBP84ZDHQZVhu,479.0,8.0,1.0,0.0,0.0,capcotentin
stn_Ei6gs5dXWrpMFaUbrNoBsT,479.0,6.0,0.0,0.0,0.0,capcotentin
stn_EpfsDgRjKArscpt6ZzpNCt,479.0,12.0,0.0,0.0,0.0,capcotentin
stn_GUp5ay6igcNByk6wKpdYc4,479.0,8.0,0.0,0.0,0.0,capcotentin
stn_J9Ei5XVMRPC3UrKALkt7kn,479.0,7.0,0.0,0.0,0.0,capcotentin
stn_JPYqriTdh8Rnyv2sHdzxEs,479.0,6.0,0.0,0.0,0.0,capcotentin
stn_KFsHUNDZYsyWSNFd7n5ju4,479.0,20.0,0.0,0.0,0.0,capcotentin
stn_M2R8TYW6h4gMCgdTK3p2rF,479.0,8.0,0.081419624217119,0.0,0.0,capcotentin
stn_MA6tQGN39S3z5kVbWZUeh5,479.0,5.0,1.0,0.0,0.0,capcotentin
stn_PkouuNtY57LYTbp9nhkvzX,479.0,26.0,0.0,0.0,0.0,capcotentin
stn_PnqB4i8fT4RQCYVvkQrdGF,479.0,5.0,0.0,0.0,0.0,capcotentin
stn_RMjminysohzQSH9crGTNCa,479.0,5.0,0.0,0.0,0.0,capcotentin
stn_ThVjn8puasx5DkpActkB8J,479.0,6.0,0.031315240083507306,0.0,0.0,capcotentin
stn_TnogdLnTnM8F22DLNzsEMn,479.0,14.0,0.0,0.0,0.0,capcotentin
stn_UBHvf65TV3b7ruFttoUZV5,479.0,4.0,0.0,0.0,0.0,capcotentin
stn_VGDevhrNR49SyfPZHP9CoW,479.0,18.0,0.0,0.0,0.0,capcotentin
stn_VLq4tuQLsAh7NsKHKHhxBU,479.0,20.0,0.0,0.0,0.0,capcotentin
stn_Wc6yN8PevU6A4eRsJSnJDm,479.0,5.0,0.0,0.0,0.0,capcotentin
stn_XLN88vWNhaeHAMXa8jgxer,479.0,12.0,0.0,0.0,0.0,capcotentin
stn_XfEixCASJGXSVMeXmefPER,479.0,6.0,0.0,0.0,0.0,capcotentin
stn_Xwf5KFVAWv5Wb8DRK5QABY,479.0,6.0,0.0,0.0,0.0,capcotentin
stn_YQvJnA7NAWop3kbYv29XAD,479.0,18.0,0.0,0.0,0.0,capcotentin
stn_ZcCiFSJhvuLtyigV8ZLDWK,479.0,12.0,0.0,0.0,0.0,capcotentin
stn_bk2pVQprYhjNE65CvuTrnk,479.0,6.0,0.0,0.0,0.0,capcotentin
stn_cMCAfjiTLEwaDrXncMrMJC,479.0,10.0,0.0,0.0,0.0,capcotentin
stn_d5PWiThY6cemJ3kKUDNNQn,479.0,8.0,0.0,0.0,0.0,capcotentin
stn_eYXDzPNsqNGqovUEwHnUtc,479.0,6.0,1.0,0.0,0.0,capcotentin
stn_faSBnVHyVkrFK4WiopZw9Q,479.0,16.0,0.0,0.0,0.0,capcotentin
stn_guM84sYp8nAmHHT5ThJUyb,479.0,6.0,0.0,0.0,0.0,capcotentin
stn_hfNGD7LZCwsNRTHHq457qy,479.0,4.0,0.0,0.0,0.0,capcotentin
stn_iAdBMKedR3aXX9uBKwg2zn,479.0,6.0,0.010438413361169102,0.0,0.0,capcotentin
stn_iT9sUpnbbJ6qvxgSMV2YuM,479.0,6.0,0.0,0.0,0.0,capcotentin
stn_ihEEDBJn3hLPveLFoFf6Ng,479.0,12.0,0.0,0.0,0.0,capcotentin
stn_irc5EBYHPyHLvEcNVM6Qdj,479.0,5.0,0.0,0.0,0.0,capcotentin
stn_nN5Q8oCxjBmzpF9YpRkeDK,479.0,5.0,0.0,0.0,0.0,capcotentin
50001,529.0,29.0,0.0,1.0,1.0,cergy
50002,529.0,24.0,0.0,1.0,0.0,cergy
50003,529.0,24.0,0.0,1.0,0.0,cergy
50004,529.0,15.0,0.0,1.0,0.0,cergy
50005,529.0,20.0,0.0,1.0,0.0,cergy
50006,529.0,16.0,0.0,1.0,0.0,cergy
50007,529.0,14.0,0.0,0.0,0.0,cergy
50008,529.0,17.0,0.0,1.0,0.0,cergy
50009,529.0,11.0,0.0,0.0,0.0,cergy
50010,529.0,28.0,0.0,0.0,0.0,cergy
50011,529.0,22.0,0.0,1.0,0.0,cergy
50012,529.0,21.0,0.0,1.0,0.0,cergy
50013,529.0,20.0,0.0,1.0,0.0,cergy
50014,529.0,20.0,0.0,1.0,0.0,cergy
50015,529.0,18.0,0.0,0.0,0.0,cergy
50016,529.0,30.0,0.0,1.0,0.0,cergy
50017,529.0,14.0,0.0,1.0,0.0,cergy
50018,529.0,27.0,0.0,1.0,0.0,cergy
50019,529.0,16.0,0.0,1.0,0.0,cergy
50020,529.0,18.0,0.0,0.0,0.0,cergy
50021,529.0,20.0,0.0,0.0,0.0,cergy
50022,529.0,20.0,0.0,1.0,0.0,cergy
50023,529.0,20.0,0.0,1.0,0.0,cergy
50024,529.0,18.0,0.0,1.0,0.0,cergy
50025,529.0,20.0,0.0,1.0,0.0,cergy
50026,529.0,20.0,0.0,1.0,0.0,cergy
50027,529.0,20.0,0.0,1.0,0.0,cergy
50101,529.0,19.0,0.0,1.0,0.0,cergy
53001,529.0,20.0,0.0,1.0,0.0,cergy
53002,529.0,20.0,0.0,1.0,0.0,cergy
53003,529.0,20.0,0.0,1.0,0.0,cergy
53004,529.0,20.0,0.0,1.0,0.0,cergy
53101,529.0,19.0,0.0,1.0,0.0,cergy
53102,529.0,19.0,0.0,1.0,0.0,cergy
54901,529.0,15.0,0.0,1.0,0.0,cergy
54902,529.0,26.0,0.0,1.0,0.0,cergy
54904,529.0,18.0,0.0,1.0,1.0,cergy
54905,529.0,22.0,0.0,0.0,0.0,cergy
56101,529.0,10.0,0.0,1.0,0.0,cergy
56102,529.0,15.0,0.0,1.0,0.0,cergy
56103,529.0,20.0,0.0,1.0,0.0,cergy
56104,529.0,23.0,0.0,1.0,0.0,cergy
56105,529.0,18.0,0.0,1.0,0.0,cergy
56106,529.0,12.0,0.0,1.0,0.0,cergy
56401,529.0,15.0,0.0,1.0,0.0,cergy
1001,479.0,16.0,0.0,0.0,0.0,citiz_alpes_loire
1002,479.0,16.0,0.0,1.0,1.0,citiz_alpes_loire
1003,479.0,22.0,0.0,0.0,0.0,citiz_alpes_loire
1004,479.0,1.0,0.0,0.0,0.0,citiz_alpes_loire
1005,479.0,16.0,0.0,0.0,0.0,citiz_alpes_loire
1006,479.0,22.0,0.0,0.0,0.0,citiz_alpes_loire
1007,479.0,2.0,0.0,0.0,0.0,citiz_alpes_loire
1008,479.0,2.0,0.0,0.0,0.0,citiz_alpes_loire
1010,479.0,5.0,0.0,0.0,0.0,citiz_alpes_loire
1011,479.0,3.0,0.0,0.0,0.0,citiz_alpes_loire
1012,479.0,26.0,0.0,0.0,0.0,citiz_alpes_loire
1013,479.0,11.0,0.0,0.0,0.0,citiz_alpes_loire
1014,479.0,3.0,0.0,0.0,0.0,citiz_alpes_loire
1015,479.0,2.0,0.0,0.0,0.0,citiz_alpes_loire
1016,479.0,17.0,0.0,0.0,0.0,citiz_alpes_loire
1017,479.0,2.0,0.0,0.0,0.0,citiz_alpes_loire
1018,479.0,2.0,0.0,1.0,1.0,citiz_alpes_loire
1019,479.0,3.0,0.0,0.0,0.0,citiz_alpes_loire
1021,479.0,11.0,0.0,0.0,0.0,citiz_alpes_loire
1022,479.0,36.0,0.0,0.0,0.0,citiz_alpes_loire
1023,479.0,20.0,0.0,0.0,0.0,citiz_alpes_loire
1024,479.0,17.0,0.0,1.0,1.0,citiz_alpes_loire
1025,479.0,1.0,0.0,1.0,1.0,citiz_alpes_loire
1027,479.0,103.0,0.0,0.0,0.0,citiz_alpes_loire
1028,479.0,2.0,0.0,0.0,0.0,citiz_alpes_loire
1029,479.0,3.0,0.0,0.0,0.0,citiz_alpes_loire
1030,479.0,2.0,0.0,1.0,1.0,citiz_alpes_loire
1031,479.0,12.0,0.0,0.0,0.0,citiz_alpes_loire
1032,479.0,22.0,0.0,0.0,0.0,citiz_alpes_loire
1033,479.0,3.0,0.0,0.0,0.0,citiz_alpes_loire
1034,479.0,16.0,0.0,0.0,0.0,citiz_alpes_loire
1035,479.0,16.0,0.0,0.0,0.0,citiz_alpes_loire
1036,479.0,17.0,0.0,0.0,0.0,citiz_alpes_loire
1037,479.0,20.0,0.0,0.0,0.0,citiz_alpes_loire
1038,479.0,2.0,0.0,0.0,0.0,citiz_alpes_loire
1039,479.0,3.0,0.0,0.0,0.0,citiz_alpes_loire
1040,479.0,2.0,0.0,0.0,0.0,citiz_alpes_loire
1041,479.0,3.0,0.0,0.0,0.0,citiz_alpes_loire
1042,479.0,2.0,0.0,0.0,0.0,citiz_alpes_loire
1043,479.0,2.0,0.0,1.0,1.0,citiz_alpes_loire
1044,479.0,2.0,0.0,0.0,0.0,citiz_alpes_loire
1045,479.0,3.0,0.0,0.0,0.0,citiz_alpes_loire
1046,479.0,2.0,0.0,0.0,0.0,citiz_alpes_loire
1047,479.0,2.0,0.0,1.0,1.0,citiz_alpes_loire
1048,479.0,6.0,0.0,0.0,0.0,citiz_alpes_loire
1049,479.0,2.0,0.0,0.0,0.0,citiz_alpes_loire
1050,479.0,2.0,0.0,1.0,1.0,citiz_alpes_loire
1051,479.0,2.0,0.0,0.0,0.0,citiz_alpes_loire
1052,479.0,3.0,0.0,0.0,0.0,citiz_alpes_loire
1053,479.0,2.0,0.0,0.0,0.0,citiz_alpes_loire
1054,479.0,2.0,0.0,0.0,0.0,citiz_alpes_loire
1055,479.0,2.0,0.0,0.0,0.0,citiz_alpes_loire
1056,479.0,1.0,0.0,0.0,0.0,citiz_alpes_loire
1057,479.0,1.0,0.0,1.0,1.0,citiz_alpes_loire
1058,479.0,2.0,0.0,0.0,0.0,citiz_alpes_loire
1059,479.0,2.0,0.0,1.0,1.0,citiz_alpes_loire
1060,479.0,2.0,0.0,0.0,0.0,citiz_alpes_loire
1061,479.0,2.0,0.0,0.0,0.0,citiz_alpes_loire
1062,479.0,2.0,0.0,0.0,0.0,citiz_alpes_loire
1065,479.0,2.0,0.0,0.0,0.0,citiz_alpes_loire
1066,479.0,2.0,0.0,0.0,0.0,citiz_alpes_loire
1067,479.0,2.0,0.0,0.0,0.0,citiz_alpes_loire
1068,479.0,2.0,0.0,0.0,0.0,citiz_alpes_loire
1069,479.0,5.0,0.0,0.0,0.0,citiz_alpes_loire
1071,479.0,2.0,0.0,0.0,0.0,citiz_alpes_loire
1072,479.0,6.0,0.0,0.0,0.0,citiz_alpes_loire
1073,479.0,2.0,0.0,0.0,0.0,citiz_alpes_loire
1074,479.0,2.0,0.0,0.0,0.0,citiz_alpes_loire
1075,479.0,4.0,0.0,0.0,0.0,citiz_alpes_loire
1076,479.0,2.0,0.0,0.0,0.0,citiz_alpes_loire
1077,479.0,2.0,0.0,0.0,0.0,citiz_alpes_loire
1078,479.0,3.0,0.0,0.0,0.0,citiz_alpes_loire
1079,479.0,1.0,0.0,0.0,0.0,citiz_alpes_loire
1081,479.0,2.0,0.0,0.0,0.0,citiz_alpes_loire
1083,479.0,2.0,0.0,0.0,0.0,citiz_alpes_loire
1084,479.0,3.0,0.0,0.0,0.0,citiz_alpes_loire
1085,479.0,2.0,0.0,0.0,0.0,citiz_alpes_loire
1086,479.0,2.0,0.0,0.0,0.0,citiz_alpes_loire
1087,479.0,2.0,0.0,0.0,0.0,citiz_alpes_loire
1089,479.0,2.0,0.0,0.0,0.0,citiz_alpes_loire
1090,479.0,4.0,0.0,0.0,0.0,citiz_alpes_loire
1098,479.0,2.0,0.0,0.0,0.0,citiz_alpes_loire
1100,479.0,2.0,0.0,0.0,0.0,citiz_alpes_loire
1102,479.0,1.0,0.0,1.0,1.0,citiz_alpes_loire
1109,479.0,2.0,0.0,0.0,0.0,citiz_alpes_loire
1187,479.0,2.0,0.0,0.0,0.0,citiz_alpes_loire
1190,479.0,1.0,0.0,1.0,1.0,citiz_alpes_loire
1196,479.0,1.0,0.0,1.0,1.0,citiz_alpes_loire
1209,479.0,2.0,0.0,0.0,0.0,citiz_alpes_loire
1210,479.0,2.0,0.0,0.0,0.0,citiz_alpes_loire
1211,479.0,2.0,0.0,0.0,0.0,citiz_alpes_loire
1212,479.0,1.0,0.0,0.0,0.0,citiz_alpes_loire
1213,479.0,1.0,0.0,0.0,0.0,citiz_alpes_loire
1214,479.0,4.0,0.0,0.0,0.0,citiz_alpes_loire
1222,479.0,2.0,0.0,1.0,1.0,citiz_alpes_loire
1245,479.0,,,,,citiz_alpes_loire
1246,479.0,3.0,0.0,0.0,0.0,citiz_alpes_loire
1247,479.0,4.0,0.0,0.0,0.0,citiz_alpes_loire
1266,479.0,1.0,0.0,0.0,0.0,citiz_alpes_loire
1268,479.0,,,,,citiz_alpes_loire
1497,479.0,3.0,0.0,0.0,0.0,citiz_alpes_loire
1498,479.0,2.0,0.0,0.0,0.0,citiz_alpes_loire
1500,479.0,1.0,0.0,0.0,0.0,citiz_alpes_loire
1501,479.0,1.0,0.0,1.0,1.0,citiz_alpes_loire
1533,479.0,1.0,0.0,0.0,0.0,citiz_alpes_loire
1534,479.0,1.0,0.0,0.0,0.0,citiz_alpes_loire
1543,479.0,2.0,0.0,0.0,0.0,citiz_alpes_loire
1544,479.0,1.0,0.0,0.0,0.0,citiz_alpes_loire
1548,479.0,1.0,0.0,0.0,0.0,citiz_alpes_loire
1549,479.0,1.0,0.0,0.0,0.0,citiz_alpes_loire
1553,479.0,2.0,0.0,0.0,0.0,citiz_alpes_loire
1554,479.0,2.0,0.0,0.0,0.0,citiz_alpes_loire
1558,479.0,1.0,0.0,1.0,1.0,citiz_alpes_loire
1559,479.0,1.0,0.0,0.0,0.0,citiz_alpes_loire
1616,479.0,,,,,citiz_alpes_loire
1622,479.0,1.0,0.0,0.0,0.0,citiz_alpes_loire
1623,479.0,1.0,0.0,0.0,0.0,citiz_alpes_loire
1645,479.0,1.0,0.0,0.0,0.0,citiz_alpes_loire
1650,479.0,,,,,citiz_alpes_loire
1651,479.0,2.0,0.0,0.0,0.0,citiz_alpes_loire
1669,479.0,1.0,0.0,0.0,0.0,citiz_alpes_loire
1670,479.0,1.0,0.0,0.0,0.0,citiz_alpes_loire
1682,479.0,1.0,0.0,0.0,0.0,citiz_alpes_loire
1693,479.0,3.0,0.0,0.0,0.0,citiz_alpes_loire
1694,479.0,1.0,0.0,0.0,0.0,citiz_alpes_loire
1695,479.0,1.0,0.0,0.0,0.0,citiz_alpes_loire
1698,479.0,1.0,0.0,0.0,0.0,citiz_alpes_loire
1699,479.0,1.0,1.0,0.0,0.0,citiz_alpes_loire
1702,479.0,3.0,0.0,0.0,0.0,citiz_alpes_loire
1703,479.0,2.0,0.0,0.0,0.0,citiz_alpes_loire
1705,479.0,2.0,0.0,0.0,0.0,citiz_alpes_loire
1706,479.0,1.0,0.0,0.0,0.0,citiz_alpes_loire
1707,479.0,1.0,0.0,1.0,1.0,citiz_alpes_loire
1708,479.0,1.0,0.0,0.0,0.0,citiz_alpes_loire
1709,479.0,1.0,0.0,0.0,0.0,citiz_alpes_loire
1710,479.0,1.0,0.0,1.0,1.0,citiz_alpes_loire
1711,479.0,2.0,0.0,0.0,0.0,citiz_alpes_loire
1713,479.0,1.0,0.0,0.0,0.0,citiz_alpes_loire
1718,479.0,2.0,0.0,0.0,0.0,citiz_alpes_loire
1719,479.0,1.0,0.0,0.0,0.0,citiz_alpes_loire
1721,479.0,2.0,0.0,0.0,0.0,citiz_alpes_loire
1732,479.0,2.0,0.0,0.0,0.0,citiz_alpes_loire
1769,479.0,1.0,0.0,1.0,1.0,citiz_alpes_loire
1770,479.0,1.0,0.0,0.0,0.0,citiz_alpes_loire
1773,479.0,1.0,0.0,0.0,0.0,citiz_alpes_loire
1774,479.0,1.0,0.0,0.0,0.0,citiz_alpes_loire
1775,479.0,1.0,0.0,0.0,0.0,citiz_alpes_loire
1776,479.0,1.0,0.0,0.0,0.0,citiz_alpes_loire
1781,479.0,1.0,0.0,0.0,0.0,citiz_alpes_loire
1784,479.0,1.0,0.0,0.0,0.0,citiz_alpes_loire
1795,479.0,1.0,0.0,0.0,0.0,citiz_alpes_loire
1796,479.0,2.0,0.0,0.0,0.0,citiz_alpes_loire
1797,479.0,1.0,0.0,0.0,0.0,citiz_alpes_loire
1803,479.0,1.0,0.0,0.0,0.0,citiz_alpes_loire
1804,479.0,2.0,0.0,1.0,1.0,citiz_alpes_loire
1813,479.0,1.0,0.0,1.0,1.0,citiz_alpes_loire
1814,479.0,1.0,0.0,1.0,1.0,citiz_alpes_loire
1815,479.0,1.0,0.0,1.0,1.0,citiz_alpes_loire
1817,479.0,1.0,0.0,0.0,0.0,citiz_alpes_loire
1818,479.0,1.0,0.0,0.0,0.0,citiz_alpes_loire
1819,479.0,1.0,0.0,0.0,0.0,citiz_alpes_loire
1826,479.0,1.0,0.0,0.0,0.0,citiz_alpes_loire
715,479.0,2.0,0.0,0.0,0.0,citiz_alpes_loire
716,479.0,2.0,0.0,0.0,0.0,citiz_alpes_loire
717,479.0,2.0,0.0,0.0,0.0,citiz_alpes_loire
718,479.0,2.0,0.0,0.0,0.0,citiz_alpes_loire
719,479.0,3.0,0.0,0.0,0.0,citiz_alpes_loire
720,479.0,1.0,0.0,0.0,0.0,citiz_alpes_loire
721,479.0,2.0,0.0,0.0,0.0,citiz_alpes_loire
722,479.0,4.0,0.0,0.0,0.0,citiz_alpes_loire
723,479.0,1.0,0.0,0.0,0.0,citiz_alpes_loire
724,479.0,5.0,0.0,0.0,0.0,citiz_alpes_loire
725,479.0,5.0,0.0,0.0,0.0,citiz_alpes_loire
726,479.0,5.0,0.0,0.0,0.0,citiz_alpes_loire
727,479.0,5.0,0.0,0.0,0.0,citiz_alpes_loire
728,479.0,4.0,0.0,0.0,0.0,citiz_alpes_loire
729,479.0,1.0,0.0,0.0,0.0,citiz_alpes_loire
730,479.0,5.0,0.0,0.0,0.0,citiz_alpes_loire
731,479.0,1.0,0.0,0.0,0.0,citiz_alpes_loire
732,479.0,3.0,0.0,0.0,0.0,citiz_alpes_loire
733,479.0,1.0,0.0,0.0,0.0,citiz_alpes_loire
734,479.0,2.0,0.0,0.0,0.0,citiz_alpes_loire
735,479.0,4.0,0.0,0.0,0.0,citiz_alpes_loire
736,479.0,2.0,0.0,0.0,0.0,citiz_alpes_loire
737,479.0,4.0,0.0,0.0,0.0,citiz_alpes_loire
738,479.0,3.0,0.0,0.0,0.0,citiz_alpes_loire
739,479.0,2.0,0.0,0.0,0.0,citiz_alpes_loire
740,479.0,2.0,0.0,0.0,0.0,citiz_alpes_loire
741,479.0,5.0,0.0,0.0,0.0,citiz_alpes_loire
742,479.0,3.0,0.0,0.0,0.0,citiz_alpes_loire
743,479.0,2.0,0.0,0.0,0.0,citiz_alpes_loire
744,479.0,7.0,0.0,0.0,0.0,citiz_alpes_loire
745,479.0,7.0,0.0,0.0,0.0,citiz_alpes_loire
746,479.0,7.0,0.0,0.0,0.0,citiz_alpes_loire
748,479.0,2.0,0.0,0.0,0.0,citiz_alpes_loire
749,479.0,2.0,0.0,0.0,0.0,citiz_alpes_loire
750,479.0,3.0,0.0,0.0,0.0,citiz_alpes_loire
751,479.0,1.0,0.0,0.0,0.0,citiz_alpes_loire
752,479.0,2.0,0.0,0.0,0.0,citiz_alpes_loire
753,479.0,2.0,0.0,0.0,0.0,citiz_alpes_loire
754,479.0,4.0,0.0,0.0,0.0,citiz_alpes_loire
755,479.0,2.0,0.0,0.0,0.0,citiz_alpes_loire
756,479.0,4.0,0.0,0.0,0.0,citiz_alpes_loire
757,479.0,2.0,0.0,0.0,0.0,citiz_alpes_loire
758,479.0,2.0,0.0,1.0,1.0,citiz_alpes_loire
760,479.0,2.0,0.0,1.0,1.0,citiz_alpes_loire
761,479.0,2.0,0.0,0.0,0.0,citiz_alpes_loire
762,479.0,2.0,0.0,0.0,0.0,citiz_alpes_loire
763,479.0,2.0,0.0,0.0,0.0,citiz_alpes_loire
765,479.0,2.0,0.0,0.0,0.0,citiz_alpes_loire
766,479.0,2.0,0.0,0.0,0.0,citiz_alpes_loire
767,479.0,5.0,0.0,0.0,0.0,citiz_alpes_loire
768,479.0,4.0,0.0,0.0,0.0,citiz_alpes_loire
769,479.0,2.0,0.0,0.0,0.0,citiz_alpes_loire
771,479.0,2.0,0.0,0.0,0.0,citiz_alpes_loire
772,479.0,2.0,0.0,0.0,0.0,citiz_alpes_loire
773,479.0,1.0,0.0,0.0,0.0,citiz_alpes_loire
774,479.0,5.0,0.0,0.0,0.0,citiz_alpes_loire
775,479.0,2.0,0.0,0.0,0.0,citiz_alpes_loire
776,479.0,2.0,0.0,0.0,0.0,citiz_alpes_loire
777,479.0,1.0,0.0,0.0,0.0,citiz_alpes_loire
778,479.0,2.0,0.0,0.0,0.0,citiz_alpes_loire
779,479.0,1.0,0.0,0.0,0.0,citiz_alpes_loire
780,479.0,2.0,0.0,0.0,0.0,citiz_alpes_loire
781,479.0,2.0,0.0,0.0,0.0,citiz_alpes_loire
782,479.0,5.0,0.0,1.0,1.0,citiz_alpes_loire
783,479.0,2.0,0.0,0.0,0.0,citiz_alpes_loire
784,479.0,4.0,0.0,0.0,0.0,citiz_alpes_loire
785,479.0,1.0,0.0,0.0,0.0,citiz_alpes_loire
786,479.0,2.0,0.0,0.0,0.0,citiz_alpes_loire
787,479.0,2.0,0.0,0.0,0.0,citiz_alpes_loire
788,479.0,2.0,0.0,0.0,0.0,citiz_alpes_loire
789,479.0,2.0,0.0,0.0,0.0,citiz_alpes_loire
790,479.0,3.0,0.0,0.0,0.0,citiz_alpes_loire
791,479.0,1.0,0.0,0.0,0.0,citiz_alpes_loire
792,479.0,2.0,0.0,0.0,0.0,citiz_alpes_loire
793,479.0,2.0,0.0,0.0,0.0,citiz_alpes_loire
794,479.0,2.0,0.0,0.0,0.0,citiz_alpes_loire
795,479.0,100.0,0.0,1.0,1.0,citiz_alpes_loire
796,479.0,2.0,0.0,0.0,0.0,citiz_alpes_loire
797,479.0,1.0,0.0,1.0,1.0,citiz_alpes_loire
798,479.0,1.0,0.0,0.0,0.0,citiz_alpes_loire
800,479.0,2.0,0.0,0.0,0.0,citiz_alpes_loire
801,479.0,2.0,0.0,0.0,0.0,citiz_alpes_loire
802,479.0,2.0,0.0,0.0,0.0,citiz_alpes_loire
803,479.0,2.0,0.0,0.0,0.0,citiz_alpes_loire
804,479.0,2.0,0.0,0.0,0.0,citiz_alpes_loire
805,479.0,2.0,0.0,0.0,0.0,citiz_alpes_loire
806,479.0,1.0,0.0,1.0,1.0,citiz_alpes_loire
807,479.0,2.0,0.0,0.0,0.0,citiz_alpes_loire
808,479.0,2.0,0.0,0.0,0.0,citiz_alpes_loire
809,479.0,2.0,0.0,0.0,0.0,citiz_alpes_loire
810,479.0,3.0,0.0,0.0,0.0,citiz_alpes_loire
811,479.0,2.0,0.0,0.0,0.0,citiz_alpes_loire
812,479.0,2.0,0.0,0.0,0.0,citiz_alpes_loire
813,479.0,2.0,0.0,0.0,0.0,citiz_alpes_loire
814,479.0,2.0,0.0,1.0,1.0,citiz_alpes_loire
815,479.0,3.0,0.0,0.0,0.0,citiz_alpes_loire
816,479.0,2.0,0.0,0.0,0.0,citiz_alpes_loire
817,479.0,2.0,0.0,0.0,0.0,citiz_alpes_loire
818,479.0,2.0,0.0,0.0,0.0,citiz_alpes_loire
819,479.0,3.0,0.0,0.0,0.0,citiz_alpes_loire
820,479.0,4.0,0.0,0.0,0.0,citiz_alpes_loire
821,479.0,3.0,0.0,0.0,0.0,citiz_alpes_loire
822,479.0,2.0,0.0,0.0,0.0,citiz_alpes_loire
823,479.0,2.0,0.0,0.0,0.0,citiz_alpes_loire
824,479.0,2.0,0.0,0.0,0.0,citiz_alpes_loire
825,479.0,2.0,0.0,0.0,0.0,citiz_alpes_loire
826,479.0,2.0,0.0,0.0,0.0,citiz_alpes_loire
828,479.0,1.0,0.0,0.0,0.0,citiz_alpes_loire
829,479.0,2.0,0.0,0.0,0.0,citiz_alpes_loire
830,479.0,1.0,0.0,0.0,0.0,citiz_alpes_loire
831,479.0,1.0,0.0,0.0,0.0,citiz_alpes_loire
832,479.0,1.0,0.0,1.0,1.0,citiz_alpes_loire
833,479.0,2.0,0.0,0.0,0.0,citiz_alpes_loire
834,479.0,2.0,0.0,0.0,0.0,citiz_alpes_loire
835,479.0,1.0,0.0,0.0,0.0,citiz_alpes_loire
836,479.0,2.0,0.0,1.0,1.0,citiz_alpes_loire
837,479.0,2.0,0.0,0.0,0.0,citiz_alpes_loire
838,479.0,1.0,0.0,0.0,0.0,citiz_alpes_loire
839,479.0,2.0,0.0,0.0,0.0,citiz_alpes_loire
840,479.0,2.0,0.0,0.0,0.0,citiz_alpes_loire
841,479.0,2.0,0.0,0.0,0.0,citiz_alpes_loire
842,479.0,2.0,0.0,1.0,1.0,citiz_alpes_loire
843,479.0,2.0,0.0,0.0,0.0,citiz_alpes_loire
845,479.0,2.0,0.0,0.0,0.0,citiz_alpes_loire
846,479.0,2.0,0.0,0.0,0.0,citiz_alpes_loire
847,479.0,2.0,0.0,0.0,0.0,citiz_alpes_loire
848,479.0,2.0,0.0,0.0,0.0,citiz_alpes_loire
849,479.0,2.0,0.0,0.0,0.0,citiz_alpes_loire
850,479.0,1.0,0.0,0.0,0.0,citiz_alpes_loire
851,479.0,2.0,0.0,0.0,0.0,citiz_alpes_loire
852,479.0,2.0,0.0,0.0,0.0,citiz_alpes_loire
853,479.0,2.0,0.0,0.0,0.0,citiz_alpes_loire
854,479.0,2.0,0.0,1.0,1.0,citiz_alpes_loire
855,479.0,2.0,0.0,0.0,0.0,citiz_alpes_loire
856,479.0,2.0,0.0,0.0,0.0,citiz_alpes_loire
857,479.0,2.0,0.0,0.0,0.0,citiz_alpes_loire
858,479.0,2.0,0.0,0.0,0.0,citiz_alpes_loire
859,479.0,2.0,0.0,0.0,0.0,citiz_alpes_loire
860,479.0,2.0,0.0,0.0,0.0,citiz_alpes_loire
861,479.0,3.0,0.0,0.0,0.0,citiz_alpes_loire
862,479.0,2.0,0.0,0.0,0.0,citiz_alpes_loire
863,479.0,3.0,0.0,0.0,0.0,citiz_alpes_loire
864,479.0,1.0,0.0,0.0,0.0,citiz_alpes_loire
865,479.0,1.0,0.0,0.0,0.0,citiz_alpes_loire
866,479.0,2.0,0.0,0.0,0.0,citiz_alpes_loire
867,479.0,1.0,1.0,0.0,0.0,citiz_alpes_loire
868,479.0,1.0,0.0,0.0,0.0,citiz_alpes_loire
869,479.0,1.0,0.0,0.0,0.0,citiz_alpes_loire
870,479.0,2.0,0.0,0.0,0.0,citiz_alpes_loire
871,479.0,2.0,0.0,0.0,0.0,citiz_alpes_loire
872,479.0,1.0,0.0,0.0,0.0,citiz_alpes_loire
873,479.0,,,,,citiz_alpes_loire
874,479.0,3.0,0.0,0.0,0.0,citiz_alpes_loire
875,479.0,2.0,0.0,0.0,0.0,citiz_alpes_loire
876,479.0,2.0,0.0,0.0,0.0,citiz_alpes_loire
877,479.0,2.0,0.0,0.0,0.0,citiz_alpes_loire
878,479.0,2.0,0.0,0.0,0.0,citiz_alpes_loire
879,479.0,3.0,0.0,0.0,0.0,citiz_alpes_loire
880,479.0,2.0,0.0,0.0,0.0,citiz_alpes_loire
881,479.0,2.0,0.0,1.0,1.0,citiz_alpes_loire
882,479.0,3.0,0.0,0.0,0.0,citiz_alpes_loire
883,479.0,4.0,0.0,0.0,0.0,citiz_alpes_loire
885,479.0,2.0,0.0,0.0,0.0,citiz_alpes_loire
886,479.0,15.0,0.0,1.0,1.0,citiz_alpes_loire
887,479.0,1.0,0.0,0.0,0.0,citiz_alpes_loire
888,479.0,2.0,0.0,0.0,0.0,citiz_alpes_loire
890,479.0,2.0,0.0,0.0,0.0,citiz_alpes_loire
891,479.0,3.0,0.0,0.0,0.0,citiz_alpes_loire
892,479.0,2.0,0.0,1.0,1.0,citiz_alpes_loire
893,479.0,2.0,0.0,0.0,0.0,citiz_alpes_loire
894,479.0,2.0,0.0,0.0,0.0,citiz_alpes_loire
895,479.0,2.0,0.0,0.0,0.0,citiz_alpes_loire
896,479.0,2.0,0.0,0.0,0.0,citiz_alpes_loire
897,479.0,2.0,0.0,0.0,0.0,citiz_alpes_loire
898,479.0,2.0,0.0,0.0,0.0,citiz_alpes_loire
899,479.0,2.0,0.0,0.0,0.0,citiz_alpes_loire
900,479.0,,,,,citiz_alpes_loire
901,479.0,2.0,0.0,0.0,0.0,citiz_alpes_loire
903,479.0,26.0,0.0,0.0,0.0,citiz_alpes_loire
904,479.0,2.0,0.0,0.0,0.0,citiz_alpes_loire
905,479.0,3.0,0.0,0.0,0.0,citiz_alpes_loire
906,479.0,2.0,0.0,0.0,0.0,citiz_alpes_loire
907,479.0,2.0,0.0,0.0,0.0,citiz_alpes_loire
908,479.0,2.0,0.0,0.0,0.0,citiz_alpes_loire
909,479.0,2.0,0.0,0.0,0.0,citiz_alpes_loire
910,479.0,2.0,0.0,0.0,0.0,citiz_alpes_loire
911,479.0,2.0,0.0,0.0,0.0,citiz_alpes_loire
912,479.0,2.0,0.0,0.0,0.0,citiz_alpes_loire
913,479.0,2.0,0.0,0.0,0.0,citiz_alpes_loire
914,479.0,2.0,0.0,1.0,1.0,citiz_alpes_loire
916,479.0,2.0,0.0,0.0,0.0,citiz_alpes_loire
917,479.0,2.0,0.0,0.0,0.0,citiz_alpes_loire
918,479.0,2.0,0.0,0.0,0.0,citiz_alpes_loire
919,479.0,2.0,0.0,0.0,0.0,citiz_alpes_loire
920,479.0,2.0,0.0,0.0,0.0,citiz_alpes_loire
921,479.0,2.0,0.0,0.0,0.0,citiz_alpes_loire
922,479.0,2.0,0.0,0.0,0.0,citiz_alpes_loire
923,479.0,2.0,0.0,1.0,1.0,citiz_alpes_loire
933,479.0,2.0,0.0,0.0,0.0,citiz_alpes_loire
934,479.0,2.0,0.0,0.0,0.0,citiz_alpes_loire
935,479.0,4.0,0.0,0.0,0.0,citiz_alpes_loire
936,479.0,2.0,0.0,0.0,0.0,citiz_alpes_loire
937,479.0,2.0,0.0,0.0,0.0,citiz_alpes_loire
939,479.0,2.0,0.0,0.0,0.0,citiz_alpes_loire
940,479.0,2.0,0.0,0.0,0.0,citiz_alpes_loire
941,479.0,2.0,0.0,0.0,0.0,citiz_alpes_loire
942,479.0,2.0,0.0,0.0,0.0,citiz_alpes_loire
943,479.0,2.0,0.0,0.0,0.0,citiz_alpes_loire
944,479.0,3.0,0.0,0.0,0.0,citiz_alpes_loire
945,479.0,2.0,0.0,0.0,0.0,citiz_alpes_loire
946,479.0,2.0,0.0,0.0,0.0,citiz_alpes_loire
947,479.0,2.0,0.0,0.0,0.0,citiz_alpes_loire
954,479.0,3.0,0.0,0.0,0.0,citiz_alpes_loire
965,479.0,2.0,0.0,0.0,0.0,citiz_alpes_loire
966,479.0,2.0,0.0,0.0,0.0,citiz_alpes_loire
967,479.0,2.0,0.0,0.0,0.0,citiz_alpes_loire
968,479.0,2.0,0.0,0.0,0.0,citiz_alpes_loire
969,479.0,2.0,0.0,1.0,1.0,citiz_alpes_loire
970,479.0,2.0,0.0,0.0,0.0,citiz_alpes_loire
972,479.0,2.0,0.0,0.0,0.0,citiz_alpes_loire
974,479.0,2.0,0.0,0.0,0.0,citiz_alpes_loire
975,479.0,2.0,0.0,0.0,0.0,citiz_alpes_loire
976,479.0,2.0,0.0,0.0,0.0,citiz_alpes_loire
977,479.0,3.0,0.0,0.0,0.0,citiz_alpes_loire
978,479.0,1.0,0.0,0.0,0.0,citiz_alpes_loire
979,479.0,2.0,0.0,0.0,0.0,citiz_alpes_loire
980,479.0,5.0,0.0,0.0,0.0,citiz_alpes_loire
981,479.0,3.0,0.0,1.0,1.0,citiz_alpes_loire
982,479.0,2.0,0.0,1.0,1.0,citiz_alpes_loire
983,479.0,2.0,0.0,1.0,1.0,citiz_alpes_loire
984,479.0,2.0,0.0,0.0,0.0,citiz_alpes_loire
985,479.0,1.0,0.0,0.0,0.0,citiz_alpes_loire
987,479.0,2.0,0.0,0.0,0.0,citiz_alpes_loire
988,479.0,2.0,0.0,0.0,0.0,citiz_alpes_loire
989,479.0,2.0,0.0,0.0,0.0,citiz_alpes_loire
990,479.0,2.0,0.0,0.0,0.0,citiz_alpes_loire
991,479.0,1.0,0.0,0.0,0.0,citiz_alpes_loire
992,479.0,2.0,0.0,0.0,0.0,citiz_alpes_loire
993,479.0,1.0,0.0,0.0,0.0,citiz_alpes_loire
994,479.0,2.0,0.0,0.0,0.0,citiz_alpes_loire
995,479.0,20.0,0.0,0.0,0.0,citiz_alpes_loire
996,479.0,2.0,0.0,0.0,0.0,citiz_alpes_loire
997,479.0,2.0,0.0,0.0,0.0,citiz_alpes_loire
998,479.0,2.0,0.0,0.0,0.0,citiz_alpes_loire
999,479.0,3.0,0.0,0.0,0.0,citiz_alpes_loire
1185,479.0,1.0,0.0,0.0,0.0,citiz_angers
1186,479.0,4.0,0.0,0.0,0.0,citiz_angers
1545,479.0,2.0,0.0,0.0,0.0,citiz_angers
1546,479.0,1.0,0.0,0.0,0.0,citiz_angers
1724,479.0,1.0,0.0,0.0,0.0,citiz_angers
1750,479.0,1.0,0.0,0.0,0.0,citiz_angers
1751,479.0,1.0,0.0,0.0,0.0,citiz_angers
273,479.0,18.0,0.0,0.0,0.0,citiz_angers
274,479.0,18.0,0.0,0.0,0.0,citiz_angers
275,479.0,17.0,0.0,0.0,0.0,citiz_angers
276,479.0,18.0,0.0,0.0,0.0,citiz_angers
278,479.0,18.0,0.0,0.0,0.0,citiz_angers
279,479.0,18.0,0.0,0.0,0.0,citiz_angers
280,479.0,18.0,0.0,0.0,0.0,citiz_angers
281,479.0,18.0,0.0,0.0,0.0,citiz_angers
282,479.0,18.0,0.0,0.0,0.0,citiz_angers
283,479.0,20.0,0.0,0.0,0.0,citiz_angers
284,479.0,15.0,0.0,0.0,0.0,citiz_angers
285,479.0,18.0,0.0,1.0,1.0,citiz_angers
286,479.0,13.0,0.0,0.0,0.0,citiz_angers
287,479.0,30.0,0.0,0.0,0.0,citiz_angers
288,479.0,36.0,0.0,0.0,0.0,citiz_angers
289,479.0,13.0,0.0,0.0,0.0,citiz_angers
520,479.0,4.0,0.0,0.0,0.0,citiz_angers
521,479.0,2.0,0.0,0.0,0.0,citiz_angers
522,479.0,2.0,0.0,0.0,0.0,citiz_angers
1,479.0,,,,,citiz_bfc
10,479.0,20.0,0.0,0.0,0.0,citiz_bfc
11,479.0,,,,,citiz_bfc
12,479.0,,,,,citiz_bfc
13,479.0,,,,,citiz_bfc
14,479.0,,,,,citiz_bfc
15,479.0,,,,,citiz_bfc
1538,479.0,2.0,0.0,0.0,0.0,citiz_bfc
1539,479.0,1.0,0.0,0.0,0.0,citiz_bfc
1540,479.0,2.0,0.0,0.0,0.0,citiz_bfc
1541,479.0,1.0,0.0,0.0,0.0,citiz_bfc
16,479.0,,,,,citiz_bfc
1611,479.0,2.0,0.0,0.0,0.0,citiz_bfc
1652,479.0,1.0,0.0,0.0,0.0,citiz_bfc
1685,479.0,1.0,0.0,0.0,0.0,citiz_bfc
17,479.0,,,,,citiz_bfc
1733,479.0,2.0,0.0,1.0,1.0,citiz_bfc
18,479.0,,,,,citiz_bfc
19,479.0,,,,,citiz_bfc
2,479.0,,,,,citiz_bfc
21,479.0,,,,,citiz_bfc
22,479.0,,,,,citiz_bfc
23,479.0,,,,,citiz_bfc
24,479.0,,,,,citiz_bfc
25,479.0,,,,,citiz_bfc
26,479.0,,,,,citiz_bfc
27,479.0,,,,,citiz_bfc
28,479.0,,,,,citiz_bfc
29,479.0,,,,,citiz_bfc
3,479.0,,,,,citiz_bfc
30,479.0,,,,,citiz_bfc
31,479.0,,,,,citiz_bfc
32,479.0,,,,,citiz_bfc
33,479.0,,,,,citiz_bfc
34,479.0,,,,,citiz_bfc
35,479.0,,,,,citiz_bfc
36,479.0,,,,,citiz_bfc
37,479.0,,,,,citiz_bfc
38,479.0,,,,,citiz_bfc
39,479.0,,,,,citiz_bfc
4,479.0,,,,,citiz_bfc
40,479.0,,,,,citiz_bfc
41,479.0,,,,,citiz_bfc
42,479.0,,,,,citiz_bfc
5,479.0,,,,,citiz_bfc
509,479.0,2.0,0.0,0.0,0.0,citiz_bfc
540,479.0,1.0,0.0,0.0,0.0,citiz_bfc
6,479.0,,,,,citiz_bfc
62,479.0,,,,,citiz_bfc
63,479.0,,,,,citiz_bfc
64,479.0,,,,,citiz_bfc
65,479.0,,,,,citiz_bfc
7,479.0,,,,,citiz_bfc
8,479.0,,,,,citiz_bfc
9,479.0,,,,,citiz_bfc
100,479.0,,,,,citiz_grand_est
101,479.0,,,,,citiz_grand_est
102,479.0,,,,,citiz_grand_est
103,479.0,,,,,citiz_grand_est
104,479.0,,,,,citiz_grand_est
105,479.0,,,,,citiz_grand_est
106,479.0,,,,,citiz_grand_est
107,479.0,,,,,citiz_grand_est
108,479.0,,,,,citiz_grand_est
109,479.0,,,,,citiz_grand_est
1096,479.0,1.0,0.0,0.0,0.0,citiz_grand_est
1097,479.0,1.0,0.0,0.0,0.0,citiz_grand_est
1099,479.0,2.0,0.0,0.0,0.0,citiz_grand_est
110,479.0,,,,,citiz_grand_est
1107,479.0,2.0,0.0,0.0,0.0,citiz_grand_est
112,479.0,,,,,citiz_grand_est
113,479.0,,,,,citiz_grand_est
114,479.0,,,,,citiz_grand_est
115,479.0,,,,,citiz_grand_est
116,479.0,,,,,citiz_grand_est
117,479.0,,,,,citiz_grand_est
118,479.0,,,,,citiz_grand_est
1188,479.0,2.0,0.0,0.0,0.0,citiz_grand_est
119,479.0,,,,,citiz_grand_est
120,479.0,,,,,citiz_grand_est
121,479.0,,,,,citiz_grand_est
122,479.0,,,,,citiz_grand_est
1224,479.0,1.0,0.0,0.0,0.0,citiz_grand_est
1226,479.0,2.0,0.0,0.0,0.0,citiz_grand_est
1227,479.0,1.0,0.0,0.0,0.0,citiz_grand_est
1228,479.0,1.0,0.0,0.0,0.0,citiz_grand_est
1229,479.0,2.0,0.0,0.0,0.0,citiz_grand_est
123,479.0,,,,,citiz_grand_est
1230,479.0,2.0,0.0,0.0,0.0,citiz_grand_est
1231,479.0,1.0,0.0,0.0,0.0,citiz_grand_est
1232,479.0,1.0,0.0,0.0,0.0,citiz_grand_est
1233,479.0,4.0,0.0,1.0,1.0,citiz_grand_est
1234,479.0,1.0,0.0,0.0,0.0,citiz_grand_est
1235,479.0,1.0,0.0,0.0,0.0,citiz_grand_est
1236,479.0,2.0,0.0,0.0,0.0,citiz_grand_est
1237,479.0,1.0,0.0,0.0,0.0,citiz_grand_est
1238,479.0,1.0,0.0,0.0,0.0,citiz_grand_est
1239,479.0,1.0,0.0,0.0,0.0,citiz_grand_est
124,479.0,,,,,citiz_grand_est
1240,479.0,2.0,0.0,0.0,0.0,citiz_grand_est
1241,479.0,2.0,0.0,0.0,0.0,citiz_grand_est
1242,479.0,1.0,0.0,0.0,0.0,citiz_grand_est
1243,479.0,2.0,0.0,0.0,0.0,citiz_grand_est
125,479.0,25.0,0.0,0.0,0.0,citiz_grand_est
126,479.0,22.0,0.0,0.0,0.0,citiz_grand_est
1264,479.0,1.0,0.0,0.0,0.0,citiz_grand_est
1265,479.0,1.0,0.0,0.0,0.0,citiz_grand_est
127,479.0,15.0,0.0,0.0,0.0,citiz_grand_est
129,479.0,,,,,citiz_grand_est
130,479.0,,,,,citiz_grand_est
131,479.0,,,,,citiz_grand_est
132,479.0,,,,,citiz_grand_est
133,479.0,,,,,citiz_grand_est
134,479.0,,,,,citiz_grand_est
135,479.0,,,,,citiz_grand_est
136,479.0,,,,,citiz_grand_est
137,479.0,,,,,citiz_grand_est
138,479.0,,,,,citiz_grand_est
139,479.0,25.0,0.0,0.0,0.0,citiz_grand_est
140,479.0,29.0,0.0,0.0,0.0,citiz_grand_est
141,479.0,18.0,0.0,0.0,0.0,citiz_grand_est
142,479.0,20.0,0.0,0.0,0.0,citiz_grand_est
143,479.0,20.0,0.0,0.0,0.0,citiz_grand_est
144,479.0,22.0,0.0,0.0,0.0,citiz_grand_est
145,479.0,20.0,0.0,0.0,0.0,citiz_grand_est
146,479.0,20.0,0.0,0.0,0.0,citiz_grand_est
147,479.0,19.0,0.0,0.0,0.0,citiz_grand_est
148,479.0,19.0,0.0,0.0,0.0,citiz_grand_est
149,479.0,22.0,0.0,0.0,0.0,citiz_grand_est
150,479.0,18.0,0.0,0.0,0.0,citiz_grand_est
151,479.0,24.0,0.0,0.0,0.0,citiz_grand_est
152,479.0,20.0,0.0,0.0,0.0,citiz_grand_est
153,479.0,18.0,0.0,0.0,0.0,citiz_grand_est
154,479.0,19.0,0.0,0.0,0.0,citiz_grand_est
155,479.0,20.0,0.0,0.0,0.0,citiz_grand_est
1557,479.0,3.0,0.0,0.0,0.0,citiz_grand_est
156,479.0,18.0,0.0,0.0,0.0,citiz_grand_est
157,479.0,19.0,0.0,0.0,0.0,citiz_grand_est
158,479.0,20.0,0.0,0.0,0.0,citiz_grand_est
159,479.0,20.0,0.0,0.0,0.0,citiz_grand_est
160,479.0,17.0,0.0,0.0,0.0,citiz_grand_est
161,479.0,15.0,0.0,0.0,0.0,citiz_grand_est
162,479.0,17.0,0.0,0.0,0.0,citiz_grand_est
163,479.0,20.0,0.0,0.0,0.0,citiz_grand_est
164,479.0,20.0,0.0,0.0,0.0,citiz_grand_est
1648,479.0,1.0,0.0,0.0,0.0,citiz_grand_est
165,479.0,15.0,0.0,0.0,0.0,citiz_grand_est
166,479.0,20.0,0.0,0.0,0.0,citiz_grand_est
167,479.0,18.0,0.0,0.0,0.0,citiz_grand_est
1676,479.0,1.0,0.0,1.0,1.0,citiz_grand_est
168,479.0,20.0,0.0,0.0,0.0,citiz_grand_est
170,479.0,17.0,0.0,0.0,0.0,citiz_grand_est
171,479.0,17.0,0.0,0.0,0.0,citiz_grand_est
1714,479.0,2.0,0.0,0.0,0.0,citiz_grand_est
172,479.0,20.0,0.0,0.0,0.0,citiz_grand_est
173,479.0,19.0,0.0,0.0,0.0,citiz_grand_est
1734,479.0,1.0,0.0,0.0,0.0,citiz_grand_est
1735,479.0,2.0,0.0,0.0,0.0,citiz_grand_est
1736,479.0,1.0,0.0,0.0,0.0,citiz_grand_est
1737,479.0,1.0,0.0,0.0,0.0,citiz_grand_est
1738,479.0,2.0,0.0,0.0,0.0,citiz_grand_est
1739,479.0,2.0,0.0,0.0,0.0,citiz_grand_est
174,479.0,19.0,0.0,0.0,0.0,citiz_grand_est
1740,479.0,1.0,0.0,0.0,0.0,citiz_grand_est
1741,479.0,1.0,1.0,0.0,0.0,citiz_grand_est
1742,479.0,1.0,0.0,0.0,0.0,citiz_grand_est
1743,479.0,1.0,0.0,0.0,0.0,citiz_grand_est
1744,479.0,2.0,0.0,0.0,0.0,citiz_grand_est
1745,479.0,1.0,0.0,0.0,0.0,citiz_grand_est
175,479.0,30.0,0.0,0.0,0.0,citiz_grand_est
1752,479.0,1.0,0.0,0.0,0.0,citiz_grand_est
1753,479.0,1.0,0.0,0.0,0.0,citiz_grand_est
1754,479.0,1.0,0.0,0.0,0.0,citiz_grand_est
1755,479.0,1.0,0.0,0.0,0.0,citiz_grand_est
1756,479.0,1.0,0.0,0.0,0.0,citiz_grand_est
1757,479.0,1.0,0.0,1.0,1.0,citiz_grand_est
1758,479.0,1.0,0.0,0.0,0.0,citiz_grand_est
1759,479.0,1.0,0.0,0.0,0.0,citiz_grand_est
176,479.0,18.0,0.0,0.0,0.0,citiz_grand_est
1760,479.0,2.0,0.0,0.0,0.0,citiz_grand_est
1761,479.0,1.0,0.0,0.0,0.0,citiz_grand_est
1762,479.0,1.0,0.0,0.0,0.0,citiz_grand_est
1764,479.0,1.0,0.0,0.0,0.0,citiz_grand_est
1765,479.0,1.0,0.0,0.0,0.0,citiz_grand_est
1766,479.0,1.0,0.0,1.0,1.0,citiz_grand_est
1767,479.0,1.0,0.0,0.0,0.0,citiz_grand_est
177,479.0,20.0,0.0,0.0,0.0,citiz_grand_est
178,479.0,20.0,0.0,0.0,0.0,citiz_grand_est
1788,479.0,1.0,0.0,1.0,1.0,citiz_grand_est
1789,479.0,1.0,0.0,1.0,1.0,citiz_grand_est
179,479.0,17.0,0.0,0.0,0.0,citiz_grand_est
1790,479.0,1.0,0.0,1.0,1.0,citiz_grand_est
1791,479.0,1.0,0.0,1.0,1.0,citiz_grand_est
1792,479.0,1.0,0.0,1.0,1.0,citiz_grand_est
1793,479.0,1.0,0.0,1.0,1.0,citiz_grand_est
1794,479.0,1.0,0.0,1.0,1.0,citiz_grand_est
1798,479.0,1.0,0.0,1.0,1.0,citiz_grand_est
180,479.0,18.0,0.0,0.0,0.0,citiz_grand_est
181,479.0,17.0,0.0,0.0,0.0,citiz_grand_est
182,479.0,20.0,0.0,0.0,0.0,citiz_grand_est
1825,479.0,1.0,0.0,1.0,1.0,citiz_grand_est
1827,479.0,1.0,0.0,1.0,1.0,citiz_grand_est
1828,479.0,1.0,0.0,1.0,1.0,citiz_grand_est
1829,479.0,1.0,0.0,1.0,1.0,citiz_grand_est
183,479.0,18.0,0.0,0.0,0.0,citiz_grand_est
184,479.0,20.0,0.0,0.0,0.0,citiz_grand_est
185,479.0,15.0,0.0,0.0,0.0,citiz_grand_est
186,479.0,18.0,0.0,0.0,0.0,citiz_grand_est
187,479.0,17.0,0.0,0.0,0.0,citiz_grand_est
188,479.0,20.0,0.0,0.0,0.0,citiz_grand_est
189,479.0,19.0,0.0,0.0,0.0,citiz_grand_est
190,479.0,20.0,0.0,0.0,0.0,citiz_grand_est
191,479.0,18.0,0.0,0.0,0.0,citiz_grand_est
192,479.0,20.0,0.0,0.0,0.0,citiz_grand_est
193,479.0,20.0,0.0,0.0,0.0,citiz_grand_est
194,479.0,20.0,0.0,0.0,0.0,citiz_grand_est
195,479.0,18.0,0.0,0.0,0.0,citiz_grand_est
196,479.0,20.0,0.0,1.0,1.0,citiz_grand_est
197,479.0,20.0,0.0,0.0,0.0,citiz_grand_est
199,479.0,22.0,0.0,0.0,0.0,citiz_grand_est
200,479.0,16.0,0.0,0.0,0.0,citiz_grand_est
201,479.0,18.0,0.0,0.0,0.0,citiz_grand_est
202,479.0,17.0,0.0,0.0,0.0,citiz_grand_est
203,479.0,20.0,0.0,0.0,0.0,citiz_grand_est
204,479.0,18.0,0.0,0.0,0.0,citiz_grand_est
205,479.0,18.0,0.0,0.0,0.0,citiz_grand_est
206,479.0,18.0,0.0,0.0,0.0,citiz_grand_est
208,479.0,18.0,0.0,0.0,0.0,citiz_grand_est
209,479.0,18.0,0.0,0.0,0.0,citiz_grand_est
211,479.0,18.0,0.0,0.0,0.0,citiz_grand_est
212,479.0,17.0,0.0,0.0,0.0,citiz_grand_est
214,479.0,17.0,0.0,0.0,0.0,citiz_grand_est
215,479.0,20.0,0.0,0.0,0.0,citiz_grand_est
216,479.0,17.0,0.0,0.0,0.0,citiz_grand_est
220,479.0,19.0,0.0,0.0,0.0,citiz_grand_est
223,479.0,22.0,0.0,0.0,0.0,citiz_grand_est
225,479.0,20.0,0.0,0.0,0.0,citiz_grand_est
226,479.0,17.0,0.0,0.0,0.0,citiz_grand_est
227,479.0,32.0,0.0,0.0,0.0,citiz_grand_est
228,479.0,18.0,0.0,0.0,0.0,citiz_grand_est
229,479.0,18.0,0.0,0.0,0.0,citiz_grand_est
230,479.0,20.0,0.0,0.0,0.0,citiz_grand_est
232,479.0,15.0,0.0,0.0,0.0,citiz_grand_est
237,479.0,20.0,0.0,0.0,0.0,citiz_grand_est
238,479.0,17.0,0.0,0.0,0.0,citiz_grand_est
239,479.0,25.0,0.0,0.0,0.0,citiz_grand_est
240,479.0,18.0,0.0,0.0,0.0,citiz_grand_est
241,479.0,20.0,0.0,0.0,0.0,citiz_grand_est
242,479.0,16.0,0.0,0.0,0.0,citiz_grand_est
245,479.0,19.0,0.0,0.0,0.0,citiz_grand_est
246,479.0,20.0,0.0,0.0,0.0,citiz_grand_est
247,479.0,17.0,0.0,0.0,0.0,citiz_grand_est
248,479.0,20.0,0.0,0.0,0.0,citiz_grand_est
249,479.0,18.0,0.0,0.0,0.0,citiz_grand_est
251,479.0,13.0,0.0,0.0,0.0,citiz_grand_est
253,479.0,20.0,0.0,0.0,0.0,citiz_grand_est
259,479.0,20.0,0.0,0.0,0.0,citiz_grand_est
260,479.0,18.0,0.0,0.0,0.0,citiz_grand_est
261,479.0,18.0,0.0,0.0,0.0,citiz_grand_est
262,479.0,18.0,0.0,0.0,0.0,citiz_grand_est
264,479.0,2.0,0.0,0.0,0.0,citiz_grand_est
265,479.0,18.0,0.0,0.0,0.0,citiz_grand_est
266,479.0,20.0,0.0,0.0,0.0,citiz_grand_est
267,479.0,16.0,0.0,0.0,0.0,citiz_grand_est
268,479.0,22.0,0.0,0.0,0.0,citiz_grand_est
269,479.0,18.0,0.0,0.0,0.0,citiz_grand_est
270,479.0,16.0,0.0,0.0,0.0,citiz_grand_est
271,479.0,20.0,0.0,0.0,0.0,citiz_grand_est
345,479.0,13.0,0.0,0.0,0.0,citiz_grand_est
346,479.0,13.0,0.0,0.0,0.0,citiz_grand_est
347,479.0,13.0,0.0,0.0,0.0,citiz_grand_est
348,479.0,13.0,0.0,0.0,0.0,citiz_grand_est
353,479.0,13.0,0.0,0.0,0.0,citiz_grand_est
510,479.0,1.0,0.0,0.0,0.0,citiz_grand_est
511,479.0,2.0,0.0,0.0,0.0,citiz_grand_est
513,479.0,1.0,0.0,0.0,0.0,citiz_grand_est
523,479.0,2.0,0.0,0.0,0.0,citiz_grand_est
527,479.0,2.0,0.0,0.0,0.0,citiz_grand_est
528,479.0,1.0,0.0,0.0,0.0,citiz_grand_est
529,479.0,2.0,0.0,0.0,0.0,citiz_grand_est
530,479.0,3.0,0.0,0.0,0.0,citiz_grand_est
531,479.0,2.0,0.0,0.0,0.0,citiz_grand_est
532,479.0,1.0,0.0,0.0,0.0,citiz_grand_est
533,479.0,2.0,0.0,0.0,0.0,citiz_grand_est
534,479.0,2.0,0.0,0.0,0.0,citiz_grand_est
535,479.0,1.0,0.0,0.0,0.0,citiz_grand_est
536,479.0,2.0,0.0,0.0,0.0,citiz_grand_est
537,479.0,2.0,0.0,0.0,0.0,citiz_grand_est
538,479.0,2.0,0.0,0.0,0.0,citiz_grand_est
539,479.0,10.0,0.0,0.0,0.0,citiz_grand_est
544,479.0,,,,,citiz_grand_est
598,479.0,5.0,0.0,0.0,0.0,citiz_grand_est
599,479.0,10.0,0.0,0.0,0.0,citiz_grand_est
600,479.0,3.0,0.0,0.0,0.0,citiz_grand_est
66,479.0,,,,,citiz_grand_est
67,479.0,,,,,citiz_grand_est
68,479.0,,,,,citiz_grand_est
69,479.0,,,,,citiz_grand_est
70,479.0,,,,,citiz_grand_est
71,479.0,,,,,citiz_grand_est
72,479.0,,,,,citiz_grand_est
73,479.0,,,,,citiz_grand_est
74,479.0,,,,,citiz_grand_est
75,479.0,,,,,citiz_grand_est
76,479.0,,,,,citiz_grand_est
77,479.0,,,,,citiz_grand_est
78,479.0,,,,,citiz_grand_est
79,479.0,,,,,citiz_grand_est
80,479.0,,,,,citiz_grand_est
81,479.0,33.0,0.0,0.0,0.0,citiz_grand_est
82,479.0,,,,,citiz_grand_est
83,479.0,,,,,citiz_grand_est
84,479.0,24.0,0.0,0.0,0.0,citiz_grand_est
85,479.0,,,,,citiz_grand_est
86,479.0,,,,,citiz_grand_est
87,479.0,,,,,citiz_grand_est
88,479.0,,,,,citiz_grand_est
89,479.0,22.0,0.0,0.0,0.0,citiz_grand_est
91,479.0,,,,,citiz_grand_est
92,479.0,,,,,citiz_grand_est
93,479.0,,,,,citiz_grand_est
94,479.0,,,,,citiz_grand_est
95,479.0,,,,,citiz_grand_est
96,479.0,,,,,citiz_grand_est
97,479.0,,,,,citiz_grand_est
98,479.0,,,,,citiz_grand_est
99,479.0,16.0,0.0,0.0,0.0,citiz_grand_est
1483,479.0,1.0,0.0,0.0,0.0,citiz_grand_poitiers
1484,479.0,1.0,0.0,0.0,0.0,citiz_grand_poitiers
1485,479.0,3.0,0.0,0.0,0.0,citiz_grand_poitiers
1486,479.0,2.0,0.0,0.0,0.0,citiz_grand_poitiers
1487,479.0,1.0,0.0,0.0,0.0,citiz_grand_poitiers
1488,479.0,1.0,0.0,0.0,0.0,citiz_grand_poitiers
1489,479.0,1.0,0.0,0.0,0.0,citiz_grand_poitiers
1490,479.0,1.0,0.0,0.0,0.0,citiz_grand_poitiers
1491,479.0,2.0,0.0,0.0,0.0,citiz_grand_poitiers
1492,479.0,2.0,0.0,0.0,0.0,citiz_grand_poitiers
1493,479.0,1.0,0.0,0.0,0.0,citiz_grand_poitiers
1494,479.0,1.0,0.0,0.0,0.0,citiz_grand_poitiers
1495,479.0,2.0,0.0,0.0,0.0,citiz_grand_poitiers
1782,479.0,1.0,0.0,0.0,0.0,citiz_grand_poitiers
1811,479.0,1.0,0.0,1.0,1.0,citiz_grand_poitiers
547,479.0,2.0,0.0,0.0,0.0,citiz_grand_poitiers
548,479.0,3.0,0.0,0.0,0.0,citiz_grand_poitiers
549,479.0,1.0,0.0,0.0,0.0,citiz_grand_poitiers
550,479.0,2.0,0.0,0.0,0.0,citiz_grand_poitiers
551,479.0,2.0,0.0,0.0,0.0,citiz_grand_poitiers
552,479.0,2.0,0.0,0.0,0.0,citiz_grand_poitiers
553,479.0,2.0,0.0,0.0,0.0,citiz_grand_poitiers
1503,479.0,2.0,0.0,0.0,0.0,citiz_la_rochelle
1504,479.0,2.0,0.0,0.0,0.0,citiz_la_rochelle
1505,479.0,2.0,0.0,0.0,0.0,citiz_la_rochelle
1506,479.0,2.0,1.0,0.0,0.0,citiz_la_rochelle
1507,479.0,2.0,0.0,0.0,0.0,citiz_la_rochelle
1508,479.0,2.0,0.0,0.0,0.0,citiz_la_rochelle
1509,479.0,2.0,0.0,0.0,0.0,citiz_la_rochelle
1510,479.0,2.0,0.0,0.0,0.0,citiz_la_rochelle
1511,479.0,2.0,0.0,0.0,0.0,citiz_la_rochelle
1512,479.0,2.0,0.0,0.0,0.0,citiz_la_rochelle
1513,479.0,2.0,0.0,0.0,0.0,citiz_la_rochelle
1514,479.0,2.0,0.0,0.0,0.0,citiz_la_rochelle
1515,479.0,2.0,0.0,0.0,0.0,citiz_la_rochelle
1516,479.0,2.0,0.0,0.0,0.0,citiz_la_rochelle
1517,479.0,2.0,0.0,0.0,0.0,citiz_la_rochelle
1518,479.0,2.0,0.0,0.0,0.0,citiz_la_rochelle
1519,479.0,2.0,0.0,0.0,0.0,citiz_la_rochelle
1520,479.0,2.0,0.0,0.0,0.0,citiz_la_rochelle
1521,479.0,2.0,0.0,0.0,0.0,citiz_la_rochelle
1523,479.0,2.0,0.0,1.0,1.0,citiz_la_rochelle
1524,479.0,2.0,0.0,1.0,1.0,citiz_la_rochelle
1525,479.0,2.0,0.0,1.0,1.0,citiz_la_rochelle
1526,479.0,2.0,0.0,1.0,1.0,citiz_la_rochelle
1642,479.0,1.0,0.0,0.0,0.0,citiz_la_rochelle
1269,479.0,2.0,0.0,0.0,0.0,citiz_occitanie
1270,479.0,2.0,0.0,0.0,0.0,citiz_occitanie
1271,479.0,2.0,0.0,0.0,0.0,citiz_occitanie
1273,479.0,2.0,0.0,0.0,0.0,citiz_occitanie
1274,479.0,2.0,0.0,0.0,0.0,citiz_occitanie
1275,479.0,2.0,0.0,0.0,0.0,citiz_occitanie
1276,479.0,2.0,0.0,0.0,0.0,citiz_occitanie
1277,479.0,2.0,0.0,0.0,0.0,citiz_occitanie
1278,479.0,2.0,0.0,0.0,0.0,citiz_occitanie
1279,479.0,2.0,0.0,0.0,0.0,citiz_occitanie
1280,479.0,1.0,0.0,0.0,0.0,citiz_occitanie
1281,479.0,2.0,0.0,0.0,0.0,citiz_occitanie
1282,479.0,1.0,0.0,0.0,0.0,citiz_occitanie
1283,479.0,1.0,0.0,0.0,0.0,citiz_occitanie
1284,479.0,1.0,0.0,0.0,0.0,citiz_occitanie
1285,479.0,3.0,0.0,0.0,0.0,citiz_occitanie
1286,479.0,2.0,0.0,0.0,0.0,citiz_occitanie
1287,479.0,2.0,0.0,0.0,0.0,citiz_occitanie
1288,479.0,2.0,0.0,0.0,0.0,citiz_occitanie
1289,479.0,2.0,0.0,0.0,0.0,citiz_occitanie
1290,479.0,2.0,0.0,0.0,0.0,citiz_occitanie
1291,479.0,2.0,0.0,0.0,0.0,citiz_occitanie
1293,479.0,2.0,0.0,0.0,0.0,citiz_occitanie
1294,479.0,1.0,0.0,0.0,0.0,citiz_occitanie
1297,479.0,2.0,0.0,0.0,0.0,citiz_occitanie
1298,479.0,2.0,0.0,0.0,0.0,citiz_occitanie
1299,479.0,1.0,0.0,0.0,0.0,citiz_occitanie
1300,479.0,2.0,0.0,0.0,0.0,citiz_occitanie
1301,479.0,2.0,0.0,0.0,0.0,citiz_occitanie
1302,479.0,2.0,0.0,0.0,0.0,citiz_occitanie
1303,479.0,2.0,0.0,0.0,0.0,citiz_occitanie
1304,479.0,2.0,0.0,0.0,0.0,citiz_occitanie
1305,479.0,1.0,0.0,0.0,0.0,citiz_occitanie
1306,479.0,1.0,0.0,0.0,0.0,citiz_occitanie
1307,479.0,2.0,0.0,0.0,0.0,citiz_occitanie
1308,479.0,2.0,0.0,0.0,0.0,citiz_occitanie
1310,479.0,2.0,0.0,0.0,0.0,citiz_occitanie
1311,479.0,2.0,0.0,0.0,0.0,citiz_occitanie
1313,479.0,1.0,0.0,0.0,0.0,citiz_occitanie
1314,479.0,1.0,0.0,0.0,0.0,citiz_occitanie
1315,479.0,2.0,0.0,0.0,0.0,citiz_occitanie
1316,479.0,2.0,0.0,0.0,0.0,citiz_occitanie
1317,479.0,2.0,0.0,0.0,0.0,citiz_occitanie
1318,479.0,2.0,0.0,0.0,0.0,citiz_occitanie
1319,479.0,2.0,0.0,0.0,0.0,citiz_occitanie
1320,479.0,2.0,0.0,0.0,0.0,citiz_occitanie
1321,479.0,2.0,0.0,0.0,0.0,citiz_occitanie
1322,479.0,1.0,0.0,0.0,0.0,citiz_occitanie
1323,479.0,2.0,0.0,0.0,0.0,citiz_occitanie
1324,479.0,2.0,0.0,0.0,0.0,citiz_occitanie
1325,479.0,1.0,0.0,0.0,0.0,citiz_occitanie
1327,479.0,2.0,0.0,0.0,0.0,citiz_occitanie
1328,479.0,1.0,0.0,0.0,0.0,citiz_occitanie
1329,479.0,2.0,0.0,0.0,0.0,citiz_occitanie
1330,479.0,1.0,0.0,0.0,0.0,citiz_occitanie
1331,479.0,2.0,0.0,0.0,0.0,citiz_occitanie
1332,479.0,2.0,0.0,0.0,0.0,citiz_occitanie
1333,479.0,,,,,citiz_occitanie
1334,479.0,2.0,0.0,0.0,0.0,citiz_occitanie
1335,479.0,2.0,0.0,0.0,0.0,citiz_occitanie
1336,479.0,1.0,0.0,0.0,0.0,citiz_occitanie
1337,479.0,2.0,0.0,0.0,0.0,citiz_occitanie
1338,479.0,2.0,0.0,0.0,0.0,citiz_occitanie
1339,479.0,1.0,0.0,0.0,0.0,citiz_occitanie
1340,479.0,2.0,0.0,0.0,0.0,citiz_occitanie
1342,479.0,1.0,0.0,0.0,0.0,citiz_occitanie
1343,479.0,2.0,0.0,0.0,0.0,citiz_occitanie
1344,479.0,2.0,0.0,0.0,0.0,citiz_occitanie
1345,479.0,2.0,0.0,0.0,0.0,citiz_occitanie
1346,479.0,2.0,0.0,0.0,0.0,citiz_occitanie
1348,479.0,2.0,0.0,0.0,0.0,citiz_occitanie
1349,479.0,1.0,0.0,0.0,0.0,citiz_occitanie
1350,479.0,2.0,0.0,0.0,0.0,citiz_occitanie
1351,479.0,2.0,0.0,0.0,0.0,citiz_occitanie
1352,479.0,2.0,0.0,0.0,0.0,citiz_occitanie
1353,479.0,3.0,0.0,0.0,0.0,citiz_occitanie
1354,479.0,2.0,0.0,0.0,0.0,citiz_occitanie
1355,479.0,2.0,0.0,0.0,0.0,citiz_occitanie
1356,479.0,1.0,0.0,0.0,0.0,citiz_occitanie
1357,479.0,2.0,0.0,0.0,0.0,citiz_occitanie
1358,479.0,1.0,0.0,0.0,0.0,citiz_occitanie
1359,479.0,2.0,0.0,0.0,0.0,citiz_occitanie
1360,479.0,2.0,0.0,0.0,0.0,citiz_occitanie
1362,479.0,1.0,0.0,0.0,0.0,citiz_occitanie
1363,479.0,1.0,0.0,0.0,0.0,citiz_occitanie
1364,479.0,2.0,0.0,0.0,0.0,citiz_occitanie
1365,479.0,3.0,0.0,0.0,0.0,citiz_occitanie
1366,479.0,2.0,0.0,0.0,0.0,citiz_occitanie
1367,479.0,2.0,0.0,0.0,0.0,citiz_occitanie
1368,479.0,3.0,0.0,0.0,0.0,citiz_occitanie
1369,479.0,2.0,0.0,0.0,0.0,citiz_occitanie
1370,479.0,2.0,0.0,0.0,0.0,citiz_occitanie
1371,479.0,2.0,0.0,0.0,0.0,citiz_occitanie
1372,479.0,2.0,0.0,0.0,0.0,citiz_occitanie
1373,479.0,2.0,0.0,0.0,0.0,citiz_occitanie
1374,479.0,2.0,0.0,0.0,0.0,citiz_occitanie
1375,479.0,2.0,0.0,0.0,0.0,citiz_occitanie
1532,479.0,2.0,0.0,0.0,0.0,citiz_occitanie
1537,479.0,2.0,0.0,0.0,0.0,citiz_occitanie
1555,479.0,2.0,0.0,0.0,0.0,citiz_occitanie
1613,479.0,2.0,0.0,0.0,0.0,citiz_occitanie
1662,479.0,2.0,0.0,0.0,0.0,citiz_occitanie
1664,479.0,2.0,0.0,0.0,0.0,citiz_occitanie
1665,479.0,2.0,0.0,0.0,0.0,citiz_occitanie
1666,479.0,2.0,0.0,0.0,0.0,citiz_occitanie
1667,479.0,3.0,0.0,0.0,0.0,citiz_occitanie
1668,479.0,2.0,0.0,0.0,0.0,citiz_occitanie
1726,479.0,2.0,0.0,0.0,0.0,citiz_occitanie
1727,479.0,2.0,0.0,0.0,0.0,citiz_occitanie
1728,479.0,2.0,0.0,0.0,0.0,citiz_occitanie
1729,479.0,2.0,0.0,0.0,0.0,citiz_occitanie
1731,479.0,1.0,0.0,0.0,0.0,citiz_occitanie
1746,479.0,1.0,0.0,0.0,0.0,citiz_occitanie
1768,479.0,1.0,0.0,0.0,0.0,citiz_occitanie
1771,479.0,2.0,0.0,0.0,0.0,citiz_occitanie
1772,479.0,2.0,0.0,0.0,0.0,citiz_occitanie
1779,479.0,2.0,0.0,0.0,0.0,citiz_occitanie
1780,479.0,2.0,0.0,0.0,0.0,citiz_occitanie
1799,479.0,2.0,0.0,0.0,0.0,citiz_occitanie
1800,479.0,2.0,0.0,0.0,0.0,citiz_occitanie
1801,479.0,2.0,0.0,0.0,0.0,citiz_occitanie
1802,479.0,1.0,0.0,0.0,0.0,citiz_occitanie
1806,479.0,2.0,0.0,0.0,0.0,citiz_occitanie
1807,479.0,2.0,0.0,0.0,0.0,citiz_occitanie
1808,479.0,2.0,0.0,0.0,0.0,citiz_occitanie
1809,479.0,2.0,0.0,0.0,0.0,citiz_occitanie
1812,479.0,2.0,0.0,0.0,0.0,citiz_occitanie
1816,479.0,1.0,0.0,0.0,0.0,citiz_occitanie
1561,479.0,3.0,0.0,0.0,0.0,citiz_rennes_metropole
1562,479.0,3.0,0.0,0.0,0.0,citiz_rennes_metropole
1563,479.0,3.0,0.0,0.0,0.0,citiz_rennes_metropole
1564,479.0,2.0,0.0,0.0,0.0,citiz_rennes_metropole
1565,479.0,1.0,0.0,0.0,0.0,citiz_rennes_metropole
1566,479.0,2.0,0.0,0.0,0.0,citiz_rennes_metropole
1567,479.0,5.0,0.0,0.0,0.0,citiz_rennes_metropole
1568,479.0,2.0,0.0,0.0,0.0,citiz_rennes_metropole
1569,479.0,4.0,0.0,0.0,0.0,citiz_rennes_metropole
1570,479.0,4.0,0.0,0.0,0.0,citiz_rennes_metropole
1571,479.0,2.0,0.0,0.0,0.0,citiz_rennes_metropole
1572,479.0,5.0,0.0,0.0,0.0,citiz_rennes_metropole
1573,479.0,3.0,0.0,0.0,0.0,citiz_rennes_metropole
1574,479.0,9.0,0.0,0.0,0.0,citiz_rennes_metropole
1575,479.0,3.0,0.0,0.0,0.0,citiz_rennes_metropole
1576,479.0,3.0,0.0,0.0,0.0,citiz_rennes_metropole
1577,479.0,5.0,0.0,0.0,0.0,citiz_rennes_metropole
1578,479.0,4.0,0.0,0.0,0.0,citiz_rennes_metropole
1579,479.0,3.0,0.0,0.0,0.0,citiz_rennes_metropole
1580,479.0,2.0,0.0,0.0,0.0,citiz_rennes_metropole
1581,479.0,4.0,0.0,0.0,0.0,citiz_rennes_metropole
1582,479.0,1.0,0.0,1.0,1.0,citiz_rennes_metropole
1583,479.0,2.0,0.0,0.0,0.0,citiz_rennes_metropole
1584,479.0,2.0,0.0,0.0,0.0,citiz_rennes_metropole
1585,479.0,4.0,0.0,0.0,0.0,citiz_rennes_metropole
1587,479.0,2.0,0.0,0.0,0.0,citiz_rennes_metropole
1588,479.0,1.0,0.0,0.0,0.0,citiz_rennes_metropole
1589,479.0,2.0,0.0,0.0,0.0,citiz_rennes_metropole
1590,479.0,2.0,0.0,0.0,0.0,citiz_rennes_metropole
1591,479.0,4.0,0.0,0.0,0.0,citiz_rennes_metropole
1592,479.0,4.0,0.0,0.0,0.0,citiz_rennes_metropole
1594,479.0,2.0,0.0,0.0,0.0,citiz_rennes_metropole
1595,479.0,2.0,0.0,0.0,0.0,citiz_rennes_metropole
1596,479.0,2.0,0.0,0.0,0.0,citiz_rennes_metropole
1597,479.0,4.0,0.0,0.0,0.0,citiz_rennes_metropole
1598,479.0,2.0,0.0,0.0,0.0,citiz_rennes_metropole
1599,479.0,2.0,0.0,0.0,0.0,citiz_rennes_metropole
1600,479.0,2.0,0.0,0.0,0.0,citiz_rennes_metropole
1601,479.0,2.0,0.0,0.0,0.0,citiz_rennes_metropole
1602,479.0,2.0,0.0,0.0,0.0,citiz_rennes_metropole
1603,479.0,2.0,0.0,0.0,0.0,citiz_rennes_metropole
1604,479.0,2.0,0.0,0.0,0.0,citiz_rennes_metropole
1605,479.0,2.0,0.0,0.0,0.0,citiz_rennes_metropole
1606,479.0,2.0,0.0,0.0,0.0,citiz_rennes_metropole
1607,479.0,2.0,0.0,0.0,0.0,citiz_rennes_metropole
1608,479.0,2.0,0.0,0.0,0.0,citiz_rennes_metropole
1609,479.0,2.0,0.0,0.0,0.0,citiz_rennes_metropole
1610,479.0,2.0,0.0,0.0,0.0,citiz_rennes_metropole
1646,479.0,2.0,0.0,0.0,0.0,citiz_rennes_metropole
1653,479.0,1.0,0.0,0.0,0.0,citiz_rennes_metropole
1683,479.0,2.0,0.0,0.0,0.0,citiz_rennes_metropole
1748,479.0,2.0,0.0,0.0,0.0,citiz_rennes_metropole
1749,479.0,2.0,0.0,0.0,0.0,citiz_rennes_metropole
1805,479.0,2.0,0.0,0.0,0.0,citiz_rennes_metropole
10,479.0,20.0,0.0,1.0,0.0,CVelo_FR_Clermont-Ferrand
11,479.0,,,,,CVelo_FR_Clermont-Ferrand
12,479.0,,,,,CVelo_FR_Clermont-Ferrand
13,479.0,,,,,CVelo_FR_Clermont-Ferrand
14,479.0,,,,,CVelo_FR_Clermont-Ferrand
15,479.0,,,,,CVelo_FR_Clermont-Ferrand
16,479.0,,,,,CVelo_FR_Clermont-Ferrand
17,479.0,,,,,CVelo_FR_Clermont-Ferrand
18,479.0,,,,,CVelo_FR_Clermont-Ferrand
19,479.0,,,,,CVelo_FR_Clermont-Ferrand
2,479.0,,,,,CVelo_FR_Clermont-Ferrand
20,479.0,,,,,CVelo_FR_Clermont-Ferrand
21,479.0,,,,,CVelo_FR_Clermont-Ferrand
22,479.0,,,,,CVelo_FR_Clermont-Ferrand
23,479.0,,,,,CVelo_FR_Clermont-Ferrand
24,479.0,,,,,CVelo_FR_Clermont-Ferrand
25,479.0,,,,,CVelo_FR_Clermont-Ferrand
26,479.0,,,,,CVelo_FR_Clermont-Ferrand
27,479.0,,,,,CVelo_FR_Clermont-Ferrand
28,479.0,,,,,CVelo_FR_Clermont-Ferrand
29,479.0,,,,,CVelo_FR_Clermont-Ferrand
3,479.0,,,,,CVelo_FR_Clermont-Ferrand
30,479.0,,,,,CVelo_FR_Clermont-Ferrand
31,479.0,,,,,CVelo_FR_Clermont-Ferrand
32,479.0,,,,,CVelo_FR_Clermont-Ferrand
33,479.0,,,,,CVelo_FR_Clermont-Ferrand
34,479.0,,,,,CVelo_FR_Clermont-Ferrand
35,479.0,,,,,CVelo_FR_Clermont-Ferrand
36,479.0,,,,,CVelo_FR_Clermont-Ferrand
37,479.0,,,,,CVelo_FR_Clermont-Ferrand
38,479.0,,,,,CVelo_FR_Clermont-Ferrand
39,479.0,,,,,CVelo_FR_Clermont-Ferrand
4,479.0,,,,,CVelo_FR_Clermont-Ferrand
40,479.0,,,,,CVelo_FR_Clermont-Ferrand
41,479.0,,,,,CVelo_FR_Clermont-Ferrand
42,479.0,,,,,CVelo_FR_Clermont-Ferrand
43,479.0,,,,,CVelo_FR_Clermont-Ferrand
44,479.0,,,,,CVelo_FR_Clermont-Ferrand
45,479.0,,,,,CVelo_FR_Clermont-Ferrand
46,479.0,20.0,0.0,0.0,0.0,CVelo_FR_Clermont-Ferrand
47,479.0,,,,,CVelo_FR_Clermont-Ferrand
48,479.0,,,,,CVelo_FR_Clermont-Ferrand
49,479.0,,,,,CVelo_FR_Clermont-Ferrand
5,479.0,,,,,CVelo_FR_Clermont-Ferrand
50,479.0,,,,,CVelo_FR_Clermont-Ferrand
51,479.0,,,,,CVelo_FR_Clermont-Ferrand
52,479.0,,,,,CVelo_FR_Clermont-Ferrand
53,479.0,,,,,CVelo_FR_Clermont-Ferrand
54,479.0,,,,,CVelo_FR_Clermont-Ferrand
55,479.0,,,,,CVelo_FR_Clermont-Ferrand
56,479.0,,,,,CVelo_FR_Clermont-Ferrand
57,479.0,15.0,0.0,0.0,0.0,CVelo_FR_Clermont-Ferrand
59,479.0,,,,,CVelo_FR_Clermont-Ferrand
6,479.0,,,,,CVelo_FR_Clermont-Ferrand
60,479.0,,,,,CVelo_FR_Clermont-Ferrand
61,479.0,,,,,CVelo_FR_Clermont-Ferrand
64,479.0,,,,,CVelo_FR_Clermont-Ferrand
65,479.0,,,,,CVelo_FR_Clermont-Ferrand
66,479.0,,,,,CVelo_FR_Clermont-Ferrand
67,479.0,,,,,CVelo_FR_Clermont-Ferrand
68,479.0,,,,,CVelo_FR_Clermont-Ferrand
69,479.0,,,,,CVelo_FR_Clermont-Ferrand
7,479.0,,,,,CVelo_FR_Clermont-Ferrand
70,479.0,,,,,CVelo_FR_Clermont-Ferrand
71,479.0,,,,,CVelo_FR_Clermont-Ferrand
72,479.0,,,,,CVelo_FR_Clermont-Ferrand
73,479.0,,,,,CVelo_FR_Clermont-Ferrand
74,479.0,,,,,CVelo_FR_Clermont-Ferrand
75,479.0,,,,,CVelo_FR_Clermont-Ferrand
76,479.0,,,,,CVelo_FR_Clermont-Ferrand
77,479.0,,,,,CVelo_FR_Clermont-Ferrand
78,479.0,,,,,CVelo_FR_Clermont-Ferrand
79,479.0,,,,,CVelo_FR_Clermont-Ferrand
8,479.0,,,,,CVelo_FR_Clermont-Ferrand
80,479.0,,,,,CVelo_FR_Clermont-Ferrand
81,479.0,33.0,0.0,0.0,0.0,CVelo_FR_Clermont-Ferrand
82,479.0,,,,,CVelo_FR_Clermont-Ferrand
83,479.0,,,,,CVelo_FR_Clermont-Ferrand
84,479.0,24.0,0.0,0.0,0.0,CVelo_FR_Clermont-Ferrand
85,479.0,,,,,CVelo_FR_Clermont-Ferrand
86,479.0,,,,,CVelo_FR_Clermont-Ferrand
9,479.0,,,,,CVelo_FR_Clermont-Ferrand
19900,479.0,4.0,0.0,1.0,0.0,donkey_brest
20035,479.0,4.0,0.0,1.0,0.0,donkey_brest
20036,479.0,10.0,0.0,1.0,0.0,donkey_brest
20040,479.0,12.0,0.0,1.0,0.0,donkey_brest
20041,479.0,20.0,0.0,1.0,0.0,donkey_brest
20042,479.0,8.0,0.0,1.0,0.0,donkey_brest
20043,479.0,4.0,0.0,1.0,0.0,donkey_brest
20044,479.0,3.0,0.0,1.0,0.0,donkey_brest
20045,479.0,5.0,0.0,1.0,0.0,donkey_brest
20046,479.0,2.0,0.0,1.0,0.0,donkey_brest
20047,479.0,2.0,0.0,1.0,0.0,donkey_brest
20048,479.0,4.0,0.0,1.0,0.0,donkey_brest
20049,479.0,4.0,0.0,1.0,0.0,donkey_brest
20050,479.0,4.0,0.0,1.0,0.0,donkey_brest
20051,479.0,6.0,0.0,1.0,0.0,donkey_brest
20052,479.0,5.0,0.0,1.0,0.0,donkey_brest
20053,479.0,2.0,0.0,1.0,0.0,donkey_brest
20054,479.0,5.0,0.0,1.0,0.0,donkey_brest
20055,479.0,3.0,0.0,1.0,0.0,donkey_brest
20056,479.0,2.0,0.0,1.0,0.0,donkey_brest
20057,479.0,3.0,0.0,1.0,0.0,donkey_brest
20058,479.0,10.0,0.0,1.0,0.0,donkey_brest
20061,479.0,3.0,0.0,1.0,0.0,donkey_brest
20062,479.0,6.0,0.0,1.0,0.0,donkey_brest
20065,479.0,4.0,0.0,1.0,0.0,donkey_brest
20071,479.0,5.0,0.0,1.0,0.0,donkey_brest
20076,479.0,24.0,0.0,1.0,0.0,donkey_brest
20077,479.0,8.0,0.0,1.0,0.0,donkey_brest
20081,479.0,5.0,0.0,1.0,0.0,donkey_brest
20082,479.0,3.0,0.0,1.0,0.0,donkey_brest
20083,479.0,3.0,0.0,1.0,0.0,donkey_brest
20084,479.0,4.0,0.0,1.0,0.0,donkey_brest
20086,479.0,5.0,0.0,1.0,0.0,donkey_brest
20087,479.0,6.0,0.0,1.0,0.0,donkey_brest
20088,479.0,2.0,0.0,1.0,0.0,donkey_brest
20089,479.0,2.0,0.0,1.0,0.0,donkey_brest
20090,479.0,3.0,0.0,1.0,0.0,donkey_brest
20091,479.0,3.0,0.0,1.0,0.0,donkey_brest
20093,479.0,9.0,0.0,1.0,0.0,donkey_brest
20096,479.0,3.0,0.0,1.0,0.0,donkey_brest
20097,479.0,2.0,0.0,1.0,0.0,donkey_brest
20098,479.0,3.0,0.0,1.0,0.0,donkey_brest
20099,479.0,4.0,0.0,1.0,0.0,donkey_brest
20100,479.0,5.0,0.0,1.0,0.0,donkey_brest
20101,479.0,8.0,0.0,1.0,0.0,donkey_brest
20102,479.0,3.0,0.0,1.0,0.0,donkey_brest
20103,479.0,20.0,0.0,1.0,0.0,donkey_brest
20104,479.0,7.0,0.0,1.0,0.0,donkey_brest
20105,479.0,3.0,0.0,1.0,0.0,donkey_brest
20106,479.0,3.0,0.0,1.0,0.0,donkey_brest
20107,479.0,4.0,0.0,1.0,0.0,donkey_brest
20108,479.0,4.0,0.0,1.0,0.0,donkey_brest
20109,479.0,5.0,0.0,1.0,0.0,donkey_brest
20110,479.0,10.0,0.0,1.0,0.0,donkey_brest
20120,479.0,6.0,0.0,1.0,0.0,donkey_brest
20121,479.0,5.0,0.0,1.0,0.0,donkey_brest
20122,479.0,8.0,0.0,1.0,0.0,donkey_brest
20126,479.0,5.0,0.0,1.0,0.0,donkey_brest
20128,479.0,4.0,0.0,1.0,0.0,donkey_brest
20129,479.0,3.0,0.0,1.0,0.0,donkey_brest
20131,479.0,6.0,0.0,1.0,0.0,donkey_brest
20227,479.0,6.0,0.0,1.0,0.0,donkey_brest
20418,479.0,4.0,0.0,1.0,0.0,donkey_brest
20521,479.0,3.0,0.0,1.0,0.0,donkey_brest
20534,479.0,2.0,0.0,1.0,0.0,donkey_brest
20559,479.0,5.0,0.0,1.0,0.0,donkey_brest
20589,479.0,14.0,0.0,1.0,0.0,donkey_brest
20593,479.0,6.0,0.0,1.0,0.0,donkey_brest
20594,479.0,3.0,0.0,1.0,0.0,donkey_brest
20595,479.0,2.0,0.0,1.0,0.0,donkey_brest
20599,479.0,5.0,0.0,1.0,0.0,donkey_brest
20729,479.0,5.0,0.0,1.0,0.0,donkey_brest
20759,479.0,3.0,0.0,1.0,0.0,donkey_brest
21758,479.0,4.0,0.0,1.0,0.0,donkey_brest
21779,479.0,3.0,0.0,1.0,0.0,donkey_brest
12454,479.0,5.0,0.0,1.0,0.0,donkey_valenciennes
12629,479.0,6.0,0.0,1.0,0.0,donkey_valenciennes
12652,479.0,4.0,0.0,1.0,0.0,donkey_valenciennes
12653,479.0,4.0,0.0,1.0,0.0,donkey_valenciennes
12987,479.0,4.0,0.0,1.0,0.0,donkey_valenciennes
12989,479.0,4.0,0.0,1.0,0.0,donkey_valenciennes
13347,479.0,5.0,0.0,1.0,0.0,donkey_valenciennes
13485,479.0,6.0,0.0,1.0,0.0,donkey_valenciennes
15573,479.0,10.0,0.0,0.0,0.0,donkey_valenciennes
17083,479.0,8.0,0.0,1.0,0.0,donkey_valenciennes
22037,479.0,3.0,0.0,1.0,0.0,donkey_valenciennes
22039,479.0,3.0,0.0,1.0,0.0,donkey_valenciennes
22040,479.0,3.0,0.0,1.0,0.0,donkey_valenciennes
22041,479.0,3.0,0.0,1.0,0.0,donkey_valenciennes
22042,479.0,3.0,0.0,1.0,0.0,donkey_valenciennes
22043,479.0,3.0,0.0,1.0,0.0,donkey_valenciennes
22044,479.0,3.0,0.0,1.0,0.0,donkey_valenciennes
22045,479.0,4.0,0.0,0.0,0.0,donkey_valenciennes
22046,479.0,4.0,0.0,1.0,0.0,donkey_valenciennes
22047,479.0,3.0,0.0,1.0,0.0,donkey_valenciennes
22048,479.0,3.0,0.0,1.0,0.0,donkey_valenciennes
22050,479.0,3.0,0.0,1.0,0.0,donkey_valenciennes
22051,479.0,3.0,0.0,1.0,0.0,donkey_valenciennes
22052,479.0,3.0,0.0,1.0,0.0,donkey_valenciennes
22053,479.0,3.0,0.0,1.0,0.0,donkey_valenciennes
22056,479.0,3.0,0.0,1.0,0.0,donkey_valenciennes
22057,479.0,3.0,0.0,1.0,0.0,donkey_valenciennes
22783,479.0,8.0,0.0,0.29227557411273486,0.0,donkey_valenciennes
23822,479.0,8.0,0.0,0.09603340292275574,0.0,donkey_valenciennes
24040,479.0,5.0,0.0,1.0,0.0,donkey_valenciennes
27968,479.0,5.0,0.0,0.0,0.0,donkey_valenciennes
27969,479.0,5.0,0.0,1.0,0.0,donkey_valenciennes
8601,479.0,8.0,0.0,1.0,0.0,donkey_valenciennes
8602,479.0,8.0,0.0,0.7494780793319415,0.0,donkey_valenciennes
8603,479.0,5.0,0.0,0.0,0.0,donkey_valenciennes
8604,479.0,5.0,0.0,1.0,0.0,donkey_valenciennes
8607,479.0,8.0,0.0,1.0,0.0,donkey_valenciennes
8608,479.0,5.0,0.0,1.0,0.0,donkey_valenciennes
8610,479.0,5.0,0.0,1.0,0.0,donkey_valenciennes
8613,479.0,5.0,0.0,1.0,0.0,donkey_valenciennes
st_d3d596embtds73dja920,479.0,20.0,0.0,0.0,0.0,idecycle_pau
st_d3d596mmbtds73b4hmj0,479.0,10.0,0.0,0.010438413361169102,0.0,idecycle_pau
st_d3d596mmbtds73b4hmog,479.0,10.0,0.0,0.0,0.0,idecycle_pau
st_d3d596mmbtds73b4hmr0,479.0,10.0,0.0,0.0,0.0,idecycle_pau
st_d3d596mmbtds73dja94g,479.0,20.0,0.0,0.0,0.0,idecycle_pau
st_d3d596mmbtds73dja980,479.0,10.0,0.0,0.0,0.0,idecycle_pau
st_d3d596mmbtds73dja9cg,479.0,10.0,0.0,0.0,0.0,idecycle_pau
st_d3d596umbtds73b4hmug,479.0,10.0,0.0,0.0,0.0,idecycle_pau
st_d3d596umbtds73b4hn10,479.0,10.0,0.0,0.0,0.0,idecycle_pau
st_d3d596umbtds73b4hn7g,479.0,10.0,0.0,0.5427974947807933,0.0,idecycle_pau
st_d3d596umbtds73dja9h0,479.0,10.0,0.0,0.0,0.0,idecycle_pau
st_d3d596umbtds73dja9kg,479.0,10.0,0.0,0.0041753653444676405,0.0,idecycle_pau
st_d3d596umbtds73dja9n0,479.0,10.0,0.0,0.0,0.0,idecycle_pau
st_d3d596umbtds73dja9pg,479.0,10.0,0.0,0.0,0.0,idecycle_pau
st_d3d596umbtds73dja9s0,479.0,10.0,0.0,0.36325678496868474,0.0,idecycle_pau
st_d3d5976mbtds73b4hnc0,479.0,10.0,0.0,0.0,0.0,idecycle_pau
st_d3d5976mbtds73b4hnfg,479.0,10.0,0.0,0.0,0.0,idecycle_pau
st_d3d5976mbtds73dja9ug,479.0,10.0,0.0,0.0,0.0,idecycle_pau
st_d3d5976mbtds73djaa20,479.0,10.0,0.0,0.0,0.0,idecycle_pau
st_d3d5976mbtds73djaa5g,479.0,10.0,0.0,0.0,0.0,idecycle_pau
st_d3d597embtds73b4hnj0,479.0,10.0,0.0,0.0,0.0,idecycle_pau
st_d3d597embtds73b4hnmg,479.0,10.0,0.0,0.0,0.0,idecycle_pau
st_d3d597embtds73b4hnp0,479.0,10.0,0.0,0.0,0.0,idecycle_pau
st_d3d597embtds73djaa90,479.0,10.0,0.0,0.0,0.0,idecycle_pau
st_d3d597embtds73djaadg,479.0,10.0,0.0,0.0,0.0,idecycle_pau
st_d3d597embtds73djaah0,479.0,10.0,0.0,0.0,0.0,idecycle_pau
st_d3d597embtds73djaalg,479.0,10.0,0.0,0.0,0.0,idecycle_pau
st_d3d597mmbtds73b4hnvg,479.0,10.0,0.0,0.0,0.0,idecycle_pau
st_d3d597mmbtds73djaan0,479.0,10.0,0.0,0.0,0.0,idecycle_pau
st_d3d597umbtds73b4ho20,479.0,10.0,0.0,0.0,0.0,idecycle_pau
st_d3d597umbtds73b4ho5g,479.0,10.0,0.0,0.0,0.0,idecycle_pau
st_d3d597umbtds73b4ho80,479.0,10.0,0.0,0.0,0.0,idecycle_pau
st_d3d597umbtds73b4hoag,479.0,10.0,0.0,0.0,0.0,idecycle_pau
st_d3d597umbtds73djaarg,479.0,10.0,0.0,0.0,0.0,idecycle_pau
st_d3d597umbtds73djab10,479.0,10.0,0.0,0.0,0.0,idecycle_pau
st_d3d597umbtds73djab4g,479.0,10.0,0.0,0.0,0.0,idecycle_pau
st_d3d5986mbtds73b4hoe0,479.0,10.0,0.0,0.0,0.0,idecycle_pau
st_d3d5986mbtds73b4hogg,479.0,10.0,0.0,0.0,0.0,idecycle_pau
st_d3d5986mbtds73b4hoi0,479.0,10.0,0.0,0.0,0.0,idecycle_pau
st_d3d5986mbtds73djab80,479.0,10.0,0.0,0.0,0.0,idecycle_pau
3440,529.0,44.0,0.0,0.0,0.0,inurba-rouen
3474,529.0,12.0,0.0,0.0,0.0,inurba-rouen
3509,529.0,12.0,0.0,0.0,0.0,inurba-rouen
3510,529.0,12.0,0.0,0.0,0.0,inurba-rouen
3511,529.0,16.0,0.0,0.0,0.0,inurba-rouen
3512,529.0,12.0,0.0,0.0,0.0,inurba-rouen
3513,529.0,12.0,0.0,0.0,0.0,inurba-rouen
3514,529.0,14.0,0.0,0.0,0.0,inurba-rouen
3515,529.0,12.0,0.0,0.0,0.0,inurba-rouen
3516,529.0,12.0,0.0,0.0,0.0,inurba-rouen
3517,529.0,8.0,0.0,0.0,0.0,inurba-rouen
3518,529.0,12.0,0.0,0.0,0.0,inurba-rouen
3551,529.0,12.0,0.0,0.0,0.0,inurba-rouen
3552,529.0,12.0,0.0,0.0,0.0,inurba-rouen
3553,529.0,20.0,0.0,0.0,0.0,inurba-rouen
3554,529.0,8.0,0.0,0.0,0.0,inurba-rouen
3555,529.0,12.0,0.0,0.0,0.0,inurba-rouen
3556,529.0,12.0,0.0,0.0,0.0,inurba-rouen
3557,529.0,28.0,0.0,0.0,0.0,inurba-rouen
3558,529.0,12.0,0.8034026465028355,0.0,0.0,inurba-rouen
3559,529.0,8.0,0.1342155009451796,0.0,0.0,inurba-rouen
3560,529.0,12.0,0.0,0.01890359168241966,0.0,inurba-rouen
3561,529.0,16.0,0.0,0.0,0.0,inurba-rouen
3562,529.0,12.0,0.0,0.0,0.0,inurba-rouen
3563,529.0,8.0,0.0,0.0,0.0,inurba-rouen
3564,529.0,20.0,0.0,0.0,0.0,inurba-rouen
3565,529.0,8.0,0.0,0.0,0.0,inurba-rouen
3566,529.0,12.0,0.0,0.0,0.0,inurba-rouen
3567,529.0,12.0,0.0,0.21739130434782608,0.0,inurba-rouen
3568,529.0,12.0,0.0,0.022684310018903593,0.0,inurba-rouen
3569,529.0,16.0,0.0,0.6370510396975425,0.0,inurba-rouen
3570,529.0,8.0,0.0,0.0945179584120983,0.0,inurba-rouen
3571,529.0,10.0,0.0,0.0,0.0,inurba-rouen
3572,529.0,12.0,0.0,0.0,0.0,inurba-rouen
3573,529.0,12.0,0.0,0.0945179584120983,0.0,inurba-rouen
3574,529.0,12.0,0.0,0.0,0.0,inurba-rouen
3575,529.0,14.0,0.0,0.0,0.0,inurba-rouen
3576,529.0,18.0,0.0,0.27977315689981097,0.0,inurba-rouen
3577,529.0,10.0,0.02835538752362949,0.0,0.0,inurba-rouen
3611,529.0,12.0,0.0,0.0,0.0,inurba-rouen
3612,529.0,12.0,0.0,0.0,0.0,inurba-rouen
3613,529.0,12.0,0.0,0.0,0.0,inurba-rouen
3614,529.0,14.0,0.0,0.0,0.0,inurba-rouen
3647,529.0,24.0,0.0,0.0,0.0,inurba-rouen
3680,529.0,12.0,0.0,0.0,0.0,inurba-rouen
3681,529.0,12.0,0.0,0.9054820415879017,0.0,inurba-rouen
3682,529.0,30.0,0.0,0.0,0.0,inurba-rouen
3683,529.0,12.0,0.0,0.0,0.0,inurba-rouen
3684,529.0,12.0,0.0,0.0,0.0,inurba-rouen
3685,529.0,12.0,0.0,0.0,0.0,inurba-rouen
3719,529.0,12.0,0.0,0.0,0.0,inurba-rouen
3720,529.0,12.0,0.0,0.0,0.0,inurba-rouen
3721,529.0,16.0,0.0,0.0,0.0,inurba-rouen
3722,529.0,12.0,0.0,0.0,0.0,inurba-rouen
3723,529.0,12.0,0.0,0.0,0.0,inurba-rouen
3791,529.0,12.0,0.0,0.024574669187145556,0.0,inurba-rouen
3792,529.0,14.0,0.0,0.500945179584121,0.0,inurba-rouen
4550,529.0,16.0,0.0,0.0,0.0,inurba-rouen
4551,529.0,20.0,0.0,0.8657844990548205,0.0,inurba-rouen
4553,529.0,12.0,0.0,0.0,0.0,inurba-rouen
4554,529.0,12.0,0.0,0.0661625708884688,0.0,inurba-rouen
4555,529.0,8.0,0.0,0.05860113421550094,0.0,inurba-rouen
4556,529.0,12.0,0.0,0.0888468809073724,0.0,inurba-rouen
4558,529.0,8.0,0.0,0.0,0.0,inurba-rouen
4559,529.0,8.0,0.0,0.0,0.0,inurba-rouen
4560,529.0,12.0,0.0,0.0,0.0,inurba-rouen
4561,529.0,12.0,0.0,0.0,0.0,inurba-rouen
4562,529.0,8.0,0.0,0.0,0.0,inurba-rouen
4563,529.0,8.0,0.0,0.0,0.0,inurba-rouen
4564,529.0,8.0,0.0,0.0,0.0,inurba-rouen
4565,529.0,12.0,0.0,0.0,0.0,inurba-rouen
4567,529.0,12.0,0.0,0.0,0.0,inurba-rouen
4568,529.0,8.0,0.0,1.0,0.0,inurba-rouen
4569,529.0,8.0,0.0,0.0,0.0,inurba-rouen
4570,529.0,8.0,0.0,0.04158790170132325,0.0,inurba-rouen
4571,529.0,12.0,0.0,0.32136105860113423,0.0,inurba-rouen
4605,529.0,8.0,0.0,0.0,0.0,inurba-rouen
4606,529.0,14.0,0.0,0.0,0.0,inurba-rouen
4607,529.0,10.0,0.0,0.0,0.0,inurba-rouen
4608,529.0,8.0,0.0,0.0,0.0,inurba-rouen
4609,529.0,12.0,0.0,0.0,0.0,inurba-rouen
4610,529.0,12.0,0.0,0.0,0.0,inurba-rouen
4612,529.0,20.0,0.0,0.0,0.0,inurba-rouen
4613,529.0,8.0,0.0,1.0,0.0,inurba-rouen
4614,529.0,12.0,0.0,0.0,0.0,inurba-rouen
4647,529.0,12.0,0.0,0.0,0.0,inurba-rouen
5010,529.0,8.0,0.0,0.0,0.0,inurba-rouen
5011,529.0,8.0,0.0,0.0,0.0,inurba-rouen
5012,529.0,8.0,0.0,1.0,0.0,inurba-rouen
5013,529.0,8.0,0.0,0.0,0.0,inurba-rouen
5117,529.0,8.0,0.0,0.0,0.0,inurba-rouen
5118,529.0,8.0,0.0,0.0,0.0,inurba-rouen
5119,529.0,8.0,0.0,0.0,0.0,inurba-rouen
5120,529.0,8.0,0.0,0.0,0.0,inurba-rouen
5122,529.0,8.0,0.0,0.0,0.0,inurba-rouen
5123,529.0,8.0,0.0,0.0,0.0,inurba-rouen
5124,529.0,8.0,0.0,0.045368620037807186,0.0,inurba-rouen
5125,529.0,8.0,0.0,0.0,0.0,inurba-rouen
5126,529.0,8.0,0.0,0.0,0.0,inurba-rouen
5127,529.0,8.0,0.0,0.0,0.0,inurba-rouen
5128,529.0,8.0,0.0,0.0,0.0,inurba-rouen
5129,529.0,8.0,0.0,0.0,0.0,inurba-rouen
5130,529.0,8.0,0.0,0.0,0.0,inurba-rouen
5131,529.0,8.0,0.0,0.0,0.0,inurba-rouen
5132,529.0,8.0,0.0,0.0,0.0,inurba-rouen
5133,529.0,8.0,0.0,0.0,0.0,inurba-rouen
5134,529.0,8.0,0.0,0.0,0.0,inurba-rouen
5135,529.0,8.0,0.0,0.0,0.0,inurba-rouen
5136,529.0,8.0,0.0,0.0,0.0,inurba-rouen
5137,529.0,8.0,0.0,0.0,0.0,inurba-rouen
5138,529.0,8.0,0.0,0.0,0.0,inurba-rouen
5139,529.0,8.0,0.0,0.0,0.0,inurba-rouen
5140,529.0,12.0,0.0,0.0,0.0,inurba-rouen
5141,529.0,8.0,0.0,0.0,0.0,inurba-rouen
5142,529.0,8.0,0.0,0.0945179584120983,0.0,inurba-rouen
5177,529.0,8.0,0.0,0.0,0.0,inurba-rouen
5178,529.0,20.0,0.0,0.003780718336483932,0.0,inurba-rouen
5179,529.0,12.0,0.0,0.0,0.0,inurba-rouen
5180,529.0,12.0,0.0,0.0,0.0,inurba-rouen
5219,529.0,12.0,0.0,0.0,0.0,inurba-rouen
5253,529.0,16.0,0.0,0.0,0.0,inurba-rouen
5288,529.0,12.0,0.0,0.0,0.0,inurba-rouen
5539,529.0,22.0,0.0,0.0,0.0,inurba-rouen
5802,529.0,12.0,0.0,0.0,0.0,inurba-rouen
5803,529.0,12.0,0.0,0.0,0.0,inurba-rouen
5804,529.0,8.0,0.0,0.0,0.0,inurba-rouen
5805,529.0,12.0,0.0,0.0,0.0,inurba-rouen
5806,529.0,8.0,0.0,0.16824196597353497,0.0,inurba-rouen
5807,529.0,8.0,0.0,0.06049149338374291,0.0,inurba-rouen
5889,529.0,8.0,0.0,0.0,0.0,inurba-rouen
6027,529.0,8.0,0.0,0.7107750472589792,0.0,inurba-rouen
5501,529.0,45.0,0.0,0.0,0.0,le_velo_star
5502,529.0,24.0,0.0,0.0,0.0,le_velo_star
5504,529.0,39.0,0.0,0.0,0.0,le_velo_star
5505,529.0,24.0,0.0,0.0,0.0,le_velo_star
5506,529.0,26.0,0.0,0.0,0.0,le_velo_star
5507,529.0,31.0,0.0,0.0,0.0,le_velo_star
5509,529.0,18.0,0.0,0.0,0.0,le_velo_star
5510,529.0,16.0,0.0,0.0,0.0,le_velo_star
5512,529.0,28.0,0.0,0.0,0.0,le_velo_star
5514,529.0,24.0,0.0,0.0,0.0,le_velo_star
5516,529.0,24.0,0.0,0.0,0.0,le_velo_star
5517,529.0,24.0,0.0,0.003780718336483932,0.003780718336483932,le_velo_star
5519,529.0,24.0,0.0,0.0,0.0,le_velo_star
5520,529.0,20.0,0.0,0.013232514177693762,0.013232514177693762,le_velo_star
5522,529.0,30.0,0.0,0.0,0.0,le_velo_star
5523,529.0,20.0,0.0,0.0,0.0,le_velo_star
5524,529.0,39.0,0.0,0.0,0.0,le_velo_star
5526,529.0,25.0,0.0,0.024574669187145556,0.024574669187145556,le_velo_star
5527,529.0,24.0,0.0,0.0,0.0,le_velo_star
5528,529.0,30.0,0.0,0.005671077504725898,0.005671077504725898,le_velo_star
5533,529.0,28.0,0.0,0.0,0.0,le_velo_star
5534,529.0,24.0,0.0,0.0,0.0,le_velo_star
5535,529.0,20.0,0.0,0.0,0.0,le_velo_star
5536,529.0,16.0,0.0,0.0,0.0,le_velo_star
5537,529.0,29.0,0.0,0.0,0.0,le_velo_star
5538,529.0,20.0,0.0,0.0,0.0,le_velo_star
5539,529.0,22.0,0.0,0.005671077504725898,0.005671077504725898,le_velo_star
5540,529.0,20.0,0.0,0.0,0.0,le_velo_star
5542,529.0,20.0,0.0,0.0,0.0,le_velo_star
5543,529.0,24.0,0.0,0.005671077504725898,0.005671077504725898,le_velo_star
5544,529.0,16.0,0.0,0.0,0.0,le_velo_star
5546,529.0,24.0,0.0,0.0,0.0,le_velo_star
5547,529.0,30.0,0.0,0.0,0.0,le_velo_star
5548,529.0,30.0,0.0,0.0,0.0,le_velo_star
5552,529.0,26.0,0.0,0.11531190926275993,0.04725897920604915,le_velo_star
5555,529.0,27.0,0.0,0.0,0.0,le_velo_star
5556,529.0,14.0,0.0,0.001890359168241966,0.001890359168241966,le_velo_star
5560,529.0,25.0,0.0,0.04914933837429111,0.04914933837429111,le_velo_star
5561,529.0,24.0,0.0,0.0,0.0,le_velo_star
5562,529.0,22.0,0.0,0.0,0.0,le_velo_star
5566,529.0,24.0,0.0,0.0,0.0,le_velo_star
5567,529.0,16.0,0.0,0.0,0.0,le_velo_star
5569,529.0,18.0,0.0,0.011342155009451797,0.011342155009451797,le_velo_star
5571,529.0,12.0,0.0,0.0,0.0,le_velo_star
5578,529.0,18.0,0.0,0.0,0.0,le_velo_star
5579,529.0,30.0,0.0,0.1285444234404537,0.1285444234404537,le_velo_star
5580,529.0,29.0,0.0,0.011342155009451797,0.011342155009451797,le_velo_star
5581,529.0,30.0,0.0,0.0888468809073724,0.0,le_velo_star
5582,529.0,20.0,0.0,0.05103969754253308,0.05103969754253308,le_velo_star
5585,529.0,20.0,0.0,0.0,0.0,le_velo_star
5586,529.0,24.0,0.0,0.0,0.0,le_velo_star
5587,529.0,20.0,0.0,0.0,0.0,le_velo_star
5588,529.0,24.0,0.0,0.0,0.0,le_velo_star
5589,529.0,24.0,0.0,0.0,0.0,le_velo_star
5590,529.0,24.0,0.0,0.0,0.0,le_velo_star
5591,529.0,25.0,0.0,0.0,0.0,le_velo_star
5592,529.0,50.0,0.0,0.0,0.0,le_velo_star
ce4bgg92rcd13ifvqb30,527.0,20.0,0.0,0.036053130929791274,0.0,levelo_inurba_marseille
ce4bgh92rcd13ifvqb40,527.0,20.0,0.0,0.6148007590132827,0.0,levelo_inurba_marseille
ce4bgh92rcd13ifvqb50,527.0,20.0,0.0,0.0,0.0,levelo_inurba_marseille
ce4bghh2rcd13ifvqb60,527.0,20.0,0.0,0.06451612903225806,0.0,levelo_inurba_marseille
ce4bgi12rcd13ifvqb70,527.0,20.0,0.0,0.7836812144212524,0.0,levelo_inurba_marseille
ce4bgi12rcd13ifvqb80,527.0,20.0,0.0,0.49146110056925996,0.0,levelo_inurba_marseille
ce4bgi92rcd13ifvqb90,527.0,20.0,0.0,0.07590132827324478,0.0,levelo_inurba_marseille
ce4bgih2rcd13ifvqba0,527.0,20.0,0.18026565464895636,0.0,0.0,levelo_inurba_marseille
ce4bgip2rcd13ifvqbb0,527.0,20.0,0.0,0.0018975332068311196,0.0,levelo_inurba_marseille
ce4bgj12rcd13ifvqbc0,527.0,30.0,0.0,0.11385199240986717,0.0,levelo_inurba_marseille
ce4bgj92rcd13ifvqbd0,527.0,30.0,0.0,0.29601518026565465,0.0,levelo_inurba_marseille
ce4bgj92rcd13ifvqbe0,527.0,20.0,0.0,0.0,0.0,levelo_inurba_marseille
ce4bgjh2rcd13ifvqbf0,527.0,30.0,0.0,0.0,0.0,levelo_inurba_marseille
ce4bgjh2rcd13ifvqbg0,527.0,20.0,0.0,0.1252371916508539,0.0,levelo_inurba_marseille
ce4bgjp2rcd13ifvqbh0,527.0,30.0,0.0,0.42314990512333966,0.0,levelo_inurba_marseille
ce4bgk12rcd13ifvqbi0,527.0,20.0,0.0,0.0,0.0,levelo_inurba_marseille
ce4bgk12rcd13ifvqbj0,527.0,20.0,0.0,0.022770398481973434,0.0,levelo_inurba_marseille
ce4bgkh2rcd13ifvqbk0,527.0,20.0,0.0,0.0,0.0,levelo_inurba_marseille
ce4bgkh2rcd13ifvqbl0,527.0,20.0,0.0,0.3510436432637571,0.0,levelo_inurba_marseille
ce4bgkp2rcd13ifvqbmg,527.0,30.0,0.0,0.0,0.0,levelo_inurba_marseille
ce4bgl12rcd13ifvqbo0,527.0,20.0,0.0,0.4117647058823529,0.0,levelo_inurba_marseille
ce4bgl92rcd13ifvqbq0,527.0,50.0,0.0,0.04743833017077799,0.0,levelo_inurba_marseille
ce4bgm92rcd13ifvqbr0,527.0,20.0,0.0,0.0,0.0,levelo_inurba_marseille
ce4bgn12rcd13ifvqbt0,527.0,20.0,0.0,0.0,0.0,levelo_inurba_marseille
ce4bgn92rcd13ifvqbvg,527.0,20.0,0.0,0.0,0.0,levelo_inurba_marseille
ce4bgnh2rcd13ifvqc0g,527.0,30.0,0.0,0.0,0.0,levelo_inurba_marseille
ce4bgop2rcd13ifvqc1g,527.0,20.0,0.0,0.0,0.0,levelo_inurba_marseille
ce4bgph2rcd13ifvqc2g,527.0,20.0,0.0,0.0,0.0,levelo_inurba_marseille
ce4bgpp2rcd13ifvqc3g,527.0,30.0,0.09487666034155598,0.0,0.0,levelo_inurba_marseille
ce4bgqh2rcd13ifvqc4g,527.0,20.0,0.681214421252372,0.0,0.0,levelo_inurba_marseille
ce4bgqh2rcd13ifvqc5g,527.0,20.0,0.0,0.0,0.0,levelo_inurba_marseille
ce4bgr92rcd13ifvqc6g,527.0,40.0,0.0,0.9222011385199241,0.0,levelo_inurba_marseille
ce4bgr92rcd13ifvqc7g,527.0,20.0,0.0,0.4857685009487666,0.0,levelo_inurba_marseille
ce4bgrh2rcd13ifvqc8g,527.0,20.0,0.0,0.0,0.0,levelo_inurba_marseille
ce4bgrp2rcd13ifvqc9g,527.0,20.0,0.0,0.11005692599620494,0.0,levelo_inurba_marseille
ce4bgs12rcd13ifvqcag,527.0,30.0,0.0,0.0,0.0,levelo_inurba_marseille
ce4bgs92rcd13ifvqcc0,527.0,20.0,0.0,0.0,0.0,levelo_inurba_marseille
ce4bgt12rcd13ifvqcd0,527.0,30.0,0.0,0.03795066413662239,0.0,levelo_inurba_marseille
ce4bgt12rcd13ifvqce0,527.0,20.0,0.0,0.0,0.0,levelo_inurba_marseille
ce4bgt92rcd13ifvqcf0,527.0,20.0,0.0,0.0,0.0,levelo_inurba_marseille
ce4bgt92rcd13ifvqcg0,527.0,20.0,0.0,0.0,0.0,levelo_inurba_marseille
ce4bgth2rcd13ifvqch0,527.0,20.0,0.0,0.0,0.0,levelo_inurba_marseille
ce4bguh2rcd13ifvqcj0,527.0,20.0,0.0,0.11954459203036052,0.0,levelo_inurba_marseille
ce4bguh2rcd13ifvqckg,527.0,20.0,0.0,0.0,0.0,levelo_inurba_marseille
ce4bgup2rcd13ifvqcn0,527.0,30.0,0.0,0.2827324478178368,0.0,levelo_inurba_marseille
ce4bgup2rcd13ifvqco0,527.0,20.0,0.0,0.03415559772296015,0.0,levelo_inurba_marseille
ce4bgv12rcd13ifvqcp0,527.0,20.0,0.22960151802656548,0.0,0.0,levelo_inurba_marseille
ce4bgv92rcd13ifvqcq0,527.0,20.0,0.0,0.0,0.0,levelo_inurba_marseille
ce4bgvh2rcd13ifvqcs0,527.0,20.0,0.0,0.026565464895635674,0.0,levelo_inurba_marseille
ce4bgvp2rcd13ifvqct0,527.0,20.0,0.0,0.0,0.0,levelo_inurba_marseille
ce4bgvp2rcd13ifvqcu0,527.0,20.0,0.0,0.0,0.0,levelo_inurba_marseille
ce4bh012rcd13ifvqcv0,527.0,20.0,0.0,0.0,0.0,levelo_inurba_marseille
ce4bh012rcd13ifvqd00,527.0,20.0,0.0,0.026565464895635674,0.0,levelo_inurba_marseille
ce4bh012rcd13ifvqd10,527.0,20.0,0.7988614800759013,0.0,0.0,levelo_inurba_marseille
ce4bh092rcd13ifvqd20,527.0,20.0,0.0,0.0,0.0,levelo_inurba_marseille
ce4bh092rcd13ifvqd30,527.0,20.0,0.0,0.0,0.0,levelo_inurba_marseille
ce4bh0h2rcd13ifvqd40,527.0,20.0,0.0,0.0,0.0,levelo_inurba_marseille
ce4bh0h2rcd13ifvqd50,527.0,20.0,0.0,0.0,0.0,levelo_inurba_marseille
ce4bh0h2rcd13ifvqd60,527.0,20.0,0.0,0.0,0.0,levelo_inurba_marseille
ce4bh0p2rcd13ifvqd70,527.0,20.0,0.0,0.0,0.0,levelo_inurba_marseille
ce4bh0p2rcd13ifvqd80,527.0,20.0,0.0,0.0,0.0,levelo_inurba_marseille
ce4bh112rcd13ifvqd90,527.0,20.0,0.0,0.0,0.0,levelo_inurba_marseille
ce4bh112rcd13ifvqda0,527.0,20.0,0.007590132827324478,0.0,0.0,levelo_inurba_marseille
ce4bh192rcd13ifvqdb0,527.0,20.0,0.0,0.003795066413662239,0.0,levelo_inurba_marseille
ce4bh192rcd13ifvqdc0,527.0,20.0,0.0,0.0,0.0,levelo_inurba_marseille
ce4bh192rcd13ifvqdd0,527.0,20.0,0.0,0.0,0.0,levelo_inurba_marseille
ce4bh292rcd13ifvqdf0,527.0,20.0,0.8500948766603416,0.0,0.0,levelo_inurba_marseille
ce4bh292rcd13ifvqdg0,527.0,20.0,0.03415559772296015,0.0,0.0,levelo_inurba_marseille
ce4bh2p2rcd13ifvqdi0,527.0,20.0,0.0,0.036053130929791274,0.0,levelo_inurba_marseille
ce4bh312rcd13ifvqdj0,527.0,20.0,0.0,0.0,0.0,levelo_inurba_marseille
ce4bh312rcd13ifvqdk0,527.0,20.0,0.0,0.0,0.0,levelo_inurba_marseille
ce4bh392rcd13ifvqdl0,527.0,20.0,0.0,0.0,0.0,levelo_inurba_marseille
ce4bh392rcd13ifvqdm0,527.0,20.0,0.0,0.013282732447817837,0.0,levelo_inurba_marseille
ce4bh3h2rcd13ifvqdn0,527.0,20.0,0.0,0.09108159392789374,0.0,levelo_inurba_marseille
ce4bh3h2rcd13ifvqdo0,527.0,20.0,0.0,0.0,0.0,levelo_inurba_marseille
ce4bh3p2rcd13ifvqdp0,527.0,20.0,0.0,0.0,0.0,levelo_inurba_marseille
ce4bh3p2rcd13ifvqdq0,527.0,10.0,0.7912713472485768,0.0,0.0,levelo_inurba_marseille
ce4bh412rcd13ifvqdr0,527.0,20.0,0.0,0.0,0.0,levelo_inurba_marseille
ce4bh412rcd13ifvqds0,527.0,20.0,0.0,0.0,0.0,levelo_inurba_marseille
ce4bh492rcd13ifvqdug,527.0,20.0,0.0,0.07590132827324478,0.0,levelo_inurba_marseille
ce4bh492rcd13ifvqdvg,527.0,20.0,0.0,0.03415559772296015,0.0,levelo_inurba_marseille
ce4bh4p2rcd13ifvqe0g,527.0,20.0,0.0,0.0,0.0,levelo_inurba_marseille
ce4bh4p2rcd13ifvqe1g,527.0,20.0,0.0,0.018975332068311195,0.0,levelo_inurba_marseille
ce4bh512rcd13ifvqe2g,527.0,30.0,0.0,0.020872865275142316,0.0,levelo_inurba_marseille
ce4bh512rcd13ifvqe3g,527.0,50.0,0.0,0.0,0.0,levelo_inurba_marseille
ce4bh5p2rcd13ifvqe4g,527.0,20.0,0.0,0.09487666034155598,0.0,levelo_inurba_marseille
ce4bh612rcd13ifvqe6g,527.0,20.0,0.0,0.024667931688804556,0.0,levelo_inurba_marseille
ce4bh692rcd13ifvqe90,527.0,20.0,0.0,0.11954459203036052,0.0,levelo_inurba_marseille
ce4bh692rcd13ifvqea0,527.0,20.0,0.0,0.35294117647058826,0.0,levelo_inurba_marseille
ce4bh8p2rcd13ifvqeb0,527.0,40.0,0.0,0.30740037950664134,0.0,levelo_inurba_marseille
ce4bh9p2rcd13ifvqec0,527.0,20.0,0.0,0.0018975332068311196,0.0,levelo_inurba_marseille
ce4bh9p2rcd13ifvqed0,527.0,20.0,0.0,0.10056925996204934,0.0,levelo_inurba_marseille
ce4bha12rcd13ifvqee0,527.0,20.0,0.0,0.0,0.0,levelo_inurba_marseille
ce4bha12rcd13ifvqef0,527.0,20.0,0.0,0.0,0.0,levelo_inurba_marseille
ce4bha92rcd13ifvqeg0,527.0,20.0,0.0,0.0,0.0,levelo_inurba_marseille
ce4bha92rcd13ifvqeh0,527.0,20.0,0.0,0.0872865275142315,0.0,levelo_inurba_marseille
ce4bhah2rcd13ifvqei0,527.0,20.0,0.0,0.0,0.0,levelo_inurba_marseille
ce4bhah2rcd13ifvqej0,527.0,20.0,0.0,0.0,0.0,levelo_inurba_marseille
ce4bhap2rcd13ifvqek0,527.0,20.0,0.0,0.0,0.0,levelo_inurba_marseille
ce4bhb12rcd13ifvqel0,527.0,20.0,0.0,0.0,0.0,levelo_inurba_marseille
ce4bhb12rcd13ifvqem0,527.0,20.0,0.12333965844402277,0.0,0.0,levelo_inurba_marseille
ce4bhb92rcd13ifvqen0,527.0,30.0,0.0,0.0,0.0,levelo_inurba_marseille
ce4bhbh2rcd13ifvqeo0,527.0,20.0,0.2239089184060721,0.0,0.0,levelo_inurba_marseille
ce4bhbh2rcd13ifvqepg,527.0,30.0,0.0,0.0,0.0,levelo_inurba_marseille
ce4bhbh2rcd13ifvqeqg,527.0,20.0,0.0,0.0,0.0,levelo_inurba_marseille
ce4bhbp2rcd13ifvqerg,527.0,20.0,0.0,0.0,0.0,levelo_inurba_marseille
ce4bhbp2rcd13ifvqesg,527.0,20.0,0.0,0.0,0.0,levelo_inurba_marseille
ce4bhc92rcd13ifvqetg,527.0,10.0,0.8785578747628083,0.0,0.0,levelo_inurba_marseille
ce4bhch2rcd13ifvqeug,527.0,20.0,0.026565464895635674,0.0,0.0,levelo_inurba_marseille
ce4bhdp2rcd13ifvqf20,527.0,20.0,0.0,0.0,0.0,levelo_inurba_marseille
ce4bhe12rcd13ifvqf30,527.0,20.0,0.0,0.0,0.0,levelo_inurba_marseille
ce4bhf92rcd13ifvqf40,527.0,20.0,0.0,0.0,0.0,levelo_inurba_marseille
ce4bhf92rcd13ifvqf50,527.0,20.0,0.0,0.0,0.0,levelo_inurba_marseille
ce4bhg12rcd13ifvqf60,527.0,20.0,0.0,0.0,0.0,levelo_inurba_marseille
ce4bhg12rcd13ifvqf70,527.0,40.0,0.0,0.0,0.0,levelo_inurba_marseille
ce4bhg12rcd13ifvqf80,527.0,50.0,0.0,0.017077798861480076,0.0,levelo_inurba_marseille
ce4bhg92rcd13ifvqf90,527.0,20.0,0.0,0.0,0.0,levelo_inurba_marseille
ce4bhgh2rcd13ifvqfa0,527.0,20.0,0.0,0.0,0.0,levelo_inurba_marseille
ce4bhgh2rcd13ifvqfb0,527.0,30.0,0.0,0.0,0.0,levelo_inurba_marseille
ce4bhgp2rcd13ifvqfc0,527.0,30.0,0.0,0.0,0.0,levelo_inurba_marseille
ce4bhgp2rcd13ifvqfd0,527.0,20.0,0.0,0.0,0.0,levelo_inurba_marseille
ce4bhgp2rcd13ifvqfe0,527.0,30.0,0.0,0.24667931688804554,0.0,levelo_inurba_marseille
ce4bhh12rcd13ifvqff0,527.0,60.0,0.0,0.0,0.0,levelo_inurba_marseille
ce4bhh12rcd13ifvqfg0,527.0,40.0,0.0,0.08349146110056926,0.0,levelo_inurba_marseille
ce4bhh92rcd13ifvqfh0,527.0,20.0,0.0,0.04364326375711575,0.0,levelo_inurba_marseille
ce4bhh92rcd13ifvqfi0,527.0,20.0,0.0,0.0,0.0,levelo_inurba_marseille
ce4bhh92rcd13ifvqfj0,527.0,20.0,0.0,0.0,0.0,levelo_inurba_marseille
ce4bhhh2rcd13ifvqfk0,527.0,40.0,0.0,0.0,0.0,levelo_inurba_marseille
ce4bhhh2rcd13ifvqfl0,527.0,20.0,0.0,0.03984819734345351,0.0,levelo_inurba_marseille
ce4bhhp2rcd13ifvqfm0,527.0,40.0,0.0,0.0,0.0,levelo_inurba_marseille
ce4bhi12rcd13ifvqfo0,527.0,20.0,0.0,0.08918406072106262,0.0,levelo_inurba_marseille
ce4bhi12rcd13ifvqfp0,527.0,20.0,0.0,0.0,0.0,levelo_inurba_marseille
ce4bhi12rcd13ifvqfq0,527.0,20.0,0.0,0.0,0.0,levelo_inurba_marseille
ce4bhih2rcd13ifvqfr0,527.0,30.0,0.0,0.0,0.0,levelo_inurba_marseille
ce4bhih2rcd13ifvqfs0,527.0,20.0,0.0,0.0,0.0,levelo_inurba_marseille
ce4bhip2rcd13ifvqft0,527.0,20.0,0.0,0.0,0.0,levelo_inurba_marseille
ce4bhjp2rcd13ifvqg90,527.0,30.0,0.0,0.0,0.0,levelo_inurba_marseille
ce4bhjp2rcd13ifvqga0,527.0,20.0,0.0,0.003795066413662239,0.0,levelo_inurba_marseille
ce4bhk92rcd13ifvqgb0,527.0,10.0,0.0,0.0,0.0,levelo_inurba_marseille
ce4bhk92rcd13ifvqgc0,527.0,30.0,0.0,0.0,0.0,levelo_inurba_marseille
ce4bhkp2rcd13ifvqgd0,527.0,20.0,0.0,0.024667931688804556,0.0,levelo_inurba_marseille
ce4bhl12rcd13ifvqgf0,527.0,20.0,0.0,0.0,0.0,levelo_inurba_marseille
ce4bhl92rcd13ifvqghg,527.0,20.0,0.0,0.0,0.0,levelo_inurba_marseille
ce4bhlh2rcd13ifvqgig,527.0,20.0,0.0,0.0,0.0,levelo_inurba_marseille
ce4bhlp2rcd13ifvqgjg,527.0,10.0,0.0,0.0,0.0,levelo_inurba_marseille
ce4bhm12rcd13ifvqgkg,527.0,20.0,0.0,0.0,0.0,levelo_inurba_marseille
ce4bhm92rcd13ifvqglg,527.0,20.0,0.0,1.0,0.0,levelo_inurba_marseille
ce4bhmh2rcd13ifvqgmg,527.0,20.0,0.0,0.09487666034155598,0.0,levelo_inurba_marseille
ce4bhmp2rcd13ifvqgng,527.0,20.0,0.0,0.0,0.0,levelo_inurba_marseille
ce4bhmp2rcd13ifvqgog,527.0,40.0,0.0,0.0,0.0,levelo_inurba_marseille
ce4bhn12rcd13ifvqgpg,527.0,20.0,0.0,0.0,0.0,levelo_inurba_marseille
ce4bhn12rcd13ifvqgqg,527.0,20.0,0.33206831119544594,0.0,0.0,levelo_inurba_marseille
ce4bhn92rcd13ifvqgrg,527.0,10.0,0.0,0.0,0.0,levelo_inurba_marseille
ce4bhn92rcd13ifvqgsg,527.0,20.0,0.0,0.0,0.0,levelo_inurba_marseille
ce4bhnh2rcd13ifvqgtg,527.0,20.0,0.09487666034155598,0.0,0.0,levelo_inurba_marseille
ce4bhnh2rcd13ifvqgug,527.0,20.0,0.0,0.0,0.0,levelo_inurba_marseille
ce4bhnp2rcd13ifvqgvg,527.0,20.0,0.0,0.0,0.0,levelo_inurba_marseille
ce4bhnp2rcd13ifvqh0g,527.0,20.0,0.0,0.0,0.0,levelo_inurba_marseille
ce4bho12rcd13ifvqh1g,527.0,20.0,0.0,0.0,0.0,levelo_inurba_marseille
ce4bho12rcd13ifvqh2g,527.0,20.0,0.0,0.0,0.0,levelo_inurba_marseille
ce4bho92rcd13ifvqh3g,527.0,20.0,0.0,0.0,0.0,levelo_inurba_marseille
ce4bho92rcd13ifvqh4g,527.0,20.0,0.0,0.0,0.0,levelo_inurba_marseille
ce4bhoh2rcd13ifvqh5g,527.0,20.0,0.0,0.0,0.0,levelo_inurba_marseille
ce4bhoh2rcd13ifvqh6g,527.0,20.0,0.0,0.3984819734345351,0.0,levelo_inurba_marseille
ce4bhop2rcd13ifvqh7g,527.0,20.0,0.0,0.0056925996204933585,0.0,levelo_inurba_marseille
ce4bhop2rcd13ifvqh8g,527.0,10.0,0.0,0.7950664136622391,0.0,levelo_inurba_marseille
ce4bhp12rcd13ifvqh9g,527.0,20.0,0.0,0.0,0.0,levelo_inurba_marseille
ce4bhp92rcd13ifvqhag,527.0,10.0,0.0,0.0,0.0,levelo_inurba_marseille
ce4bhp92rcd13ifvqhbg,527.0,20.0,0.0,0.10056925996204934,0.0,levelo_inurba_marseille
ce4bhp92rcd13ifvqhcg,527.0,20.0,0.0,0.0,0.0,levelo_inurba_marseille
ce4bhph2rcd13ifvqhdg,527.0,40.0,0.0,0.0,0.0,levelo_inurba_marseille
ce4bhpp2rcd13ifvqhfg,527.0,10.0,0.0,0.0,0.0,levelo_inurba_marseille
ce4bhpp2rcd13ifvqhgg,527.0,20.0,0.0,0.3415559772296015,0.0,levelo_inurba_marseille
ce4bhq12rcd13ifvqhhg,527.0,20.0,0.0,0.23529411764705882,0.0,levelo_inurba_marseille
ce4bhq12rcd13ifvqhig,527.0,20.0,0.0,0.09487666034155598,0.0,levelo_inurba_marseille
ce4bhq92rcd13ifvqhkg,527.0,30.0,0.0,0.06641366223908918,0.0,levelo_inurba_marseille
ce4bhqh2rcd13ifvqhlg,527.0,20.0,0.0,1.0,0.0,levelo_inurba_marseille
ce4bhqh2rcd13ifvqhmg,527.0,30.0,0.0,0.0,0.0,levelo_inurba_marseille
ce4bhqp2rcd13ifvqhng,527.0,20.0,0.0,0.0,0.0,levelo_inurba_marseille
ce4bhqp2rcd13ifvqhog,527.0,20.0,0.0,0.0,0.0,levelo_inurba_marseille
ce4bhr12rcd13ifvqhpg,527.0,20.0,0.0,0.0,0.0,levelo_inurba_marseille
ce4bhr12rcd13ifvqhqg,527.0,20.0,0.0,0.0,0.0,levelo_inurba_marseille
ce4bhr92rcd13ifvqhrg,527.0,20.0,0.0,0.0,0.0,levelo_inurba_marseille
ce4bhr92rcd13ifvqhsg,527.0,20.0,0.0,0.09487666034155598,0.0,levelo_inurba_marseille
ce4bhrh2rcd13ifvqhug,527.0,20.0,0.8709677419354839,0.0,0.0,levelo_inurba_marseille
ce4bhs12rcd13ifvqhvg,527.0,20.0,0.0,0.0,0.0,levelo_inurba_marseille
ce4bhsh2rcd13ifvqi2g,527.0,20.0,0.0,0.0,0.0,levelo_inurba_marseille
ce4bhsp2rcd13ifvqi50,527.0,20.0,0.0,0.0,0.0,levelo_inurba_marseille
ce4bht12rcd13ifvqi60,527.0,20.0,0.0,0.03225806451612903,0.0,levelo_inurba_marseille
ce4bhu92rcd13ifvqi70,527.0,20.0,0.0,0.0,0.0,levelo_inurba_marseille
ce501612rcd8frsf0b60,527.0,20.0,0.0,0.022770398481973434,0.0,levelo_inurba_marseille
chh1huq6cuj3fo74tm60,527.0,20.0,0.0,0.0,0.0,levelo_inurba_marseille
cjm6bp8fraef2m0cb0m0,527.0,20.0,0.0,0.0,0.0,levelo_inurba_marseille
cki0cbj6b192h4jlfktg,527.0,20.0,0.9032258064516129,0.0,0.0,levelo_inurba_marseille
cpo3342slgdg3j2ifvpg,527.0,30.0,0.0,0.0,0.0,levelo_inurba_marseille
cpo3532slgdg3j2ikp40,527.0,20.0,0.0,0.0,0.0,levelo_inurba_marseille
cpo36qri1sfpv3e86is0,527.0,20.0,0.0,0.0,0.0,levelo_inurba_marseille
st_cvj5dfep6f1abm77gieg,527.0,100.0,0.0,0.036053130929791274,0.0,levelo_inurba_marseille
st_cvj6ca6bvosntc0bfgr0,527.0,30.0,0.0,0.0,0.0,levelo_inurba_marseille
st_cvj6r9ubvosntc0bgbag,527.0,100.0,0.0,1.0,0.0,levelo_inurba_marseille
st_cvj6sg6p6f1abm77japg,527.0,100.0,0.0,0.0,0.0,levelo_inurba_marseille
st_d2m65c5bi1j21697t3ng,527.0,30.0,0.0,0.0,0.0,levelo_inurba_marseille
st_d2m6c4gdas8pm72e190g,527.0,20.0,0.0,0.0,0.0,levelo_inurba_marseille
st_d2ngiaodas8pm72gd1h0,527.0,30.0,0.0,0.0,0.0,levelo_inurba_marseille
st_d2o4gvlbi1j2169b742g,527.0,40.0,0.0,0.0,0.0,levelo_inurba_marseille
st_d3b462108ojc7389ooeg,527.0,30.0,0.0,0.0,0.0,levelo_inurba_marseille
st_d3j5ugp08ojc73fj9d10,527.0,20.0,0.0,0.06072106261859583,0.0,levelo_inurba_marseille
st_d3jp68qikq2c7381ktn0,527.0,20.0,0.0,0.0,0.0,levelo_inurba_marseille
st_d3js3co5814s73ftftug,527.0,20.0,0.0,0.0,0.0,levelo_inurba_marseille
st_d3md5207bmas73dh9klg,527.0,20.0,0.0,0.0,0.0,levelo_inurba_marseille
st_d3n2fo6cfp8s73cte1j0,527.0,20.0,0.0,0.0,0.0,levelo_inurba_marseille
st_d3nk18o9ro0c73en2l3g,527.0,,,,,levelo_inurba_marseille
st_d3svhcjqgbts73a3dn0g,527.0,30.0,0.0,0.0,0.0,levelo_inurba_marseille
st_d45171o9ee8s73djdqug,527.0,30.0,0.0,1.0,0.0,levelo_inurba_marseille
st_d46cu089ee8s73dldbu0,527.0,20.0,0.0,0.0,0.0,levelo_inurba_marseille
st_d46tts09ee8s73dlu43g,527.0,30.0,0.0,0.056925996204933584,0.0,levelo_inurba_marseille
st_d4a3vfp97mjs738cd8kg,527.0,20.0,0.0,0.0,0.0,levelo_inurba_marseille
st_d4a7ka997mjs738ck50g,527.0,30.0,0.0,0.0,0.0,levelo_inurba_marseille
st_d4asgbiv49dc73anf9m0,527.0,20.0,0.0,0.0,0.0,levelo_inurba_marseille
st_d4e5ca6na9uc73bfl5fg,527.0,20.0,0.0,0.013282732447817837,0.0,levelo_inurba_marseille
st_d4kl2rp97mjs73e7tdfg,527.0,40.0,0.0,0.0,0.0,levelo_inurba_marseille
1,479.0,,,,,libelo
10,479.0,20.0,0.0,0.0,0.0,libelo
11,479.0,,,,,libelo
13,479.0,,,,,libelo
14,479.0,,,,,libelo
15,479.0,,,,,libelo
16,479.0,,,,,libelo
17,479.0,,,,,libelo
18,479.0,,,,,libelo
19,479.0,,,,,libelo
2,479.0,,,,,libelo
20,479.0,,,,,libelo
21,479.0,,,,,libelo
22,479.0,,,,,libelo
23,479.0,,,,,libelo
24,479.0,,,,,libelo
25,479.0,,,,,libelo
26,479.0,,,,,libelo
27,479.0,,,,,libelo
28,479.0,,,,,libelo
29,479.0,,,,,libelo
3,479.0,,,,,libelo
31,479.0,,,,,libelo
32,479.0,,,,,libelo
33,479.0,,,,,libelo
34,479.0,,,,,libelo
35,479.0,,,,,libelo
37,479.0,,,,,libelo
38,479.0,,,,,libelo
39,479.0,,,,,libelo
4,479.0,,,,,libelo
40,479.0,,,,,libelo
41,479.0,,,,,libelo
42,479.0,,,,,libelo
43,479.0,,,,,libelo
44,479.0,,,,,libelo
45,479.0,,,,,libelo
46,479.0,20.0,0.0,0.0,0.0,libelo
48,479.0,,,,,libelo
49,479.0,,,,,libelo
5,479.0,,,,,libelo
50,479.0,,,,,libelo
51,479.0,,,,,libelo
52,479.0,,,,,libelo
53,479.0,,,,,libelo
54,479.0,,,,,libelo
55,479.0,,,,,libelo
56,479.0,,,,,libelo
57,479.0,15.0,0.0,0.0,0.0,libelo
59,479.0,,,,,libelo
6,479.0,,,,,libelo
60,479.0,,,,,libelo
61,479.0,,,,,libelo
62,479.0,,,,,libelo
63,479.0,,,,,libelo
64,479.0,,,,,libelo
65,479.0,,,,,libelo
66,479.0,,,,,libelo
67,479.0,,,,,libelo
68,479.0,,,,,libelo
69,479.0,,,,,libelo
7,479.0,,,,,libelo
70,479.0,,,,,libelo
71,479.0,,,,,libelo
72,479.0,,,,,libelo
73,479.0,,,,,libelo
8,479.0,,,,,libelo
9,479.0,,,,,libelo
1,534.0,,,,,lyon
10001,534.0,30.0,0.0,0.7940074906367042,0.0,lyon
10002,534.0,55.0,0.0,0.03745318352059925,0.0,lyon
10004,534.0,10.0,0.0,0.0,0.0,lyon
10005,534.0,35.0,0.0,0.16666666666666666,0.0,lyon
10006,534.0,46.0,0.0,0.0299625468164794,0.0,lyon
10007,534.0,20.0,0.0,0.0,0.0,lyon
10008,534.0,24.0,0.0,0.0,0.0,lyon
1001,534.0,16.0,0.0,0.0,0.0,lyon
10010,534.0,16.0,0.0,0.018726591760299626,0.0,lyon
10011,534.0,16.0,0.0,0.0,0.0,lyon
10012,534.0,16.0,0.0,0.0,0.0,lyon
10013,534.0,20.0,0.0,0.0,0.0,lyon
10014,534.0,28.0,0.0,0.0,0.0,lyon
10015,534.0,18.0,0.0,0.0,0.0,lyon
10016,534.0,17.0,0.0,0.0,0.0,lyon
10017,534.0,15.0,0.0,0.0,0.0,lyon
10018,534.0,24.0,0.0,0.0,0.0,lyon
10019,534.0,30.0,0.0,0.0,0.0,lyon
1002,534.0,16.0,0.07865168539325842,0.3333333333333333,0.0,lyon
10021,534.0,19.0,0.0,0.0,0.0,lyon
10023,534.0,25.0,0.0,0.0,0.0,lyon
10024,534.0,23.0,0.0,0.0,0.0,lyon
10025,534.0,16.0,0.0,0.0,0.0,lyon
10027,534.0,26.0,0.0,0.0,0.0,lyon
10028,534.0,24.0,0.0,0.0,0.0,lyon
1003,534.0,22.0,0.0,0.0018726591760299626,0.0,lyon
10030,534.0,18.0,0.0,0.0,0.0,lyon
10031,534.0,22.0,0.0,0.0,0.0,lyon
10032,534.0,13.0,0.0,0.0,0.0,lyon
10034,534.0,18.0,0.0,0.0,0.0,lyon
10035,534.0,16.0,0.0,0.0,0.0,lyon
10036,534.0,21.0,0.0,0.2565543071161049,0.0,lyon
10037,534.0,15.0,0.0,0.0,0.0,lyon
10038,534.0,23.0,0.0,0.0,0.0,lyon
10039,534.0,16.0,0.0,0.0,0.0,lyon
10041,534.0,16.0,0.0,1.0,0.0,lyon
10043,534.0,20.0,0.0,0.0,0.0,lyon
10044,534.0,25.0,0.0,0.0,0.0,lyon
10045,534.0,20.0,0.0,0.0,0.0,lyon
10046,534.0,23.0,0.0,0.0,0.0,lyon
10047,534.0,15.0,0.0,0.0,0.0,lyon
10048,534.0,27.0,0.0,0.0,0.0,lyon
1005,534.0,16.0,0.0,0.0,0.0,lyon
10053,534.0,30.0,0.0,0.06367041198501873,0.0,lyon
10054,534.0,24.0,0.0,0.09363295880149813,0.0,lyon
10055,534.0,15.0,0.0,0.0,0.0,lyon
10056,534.0,35.0,0.0,0.27153558052434457,0.0018726591760299626,lyon
10058,534.0,22.0,0.0,0.0,0.0,lyon
10059,534.0,13.0,0.0,0.052434456928838954,0.0,lyon
1006,534.0,22.0,0.0,0.02247191011235955,0.0,lyon
10060,534.0,15.0,0.0,0.0,0.0,lyon
10061,534.0,17.0,0.0,0.0,0.0,lyon
10063,534.0,34.0,0.0,0.0,0.0,lyon
10064,534.0,15.0,0.0,0.0,0.0,lyon
10071,534.0,15.0,0.0,0.0,0.0,lyon
10072,534.0,23.0,0.0,0.0,0.0,lyon
10073,534.0,25.0,0.0,0.0,0.0,lyon
10074,534.0,19.0,0.0,0.0,0.0,lyon
10079,534.0,20.0,0.0,1.0,1.0,lyon
10080,534.0,17.0,0.0,0.0,0.0,lyon
10083,534.0,15.0,0.0,0.0,0.0,lyon
10084,534.0,30.0,0.0,0.2397003745318352,0.0,lyon
10086,534.0,10.0,0.0,0.0,0.0,lyon
10087,534.0,12.0,0.0,0.0,0.0,lyon
10088,534.0,19.0,0.0,0.0,0.0,lyon
10089,534.0,15.0,0.0,0.0,0.0,lyon
10091,534.0,16.0,0.0,0.0,0.0,lyon
10092,534.0,17.0,0.0,0.0,0.0,lyon
10101,534.0,34.0,0.0,0.00749063670411985,0.0,lyon
10102,534.0,30.0,0.0,0.9400749063670412,0.0,lyon
10103,534.0,30.0,0.0,0.9569288389513109,0.0,lyon
10110,534.0,24.0,0.0,0.0,0.0,lyon
10111,534.0,20.0,0.0,0.20599250936329588,0.0,lyon
10112,534.0,32.0,0.0,0.0,0.0,lyon
10113,534.0,22.0,0.0,0.0,0.0,lyon
10114,534.0,20.0,0.0,0.06179775280898876,0.0,lyon
10115,534.0,22.0,0.0,0.0,0.0,lyon
10116,534.0,16.0,0.0,0.0,0.0,lyon
10117,534.0,22.0,0.0,0.0149812734082397,0.0,lyon
10118,534.0,22.0,0.0,0.0,0.0,lyon
10119,534.0,12.0,0.0,0.0,0.0,lyon
1012,534.0,26.0,0.0,0.33707865168539325,0.0,lyon
10120,534.0,15.0,0.0,0.0,0.0,lyon
10121,534.0,16.0,0.0,1.0,1.0,lyon
10122,534.0,18.0,0.0,1.0,1.0,lyon
10123,534.0,12.0,0.0,0.0,0.0,lyon
10124,534.0,24.0,0.0,0.0,0.0,lyon
10125,534.0,15.0,0.0,0.0,0.0,lyon
1013,534.0,11.0,0.0,0.0,0.0,lyon
1016,534.0,17.0,0.0,0.0,0.0,lyon
1020,534.0,18.0,0.0,0.0,0.0,lyon
1021,534.0,11.0,0.0,1.0,1.0,lyon
1022,534.0,36.0,0.0,0.0,0.0,lyon
1023,534.0,20.0,0.0,0.0,0.0,lyon
1024,534.0,17.0,0.0,0.0,0.0,lyon
1031,534.0,12.0,0.009363295880149813,0.0,0.0,lyon
1032,534.0,22.0,0.0,0.4550561797752809,0.0,lyon
1034,534.0,16.0,0.0,0.00749063670411985,0.0,lyon
1035,534.0,16.0,0.0,0.0,0.0,lyon
1036,534.0,17.0,0.0,0.0,0.0,lyon
1037,534.0,20.0,0.0,0.0,0.0,lyon
11001,534.0,16.0,0.0,1.0,1.0,lyon
11002,534.0,20.0,0.0,0.0,0.0,lyon
11003,534.0,20.0,0.0,0.0,0.0,lyon
11004,534.0,15.0,0.0,0.0,0.0,lyon
11005,534.0,25.0,0.0,0.0,0.0,lyon
12001,534.0,17.0,0.0,0.37640449438202245,0.0,lyon
12002,534.0,20.0,0.0,0.003745318352059925,0.0,lyon
12003,534.0,15.0,0.0,0.0,0.0,lyon
12004,534.0,30.0,0.0,0.0,0.0,lyon
12005,534.0,20.0,0.0,0.0,0.0,lyon
13001,534.0,20.0,0.0,0.0,0.0,lyon
13500,534.0,12.0,0.0,0.0,0.0,lyon
14001,534.0,13.0,0.0,0.0,0.0,lyon
14003,534.0,25.0,0.0,0.0,0.0,lyon
14004,534.0,23.0,0.0,0.0,0.0,lyon
14005,534.0,30.0,0.0,0.028089887640449437,0.0,lyon
15001,534.0,20.0,0.0,0.0,0.0,lyon
15002,534.0,20.0,0.0,0.0,0.0,lyon
16001,534.0,20.0,0.0,0.0,0.0,lyon
16002,534.0,18.0,0.0,0.0,0.0,lyon
16003,534.0,25.0,0.0,0.018726591760299626,0.0,lyon
16004,534.0,25.0,0.0,0.0,0.0,lyon
16005,534.0,25.0,0.0,0.0,0.0,lyon
16006,534.0,15.0,0.0,0.0,0.0,lyon
16007,534.0,15.0,0.0,0.0,0.0,lyon
16011,534.0,12.0,0.0,0.0,0.0,lyon
17001,534.0,27.0,0.0,0.0,0.0,lyon
17002,534.0,11.0,0.0,0.0,0.0,lyon
17003,534.0,18.0,0.0,0.0,0.0,lyon
17004,534.0,15.0,0.0,0.0,0.0,lyon
17005,534.0,15.0,0.0,0.0,0.0,lyon
18001,534.0,15.0,0.0,0.0,0.0,lyon
19001,534.0,12.0,0.0,0.0,0.0,lyon
19002,534.0,15.0,0.0,0.0,0.0,lyon
20001,534.0,40.0,0.0,0.0,0.0,lyon
20002,534.0,18.0,0.0,0.0,0.0,lyon
20003,534.0,24.0,0.0,0.0,0.0,lyon
2001,534.0,16.0,0.0,0.6423220973782772,0.0,lyon
2002,534.0,16.0,0.5205992509363296,0.035580524344569285,0.0,lyon
2003,534.0,16.0,0.0,0.0,0.0,lyon
2004,534.0,16.0,0.0,0.6629213483146067,0.0,lyon
2005,534.0,16.0,0.0,0.028089887640449437,0.0,lyon
2006,534.0,20.0,0.0,0.0,0.0,lyon
2007,534.0,16.0,0.016853932584269662,0.8146067415730337,0.0,lyon
2008,534.0,16.0,0.0,0.6741573033707865,0.0,lyon
2009,534.0,16.0,0.0,0.0,0.0,lyon
2010,534.0,16.0,0.0,0.0018726591760299626,0.0,lyon
2011,534.0,16.0,0.0,0.0,0.0,lyon
2012,534.0,16.0,0.0,0.2247191011235955,0.0,lyon
2013,534.0,16.0,0.13295880149812733,0.0,0.0,lyon
2014,534.0,16.0,0.0,0.0,0.0,lyon
2015,534.0,27.0,0.0,0.7153558052434457,0.0,lyon
2016,534.0,12.0,0.0,0.7359550561797753,0.0,lyon
2017,534.0,25.0,0.0,0.5842696629213483,0.0,lyon
2018,534.0,50.0,0.0,0.7621722846441947,0.0,lyon
2019,534.0,20.0,0.0,0.9194756554307116,0.0,lyon
202,534.0,17.0,0.0,0.0,0.0,lyon
2020,534.0,20.0,0.0,0.0,0.0,lyon
2021,534.0,30.0,0.0,0.0299625468164794,0.0,lyon
2022,534.0,30.0,0.0,0.8333333333333334,0.0,lyon
2023,534.0,18.0,0.0,0.0,0.0,lyon
2024,534.0,24.0,0.0,0.4868913857677903,0.0,lyon
2025,534.0,18.0,0.0,0.0,0.0,lyon
2026,534.0,28.0,0.0,0.9063670411985019,0.0,lyon
2027,534.0,20.0,0.0,0.0,0.0,lyon
2028,534.0,16.0,0.0,0.018726591760299626,0.0,lyon
2029,534.0,18.0,0.0,0.9269662921348315,0.0,lyon
2030,534.0,32.0,0.0,0.6985018726591761,0.0,lyon
2035,534.0,23.0,0.0,0.7528089887640449,0.0,lyon
2036,534.0,30.0,0.0,0.0,0.0,lyon
2037,534.0,40.0,0.0,0.00749063670411985,0.0,lyon
2038,534.0,24.0,0.0,0.0,0.0,lyon
2039,534.0,17.0,0.0,1.0,1.0,lyon
2040,534.0,23.0,0.0,0.5393258426966292,0.0,lyon
2041,534.0,21.0,0.0,0.26217228464419473,0.0,lyon
2042,534.0,20.0,0.0,0.0,0.0,lyon
21001,534.0,24.0,0.0,0.0,0.0,lyon
22001,534.0,15.0,0.0,0.0,0.0,lyon
23001,534.0,12.0,0.0,0.031835205992509365,0.0,lyon
24001,534.0,12.0,0.0,0.011235955056179775,0.0,lyon
24500,534.0,15.0,0.0,0.3445692883895131,0.0,lyon
25001,534.0,12.0,0.0,0.0,0.0,lyon
26001,534.0,17.0,0.0,0.0,0.0,lyon
27001,534.0,24.0,0.0,0.0,0.0,lyon
27002,534.0,15.0,0.0,0.0,0.0,lyon
28001,534.0,20.0,0.0,0.0,0.0,lyon
28002,534.0,20.0,0.0,0.0,0.0,lyon
30001,534.0,12.0,0.0,0.0,0.0,lyon
30002,534.0,20.0,0.0,0.0,0.0,lyon
3003,534.0,16.0,0.0,0.4288389513108614,0.0,lyon
3004,534.0,16.0,0.0,0.054307116104868915,0.0,lyon
3005,534.0,26.0,0.0,0.0,0.0,lyon
3006,534.0,23.0,0.0,0.1348314606741573,0.0,lyon
3007,534.0,32.0,0.0,0.10112359550561797,0.0,lyon
3008,534.0,18.0,0.0,0.32397003745318353,0.0,lyon
3009,534.0,22.0,0.0,0.0,0.0,lyon
3010,534.0,34.0,0.0,0.19288389513108614,0.0,lyon
3011,534.0,40.0,0.0,0.7415730337078652,0.0,lyon
3012,534.0,25.0,0.0,0.0,0.0,lyon
3013,534.0,21.0,0.0,0.0,0.0,lyon
3014,534.0,40.0,0.0,0.7790262172284644,0.0,lyon
3015,534.0,32.0,0.0,0.7340823970037453,0.0,lyon
3016,534.0,9.0,0.0,0.8426966292134831,0.0,lyon
3017,534.0,37.0,0.0,0.0149812734082397,0.0,lyon
3018,534.0,30.0,0.0,0.0,0.0,lyon
3019,534.0,39.0,0.0,0.6310861423220974,0.0,lyon
3021,534.0,20.0,0.0,0.0,0.0,lyon
3024,534.0,21.0,0.0,0.0,0.0,lyon
3029,534.0,38.0,0.0,0.0,0.0,lyon
3031,534.0,13.0,0.0,0.8876404494382022,0.0,lyon
3033,534.0,18.0,0.0,1.0,1.0,lyon
3034,534.0,30.0,0.0,0.0149812734082397,0.0,lyon
3035,534.0,24.0,0.0,1.0,1.0,lyon
3036,534.0,34.0,0.0,0.0018726591760299626,0.0,lyon
3037,534.0,21.0,0.0,0.0,0.0,lyon
3038,534.0,20.0,0.0,0.9157303370786517,0.0,lyon
3039,534.0,19.0,0.0,0.0,0.0,lyon
3040,534.0,35.0,0.0,0.0,0.0,lyon
3043,534.0,16.0,0.0,0.0,0.0,lyon
3044,534.0,19.0,0.0,0.7509363295880149,0.0,lyon
3050,534.0,20.0,0.0,0.054307116104868915,0.0,lyon
3051,534.0,13.0,0.0,0.016853932584269662,0.0,lyon
3053,534.0,13.0,0.0,0.0,0.0,lyon
3058,534.0,19.0,0.0,0.8707865168539326,0.0,lyon
3066,534.0,19.0,0.0,0.0,0.0,lyon
3067,534.0,15.0,0.0,0.0,0.0,lyon
3068,534.0,28.0,0.0,0.0,0.0,lyon
3069,534.0,30.0,0.0,0.0,0.0,lyon
3070,534.0,30.0,0.0,0.009363295880149813,0.0,lyon
3071,534.0,23.0,0.0,0.06367041198501873,0.0,lyon
3079,534.0,16.0,0.0,0.026217228464419477,0.0,lyon
3080,534.0,30.0,0.0,0.700374531835206,0.0,lyon
3081,534.0,28.0,0.0,0.06554307116104868,0.0,lyon
3082,534.0,28.0,0.0,0.0,0.0,lyon
3083,534.0,18.0,0.0,0.7059925093632958,0.0,lyon
3084,534.0,28.0,0.0,0.11423220973782772,0.0,lyon
3085,534.0,16.0,0.0,0.0,0.0,lyon
3086,534.0,16.0,0.0,0.009363295880149813,0.0,lyon
3087,534.0,20.0,0.0,0.6385767790262172,0.0,lyon
3088,534.0,16.0,0.0,0.0149812734082397,0.0,lyon
3089,534.0,24.0,0.0,0.0,0.0,lyon
3090,534.0,20.0,0.0,0.9831460674157303,0.0,lyon
3094,534.0,38.0,0.0,0.795880149812734,0.0,lyon
3097,534.0,40.0,0.0,0.6779026217228464,0.0,lyon
3099,534.0,18.0,0.0,0.0,0.0,lyon
3100,534.0,17.0,0.0,0.0,0.0,lyon
3101,534.0,20.0,0.0,0.0,0.0,lyon
3102,534.0,16.0,0.0,0.0,0.0,lyon
3103,534.0,18.0,0.0,0.04681647940074907,0.0,lyon
3138,534.0,19.0,0.0,0.4307116104868914,0.0,lyon
32001,534.0,17.0,0.0,0.0,0.0,lyon
33001,534.0,18.0,0.0,0.0,0.0,lyon
34001,534.0,20.0,0.0,0.0,0.0,lyon
34002,534.0,15.0,0.0,0.0,0.0,lyon
35001,534.0,15.0,0.0,0.0,0.0,lyon
4001,534.0,16.0,0.0,0.04868913857677903,0.0,lyon
4002,534.0,16.0,0.951310861423221,0.0,0.0,lyon
4003,534.0,16.0,0.7715355805243446,0.0,0.0,lyon
4004,534.0,22.0,0.0,0.0,0.0,lyon
4005,534.0,12.0,0.0,0.0,0.0,lyon
4006,534.0,23.0,0.0,0.0,0.0,lyon
4007,534.0,18.0,0.0,0.0,0.0,lyon
4008,534.0,20.0,0.0,0.0,0.0,lyon
4009,534.0,14.0,0.0,0.0,0.0,lyon
4011,534.0,20.0,0.0,0.0,0.0,lyon
4012,534.0,30.0,0.0,0.0,0.0,lyon
4014,534.0,13.0,0.0,0.0,0.0,lyon
4017,534.0,17.0,0.0,0.0,0.0,lyon
4021,534.0,10.0,0.0,0.0,0.0,lyon
4022,534.0,21.0,0.0,0.0,0.0,lyon
4023,534.0,22.0,0.0,0.0018726591760299626,0.0,lyon
4024,534.0,25.0,0.0,0.0,0.0,lyon
4025,534.0,20.0,0.0,0.0,0.0,lyon
4026,534.0,20.0,0.0,0.0,0.0,lyon
4041,534.0,18.0,0.0,0.0,0.0,lyon
4042,534.0,16.0,0.0,0.0,0.0,lyon
5001,534.0,16.0,0.0,0.0,0.0,lyon
5002,534.0,16.0,0.0,0.0,0.0,lyon
5004,534.0,16.0,0.03745318352059925,0.0,0.0,lyon
5005,534.0,16.0,0.37265917602996257,0.0,0.0,lyon
5006,534.0,17.0,0.0,0.0,0.0,lyon
5007,534.0,16.0,0.0,0.0,0.0,lyon
5008,534.0,20.0,0.0,0.0,0.0,lyon
5009,534.0,16.0,0.0,0.0,0.0,lyon
5015,534.0,19.0,0.0,0.020599250936329586,0.0,lyon
5016,534.0,13.0,0.0,0.0,0.0,lyon
5026,534.0,14.0,0.0,0.0,0.0,lyon
5029,534.0,20.0,0.0,0.0,0.0,lyon
5030,534.0,32.0,0.0,0.04681647940074907,0.0,lyon
5031,534.0,20.0,0.0,0.0,0.0,lyon
5032,534.0,12.0,0.0,0.0,0.0,lyon
5036,534.0,15.0,0.0,0.0,0.0,lyon
5040,534.0,20.0,0.0,0.0,0.0,lyon
5041,534.0,21.0,0.0,0.0,0.0,lyon
5044,534.0,15.0,0.0,0.0,0.0,lyon
5045,534.0,18.0,0.0,0.05056179775280899,0.0,lyon
5046,534.0,15.0,0.0,0.0,0.0,lyon
5047,534.0,16.0,0.0,0.05805243445692884,0.0,lyon
5051,534.0,15.0,0.0,0.07116104868913857,0.0,lyon
5053,534.0,18.0,0.0,0.024344569288389514,0.0,lyon
5054,534.0,18.0,0.0,1.0,1.0,lyon
5055,534.0,20.0,0.0,0.0,0.0,lyon
555,534.0,3.0,0.0,0.0,0.0,lyon
6001,534.0,16.0,0.0,0.2808988764044944,0.0,lyon
6002,534.0,40.0,0.0,0.0,0.0,lyon
6003,534.0,20.0,0.0,0.14606741573033707,0.0,lyon
6004,534.0,20.0,0.0,0.0,0.0,lyon
6005,534.0,23.0,0.0,0.0018726591760299626,0.0,lyon
6006,534.0,15.0,0.0,0.020599250936329586,0.0,lyon
6007,534.0,27.0,0.0,0.00749063670411985,0.0,lyon
6008,534.0,20.0,0.0,0.09363295880149813,0.0,lyon
6011,534.0,23.0,0.0,0.0898876404494382,0.0,lyon
6012,534.0,10.0,0.0,0.0,0.0,lyon
6016,534.0,16.0,0.0,0.5131086142322098,0.0,lyon
6017,534.0,30.0,0.0,0.0,0.0,lyon
6020,534.0,15.0,0.0,0.026217228464419477,0.0,lyon
6021,534.0,11.0,0.0,0.0,0.0,lyon
6022,534.0,20.0,0.0,0.0,0.0,lyon
6023,534.0,14.0,0.0,0.0,0.0,lyon
6024,534.0,10.0,0.0,0.24719101123595505,0.0,lyon
6025,534.0,30.0,0.0,0.0,0.0,lyon
6028,534.0,16.0,0.0,0.06928838951310862,0.0,lyon
6031,534.0,13.0,0.0,0.1348314606741573,0.0,lyon
6032,534.0,20.0,0.0,0.0,0.0,lyon
6033,534.0,15.0,0.0,0.31086142322097376,0.0,lyon
6035,534.0,21.0,0.0,0.0,0.0,lyon
6036,534.0,23.0,0.0,0.8558052434456929,0.0,lyon
6037,534.0,27.0,0.0,0.06741573033707865,0.0,lyon
6039,534.0,20.0,0.0,0.16104868913857678,0.0,lyon
6040,534.0,15.0,0.0,0.0299625468164794,0.0,lyon
6042,534.0,28.0,0.0,0.7359550561797753,0.0,lyon
6043,534.0,32.0,0.0,0.0,0.0,lyon
6044,534.0,21.0,0.0,0.0,0.0,lyon
6045,534.0,15.0,0.0,0.11235955056179775,0.0,lyon
7001,534.0,24.0,0.0,0.04307116104868914,0.0,lyon
7002,534.0,39.0,0.0,0.37453183520599254,0.0,lyon
7003,534.0,40.0,0.0,0.0,0.0,lyon
7004,534.0,30.0,0.0,0.0,0.0,lyon
7005,534.0,20.0,0.0,0.38202247191011235,0.0,lyon
7006,534.0,40.0,0.0,0.8333333333333334,0.0,lyon
7007,534.0,20.0,0.0,0.0,0.0,lyon
7008,534.0,10.0,0.0,0.033707865168539325,0.0,lyon
7009,534.0,16.0,0.0,0.009363295880149813,0.0,lyon
7010,534.0,19.0,0.0,0.009363295880149813,0.0,lyon
7011,534.0,15.0,0.0,0.0,0.0,lyon
7012,534.0,16.0,0.0,0.052434456928838954,0.0,lyon
7013,534.0,20.0,0.0,0.052434456928838954,0.0,lyon
7014,534.0,30.0,0.0,0.07865168539325842,0.0,lyon
7015,534.0,12.0,0.0,0.09363295880149813,0.0,lyon
7016,534.0,15.0,0.0,0.0,0.0,lyon
7017,534.0,20.0,0.0,0.0,0.0,lyon
7018,534.0,20.0,0.0,0.0,0.0,lyon
7019,534.0,32.0,0.0,0.0,0.0,lyon
7020,534.0,26.0,0.0,0.1853932584269663,0.0,lyon
7021,534.0,12.0,0.0,0.03932584269662921,0.0,lyon
7022,534.0,30.0,0.0,0.031835205992509365,0.0,lyon
7023,534.0,15.0,0.0,0.0,0.0,lyon
7024,534.0,21.0,0.0,0.0,0.0,lyon
7025,534.0,20.0,0.0,0.09363295880149813,0.0,lyon
7026,534.0,20.0,0.0,0.12734082397003746,0.0,lyon
7027,534.0,15.0,0.0,0.0,0.0,lyon
7030,534.0,30.0,0.0,0.0599250936329588,0.0,lyon
7031,534.0,20.0,0.0,0.003745318352059925,0.0,lyon
7033,534.0,33.0,0.0,0.27153558052434457,0.0,lyon
7034,534.0,31.0,0.0,0.04868913857677903,0.0,lyon
7035,534.0,40.0,0.0,0.0149812734082397,0.0,lyon
7036,534.0,25.0,0.0,0.0,0.0,lyon
7038,534.0,13.0,0.0,1.0,1.0,lyon
7039,534.0,10.0,0.0,1.0,0.0,lyon
7041,534.0,12.0,0.0,0.0,0.0,lyon
7045,534.0,25.0,0.0,0.0,0.0,lyon
7046,534.0,28.0,0.0,0.18164794007490637,0.0,lyon
7049,534.0,25.0,0.0,0.25280898876404495,0.0,lyon
7050,534.0,15.0,0.0,0.09363295880149813,0.0,lyon
7051,534.0,30.0,0.0,0.0,0.0,lyon
7052,534.0,25.0,0.0,0.0,0.0,lyon
7053,534.0,28.0,0.0,0.0,0.0,lyon
7055,534.0,16.0,0.0,0.0,0.0,lyon
7056,534.0,22.0,0.0,0.47752808988764045,0.0,lyon
7057,534.0,34.0,0.0,0.009363295880149813,0.0,lyon
7061,534.0,25.0,0.0,0.0,0.0,lyon
7062,534.0,19.0,0.0,0.0,0.0,lyon
7064,534.0,17.0,0.0,0.0,0.0,lyon
8001,534.0,36.0,0.0,0.054307116104868915,0.0,lyon
8002,534.0,20.0,0.0,0.03745318352059925,0.0,lyon
8003,534.0,16.0,0.0,0.0,0.0,lyon
8004,534.0,21.0,0.0,0.0,0.0,lyon
8006,534.0,20.0,0.0,0.30337078651685395,0.0,lyon
8007,534.0,15.0,0.0,1.0,1.0,lyon
8008,534.0,17.0,0.0,0.0,0.0,lyon
8009,534.0,20.0,0.0,0.0,0.0,lyon
8010,534.0,20.0,0.0,0.0,0.0,lyon
8011,534.0,14.0,0.0,0.0,0.0,lyon
8015,534.0,16.0,0.0,0.0,0.0,lyon
8020,534.0,22.0,0.0,0.0,0.0,lyon
8021,534.0,16.0,0.0,0.0,0.0,lyon
8023,534.0,23.0,0.0,0.7378277153558053,0.0,lyon
8024,534.0,12.0,0.0,0.0018726591760299626,0.0,lyon
8025,534.0,17.0,0.0,0.0,0.0,lyon
8029,534.0,22.0,0.0,0.0,0.0,lyon
8030,534.0,16.0,0.0,0.3464419475655431,0.0,lyon
8033,534.0,20.0,0.0,0.0,0.0,lyon
8034,534.0,13.0,0.0,0.0,0.0,lyon
8035,534.0,20.0,0.0,0.0,0.0,lyon
8037,534.0,19.0,0.0,0.0,0.0,lyon
8038,534.0,20.0,0.0,0.016853932584269662,0.0,lyon
8039,534.0,20.0,0.0,0.0,0.0,lyon
8040,534.0,24.0,0.0,0.013108614232209739,0.0,lyon
8041,534.0,20.0,0.0,0.0,0.0,lyon
8042,534.0,22.0,0.0,0.0,0.0,lyon
8050,534.0,18.0,0.0,0.10861423220973783,0.0,lyon
8051,534.0,20.0,0.0,0.0,0.0,lyon
8052,534.0,16.0,0.0,0.018726591760299626,0.0,lyon
8053,534.0,16.0,0.0,0.0,0.0,lyon
8054,534.0,20.0,0.0,0.0,0.0,lyon
8055,534.0,20.0,0.0,0.0,0.0,lyon
8056,534.0,18.0,0.0,0.0,0.0,lyon
8057,534.0,20.0,0.0,0.0,0.0,lyon
8058,534.0,16.0,0.0,0.054307116104868915,0.0,lyon
8059,534.0,15.0,0.0,0.8426966292134831,0.0,lyon
8060,534.0,17.0,0.0,0.0,0.0,lyon
8061,534.0,18.0,0.0,0.0,0.0,lyon
9002,534.0,27.0,0.0,0.0018726591760299626,0.0018726591760299626,lyon
9003,534.0,16.0,0.0,0.05056179775280899,0.0,lyon
9004,534.0,22.0,0.0,0.0,0.0,lyon
9006,534.0,16.0,0.0,0.0,0.0,lyon
9008,534.0,16.0,0.0,0.0,0.0,lyon
9009,534.0,15.0,0.0,0.0,0.0,lyon
9010,534.0,19.0,0.0,0.0,0.0,lyon
9011,534.0,19.0,0.0,0.016853932584269662,0.0,lyon
9013,534.0,20.0,0.0,0.08239700374531835,0.0,lyon
9014,534.0,30.0,0.0,0.0,0.0,lyon
9015,534.0,30.0,0.0,0.0,0.0,lyon
9020,534.0,12.0,0.0,0.0,0.0,lyon
9022,534.0,13.0,0.0,0.0,0.0,lyon
9029,534.0,15.0,0.0,0.0,0.0,lyon
9032,534.0,18.0,0.0,0.0,0.0,lyon
9033,534.0,40.0,0.0,0.0,0.0,lyon
9034,534.0,15.0,0.0,0.0,0.0,lyon
9040,534.0,12.0,0.0,0.08614232209737828,0.0,lyon
9041,534.0,18.0,0.0,0.05805243445692884,0.0,lyon
9042,534.0,19.0,0.0,0.0,0.0,lyon
9043,534.0,20.0,0.0,0.0,0.0,lyon
9044,534.0,16.0,0.0,0.0,0.0,lyon
9046,534.0,24.0,0.0,0.056179775280898875,0.0,lyon
9049,534.0,16.0,0.0,0.04307116104868914,0.0,lyon
9050,534.0,12.0,0.0,0.07677902621722846,0.0,lyon
9051,534.0,12.0,0.0,0.09363295880149813,0.0,lyon
9052,534.0,12.0,0.0,0.4307116104868914,0.0,lyon
9053,534.0,15.0,0.0,0.2209737827715356,0.0,lyon
001,528.0,12.0,0.0,0.0,0.0,montpellier
002,528.0,20.0,0.0,0.0,0.0,montpellier
004,528.0,16.0,0.0,0.0,0.0,montpellier
005,528.0,12.0,0.0,0.0,0.0,montpellier
006,528.0,27.0,0.0,0.0,0.0,montpellier
007,528.0,8.0,0.0,0.0,0.0,montpellier
009,528.0,8.0,0.0,0.0,0.0,montpellier
010,528.0,16.0,0.0,1.0,0.0,montpellier
011,528.0,12.0,0.0,0.0,0.0,montpellier
012,528.0,12.0,0.0,0.0,0.0,montpellier
013,528.0,8.0,0.0,0.0,0.0,montpellier
014,528.0,16.0,0.0,0.0,0.0,montpellier
015,528.0,8.0,0.0,0.0,0.0,montpellier
016,528.0,12.0,0.0,0.0,0.0,montpellier
017,528.0,16.0,0.0,0.0,0.0,montpellier
018,528.0,16.0,0.0,0.0,0.0,montpellier
019,528.0,16.0,0.0,0.0,0.0,montpellier
020,528.0,8.0,0.0,0.0,0.0,montpellier
021,528.0,16.0,0.0,0.0,0.0,montpellier
023,528.0,8.0,0.0,0.0,0.0,montpellier
024,528.0,8.0,0.0,0.0,0.0,montpellier
025,528.0,8.0,0.0,0.0,0.0,montpellier
026,528.0,8.0,0.0,1.0,0.0,montpellier
029,528.0,16.0,0.0,0.0,0.0,montpellier
030,528.0,8.0,0.0,0.0,0.0,montpellier
031,528.0,8.0,0.0,0.0,0.0,montpellier
032,528.0,8.0,0.0,0.0,0.0,montpellier
033,528.0,8.0,0.0,0.0,0.0,montpellier
034,528.0,16.0,0.0,0.0,0.0,montpellier
035,528.0,8.0,0.0,0.0,0.0,montpellier
036,528.0,32.0,0.0,0.0,0.0,montpellier
037,528.0,24.0,0.0,1.0,0.0,montpellier
038,528.0,12.0,0.0,0.0,0.0,montpellier
039,528.0,8.0,0.0,0.0,0.0,montpellier
040,528.0,8.0,0.0,1.0,0.0,montpellier
041,528.0,8.0,0.0,1.0,0.0,montpellier
042,528.0,8.0,0.0,1.0,0.0,montpellier
043,528.0,8.0,0.0,0.0,0.0,montpellier
044,528.0,8.0,0.0,0.0,0.0,montpellier
045,528.0,8.0,0.0,0.0,0.0,montpellier
046,528.0,8.0,0.0,0.0,0.0,montpellier
047,528.0,8.0,0.0,0.0,0.0,montpellier
048,528.0,8.0,0.0,0.0,0.0,montpellier
049,528.0,8.0,0.0,0.0,0.0,montpellier
050,528.0,8.0,0.0,0.8958333333333334,0.0,montpellier
051,528.0,12.0,0.0,0.0,0.0,montpellier
054,528.0,8.0,0.0,0.0,0.0,montpellier
055,528.0,68.0,0.0,0.0,0.0,montpellier
056,528.0,12.0,0.0,0.3503787878787879,0.0,montpellier
057,528.0,8.0,0.0,0.0,0.0,montpellier
059,528.0,8.0,0.0,0.0,0.0,montpellier
060,528.0,8.0,0.0,1.0,0.0,montpellier
061,528.0,16.0,0.0,0.0,0.0,montpellier
1,529.0,,,,,nancy
10,529.0,20.0,0.03780718336483932,0.0,0.0,nancy
11,529.0,,,,,nancy
12,529.0,,,,,nancy
13,529.0,,,,,nancy
14,529.0,,,,,nancy
15,529.0,,,,,nancy
16,529.0,,,,,nancy
17,529.0,,,,,nancy
18,529.0,,,,,nancy
19,529.0,,,,,nancy
2,529.0,,,,,nancy
20,529.0,,,,,nancy
21,529.0,,,,,nancy
22,529.0,,,,,nancy
23,529.0,,,,,nancy
24,529.0,,,,,nancy
25,529.0,,,,,nancy
26,529.0,,,,,nancy
27,529.0,,,,,nancy
28,529.0,,,,,nancy
29,529.0,,,,,nancy
3,529.0,,,,,nancy
30,529.0,,,,,nancy
31,529.0,,,,,nancy
32,529.0,,,,,nancy
33,529.0,,,,,nancy
34,529.0,,,,,nancy
35,529.0,,,,,nancy
36,529.0,,,,,nancy
37,529.0,,,,,nancy
4,529.0,,,,,nancy
5,529.0,,,,,nancy
6,529.0,,,,,nancy
7,529.0,,,,,nancy
8,529.0,,,,,nancy
9,529.0,,,,,nancy
1,529.0,,,,,nantes
10,529.0,20.0,0.022684310018903593,0.0,0.0,nantes
100,529.0,,,,,nantes
101,529.0,,,,,nantes
102,529.0,,,,,nantes
103,529.0,,,,,nantes
104,529.0,,,,,nantes
105,529.0,,,,,nantes
106,529.0,,,,,nantes
107,529.0,,,,,nantes
108,529.0,,,,,nantes
109,529.0,,,,,nantes
11,529.0,,,,,nantes
110,529.0,,,,,nantes
111,529.0,,,,,nantes
112,529.0,,,,,nantes
113,529.0,,,,,nantes
114,529.0,,,,,nantes
115,529.0,,,,,nantes
116,529.0,,,,,nantes
117,529.0,,,,,nantes
118,529.0,,,,,nantes
119,529.0,,,,,nantes
12,529.0,,,,,nantes
120,529.0,,,,,nantes
121,529.0,,,,,nantes
122,529.0,,,,,nantes
123,529.0,,,,,nantes
124,529.0,,,,,nantes
125,529.0,25.0,0.0,0.0,0.0,nantes
126,529.0,22.0,0.0,0.0,0.0,nantes
127,529.0,15.0,0.0,0.0,0.0,nantes
13,529.0,,,,,nantes
14,529.0,,,,,nantes
15,529.0,,,,,nantes
16,529.0,,,,,nantes
17,529.0,,,,,nantes
18,529.0,,,,,nantes
19,529.0,,,,,nantes
2,529.0,,,,,nantes
20,529.0,,,,,nantes
21,529.0,,,,,nantes
23,529.0,,,,,nantes
24,529.0,,,,,nantes
25,529.0,,,,,nantes
26,529.0,,,,,nantes
27,529.0,,,,,nantes
28,529.0,,,,,nantes
29,529.0,,,,,nantes
3,529.0,,,,,nantes
30,529.0,,,,,nantes
31,529.0,,,,,nantes
32,529.0,,,,,nantes
33,529.0,,,,,nantes
34,529.0,,,,,nantes
36,529.0,,,,,nantes
37,529.0,,,,,nantes
38,529.0,,,,,nantes
39,529.0,,,,,nantes
4,529.0,,,,,nantes
40,529.0,,,,,nantes
41,529.0,,,,,nantes
42,529.0,,,,,nantes
43,529.0,,,,,nantes
44,529.0,,,,,nantes
45,529.0,,,,,nantes
46,529.0,20.0,0.0,0.0,0.0,nantes
47,529.0,,,,,nantes
48,529.0,,,,,nantes
49,529.0,,,,,nantes
5,529.0,,,,,nantes
50,529.0,,,,,nantes
51,529.0,,,,,nantes
52,529.0,,,,,nantes
53,529.0,,,,,nantes
54,529.0,,,,,nantes
55,529.0,,,,,nantes
56,529.0,,,,,nantes
57,529.0,15.0,0.0,0.0,0.0,nantes
58,529.0,25.0,0.0,0.0,0.0,nantes
59,529.0,,,,,nantes
6,529.0,,,,,nantes
60,529.0,,,,,nantes
61,529.0,,,,,nantes
62,529.0,,,,,nantes
63,529.0,,,,,nantes
64,529.0,,,,,nantes
65,529.0,,,,,nantes
66,529.0,,,,,nantes
67,529.0,,,,,nantes
68,529.0,,,,,nantes
69,529.0,,,,,nantes
70,529.0,,,,,nantes
71,529.0,,,,,nantes
72,529.0,,,,,nantes
73,529.0,,,,,nantes
74,529.0,,,,,nantes
75,529.0,,,,,nantes
76,529.0,,,,,nantes
77,529.0,,,,,nantes
78,529.0,,,,,nantes
79,529.0,,,,,nantes
8,529.0,,,,,nantes
80,529.0,,,,,nantes
82,529.0,,,,,nantes
83,529.0,,,,,nantes
84,529.0,24.0,0.0,0.0,0.0,nantes
85,529.0,,,,,nantes
86,529.0,,,,,nantes
87,529.0,,,,,nantes
88,529.0,,,,,nantes
89,529.0,22.0,0.0,0.0,0.0,nantes
9,529.0,,,,,nantes
90,529.0,,,,,nantes
91,529.0,,,,,nantes
92,529.0,,,,,nantes
93,529.0,,,,,nantes
94,529.0,,,,,nantes
95,529.0,,,,,nantes
96,529.0,,,,,nantes
97,529.0,,,,,nantes
98,529.0,,,,,nantes
99,529.0,16.0,0.0,0.0,0.0,nantes
512663383,529.0,40.0,0.0,0.0,0.0,nextbike_af
512803782,529.0,20.0,0.0,0.0,0.0,nextbike_af
512804070,529.0,20.0,0.0,0.0,0.0,nextbike_af
512804551,529.0,12.0,0.0,0.0,0.0,nextbike_af
512804767,529.0,16.0,0.0,0.06805293005671077,0.0,nextbike_af
512804950,529.0,19.0,0.0,0.7334593572778828,0.0,nextbike_af
512805536,529.0,15.0,0.0,0.0,0.0,nextbike_af
512805895,529.0,20.0,0.0,0.34593572778827975,0.0,nextbike_af
512806136,529.0,16.0,0.0,0.08128544423440454,0.0,nextbike_af
512806355,529.0,13.0,0.0,0.0,0.0,nextbike_af
512806730,529.0,18.0,0.0,0.0,0.0,nextbike_af
512807943,529.0,14.0,0.0,0.0,0.0,nextbike_af
512808171,529.0,18.0,0.0,0.0,0.0,nextbike_af
512808387,529.0,14.0,0.0,0.0,0.0,nextbike_af
512808611,529.0,18.0,0.0,0.09262759924385633,0.0,nextbike_af
512812555,529.0,12.0,0.0,0.0,0.0,nextbike_af
512812978,529.0,15.0,0.0,0.0,0.0,nextbike_af
512813196,529.0,14.0,0.0,0.0,0.0,nextbike_af
512813462,529.0,15.0,0.0,0.0,0.0,nextbike_af
512814381,529.0,14.0,0.0,0.0,0.0,nextbike_af
512814633,529.0,34.0,0.0,0.0,0.0,nextbike_af
512815948,529.0,14.0,0.0,0.0,0.0,nextbike_af
512816459,529.0,13.0,0.0,0.001890359168241966,0.0,nextbike_af
512816736,529.0,12.0,0.024574669187145556,0.0,0.0,nextbike_af
512816864,529.0,16.0,0.0,0.0,0.0,nextbike_af
512817022,529.0,16.0,0.0,0.0,0.0,nextbike_af
512818067,529.0,16.0,0.0,0.0,0.0,nextbike_af
512818221,529.0,16.0,0.0,0.0,0.0,nextbike_af
512819040,529.0,12.0,0.0,0.0,0.0,nextbike_af
512819230,529.0,14.0,0.0,0.0,0.0,nextbike_af
512819368,529.0,15.0,0.0,0.0,0.0,nextbike_af
512819530,529.0,34.0,0.0,0.0,0.0,nextbike_af
512819747,529.0,16.0,0.0,0.0,0.0,nextbike_af
512819957,529.0,20.0,0.0,0.0,0.0,nextbike_af
512820660,529.0,18.0,0.0,0.9054820415879017,0.0,nextbike_af
512820976,529.0,13.0,0.0,0.0,0.0,nextbike_af
512821262,529.0,14.0,0.0,0.0,0.0,nextbike_af
512823988,529.0,12.0,0.0,0.0,0.0,nextbike_af
512824206,529.0,15.0,0.0,0.0,0.0,nextbike_af
512824395,529.0,16.0,0.0,0.0,0.0,nextbike_af
512824552,529.0,17.0,0.0,0.0,0.0,nextbike_af
512824858,529.0,14.0,0.0,0.0,0.0,nextbike_af
512827015,529.0,20.0,0.0,0.0,0.0,nextbike_af
512827178,529.0,20.0,0.0,0.0,0.0,nextbike_af
512827312,529.0,12.0,0.0,0.0,0.0,nextbike_af
512828119,529.0,10.0,0.0,0.0,0.0,nextbike_af
512828291,529.0,12.0,0.0,0.0,0.0,nextbike_af
512829701,529.0,15.0,0.6446124763705104,0.0,0.0,nextbike_af
551502345,529.0,8.0,0.0,0.0,0.0,nextbike_af
551504531,529.0,20.0,0.0,0.0,0.0,nextbike_af
551504798,529.0,10.0,1.0,0.0,0.0,nextbike_af
551505196,529.0,20.0,0.0,0.0,0.0,nextbike_af
551505770,529.0,20.0,0.0,0.0,0.0,nextbike_af
551505960,529.0,20.0,0.0,0.0,0.0,nextbike_af
551506281,529.0,20.0,0.0,0.0,0.0,nextbike_af
551506461,529.0,20.0,0.0,0.0,0.0,nextbike_af
551506716,529.0,20.0,0.0,0.0,0.0,nextbike_af
551507028,529.0,14.0,0.0,0.0,0.0,nextbike_af
551507295,529.0,12.0,0.0,0.0,0.0,nextbike_af
572794852,529.0,12.0,0.0,0.0,0.0,nextbike_af
05c4b14c-8178-401c-9d84-667355641b38,479.0,,,,,Optymo_Belfort_ALS
0902aceb-b207-4823-a3b3-ea832848dae8,479.0,,,,,Optymo_Belfort_ALS
092dac3b-f8bc-4537-8611-1554a65de83a,479.0,,,,,Optymo_Belfort_ALS
0d0d97cd-27e9-4b75-8269-fa7ae3d1c703,479.0,,,,,Optymo_Belfort_ALS
10a87317-7863-452e-93b6-3fad65bf839d,479.0,,,,,Optymo_Belfort_ALS
12b1a618-61b6-47f4-931b-0cf8134c0894,479.0,,,,,Optymo_Belfort_ALS
1311c18c-b9a2-4e42-b0b6-cfcd5de36065,479.0,,,,,Optymo_Belfort_ALS
193ae0e8-6a04-429d-a441-f347b2652a88,479.0,,,,,Optymo_Belfort_ALS
19c85d9b-9fc7-4f5b-905e-562e121ae45e,479.0,,,,,Optymo_Belfort_ALS
24ee71ce-d7d6-4df6-bb1f-5f952569f824,479.0,,,,,Optymo_Belfort_ALS
27f09500-a988-4875-9ef0-72aa73877e7a,479.0,,,,,Optymo_Belfort_ALS
285fd809-8396-44d1-8988-8a7ad961fd0b,479.0,,,,,Optymo_Belfort_ALS
2a75d285-5f8c-4c1d-9220-2fb519d9d1b5,479.0,,,,,Optymo_Belfort_ALS
2ef6cd3d-3b63-45e3-a001-234c84dce8d5,479.0,,,,,Optymo_Belfort_ALS
3348a72e-eba3-4627-a05b-a500b4547dfb,479.0,,,,,Optymo_Belfort_ALS
347e2191-4d05-447d-bb65-cb3ba7027a03,479.0,,,,,Optymo_Belfort_ALS
42f1e2e3-0b35-4979-9a17-4b7cdcdedb02,479.0,,,,,Optymo_Belfort_ALS
445ab067-897f-4d6b-8e32-3ce41482730c,479.0,,,,,Optymo_Belfort_ALS
45b92fc2-3d63-4dfb-946a-97924e4fc2c0,479.0,,,,,Optymo_Belfort_ALS
4aa034d2-5704-4563-8197-28237758f9c6,479.0,,,,,Optymo_Belfort_ALS
4d3a9251-6bfe-4717-99db-d3a06252353a,479.0,,,,,Optymo_Belfort_ALS
4f1163ef-93ed-44c2-ba61-e2e138ceef22,479.0,,,,,Optymo_Belfort_ALS
50a9a79c-79bc-4ca1-9c69-ed4f45411b1f,479.0,,,,,Optymo_Belfort_ALS
5aff6fa5-dc7e-4c98-bc01-e61e9e043367,479.0,,,,,Optymo_Belfort_ALS
683ebe0b-ff1a-4ca9-8ecf-c9c4cbf2cc37,479.0,,,,,Optymo_Belfort_ALS
6c57304e-443b-4c99-8467-299c9b85cbb9,479.0,,,,,Optymo_Belfort_ALS
80e3c844-c3d9-4770-8002-8a4c3c3e6709,479.0,,,,,Optymo_Belfort_ALS
80e9cf09-44dc-4cf3-bc00-f55656a9adbf,479.0,,,,,Optymo_Belfort_ALS
81dd11bd-217b-45ed-91b4-23b5b6f0be52,479.0,,,,,Optymo_Belfort_ALS
8459dc2a-dbd4-4db4-b325-af51ce6a04a7,479.0,,,,,Optymo_Belfort_ALS
8befbde2-0673-4c33-b238-bf2abbf8fdd7,479.0,,,,,Optymo_Belfort_ALS
8c166007-0c2e-426b-9e28-a5b216ccc532,479.0,,,,,Optymo_Belfort_ALS
8fe34b2c-3f91-4306-bde2-a2b0c0dfdd45,479.0,,,,,Optymo_Belfort_ALS
91bdb61b-f826-4539-bab6-39c587b8dd45,479.0,,,,,Optymo_Belfort_ALS
a0017f6d-a701-46b4-a094-4e43377bac2e,479.0,,,,,Optymo_Belfort_ALS
b275f6f3-9715-4bf9-bd2e-66ec5a7eeb82,479.0,,,,,Optymo_Belfort_ALS
b9ade083-519b-4915-b964-59cd759d1e11,479.0,,,,,Optymo_Belfort_ALS
bbff9998-ead1-4bf0-af77-638d95e78b64,479.0,,,,,Optymo_Belfort_ALS
beffb463-2bb0-48ee-bb03-732d3f2863d4,479.0,,,,,Optymo_Belfort_ALS
c2430a85-0f13-43e5-a584-27954115c7a3,479.0,,,,,Optymo_Belfort_ALS
cb0456fc-a9a2-4291-a2a3-61b64001344c,479.0,,,,,Optymo_Belfort_ALS
cc9c7eb7-60b4-4844-9c8e-af28b19dc685,479.0,,,,,Optymo_Belfort_ALS
d28bca5c-9f12-48fc-9f82-66a7d9f3fb6c,479.0,,,,,Optymo_Belfort_ALS
deea3858-d8c3-4cc7-9ca6-237f455d9076,479.0,,,,,Optymo_Belfort_ALS
e0736e44-a117-477b-ab31-b433e776dc56,479.0,,,,,Optymo_Belfort_ALS
e1c8594a-f54e-4ee6-a57e-c4111fed20d4,479.0,,,,,Optymo_Belfort_ALS
e204330b-088e-4e06-8652-ccc03363dc0b,479.0,,,,,Optymo_Belfort_ALS
e403bcf7-35c7-409e-a3fb-e3f69b4ad6ce,479.0,,,,,Optymo_Belfort_ALS
ee4a47cc-c0da-4102-8545-5b9a70982a17,479.0,,,,,Optymo_Belfort_ALS
ef5a5d5b-7ff4-43b5-8090-a88a4f5e616c,479.0,,,,,Optymo_Belfort_ALS
f3db772f-b649-4a2b-93a5-274136e2c368,479.0,,,,,Optymo_Belfort_ALS
f4c34bb4-5e55-41e6-9378-1102fa7d329c,479.0,,,,,Optymo_Belfort_ALS
1002059045,534.0,27.0,0.0,0.0,0.0,Paris
100227241,534.0,36.0,0.0,0.0,0.0,Paris
1002738770,534.0,27.0,0.0,0.0,0.0,Paris
100759356,534.0,16.0,0.0,0.0,0.0,Paris
100760396,534.0,31.0,0.0,0.0,0.0,Paris
100767550,534.0,44.0,0.0,0.0,0.0,Paris
100769544,534.0,45.0,0.0,0.0,0.0,Paris
100770878,534.0,25.0,0.0,0.0,0.0,Paris
100783424,534.0,69.0,0.0,0.0,0.0,Paris
100790494,534.0,24.0,0.0,0.0,0.0,Paris
100798076,534.0,36.0,0.0,0.0,0.0,Paris
100855693,534.0,26.0,0.0,0.0,0.0,Paris
100859941,534.0,52.0,0.0,0.0,0.0,Paris
100863462,534.0,65.0,0.0,0.0,0.0,Paris
100868590,534.0,26.0,0.0,0.0,0.0,Paris
100872260,534.0,42.0,0.0,0.0,0.0,Paris
100893610,534.0,60.0,0.0,0.0,0.0,Paris
100902274,534.0,53.0,0.0,0.0,0.0,Paris
100906707,534.0,43.0,0.0,0.0,0.0,Paris
100910836,534.0,48.0,0.0,0.0,0.0,Paris
100918666,534.0,21.0,0.0,0.0,0.0,Paris
100921894,534.0,38.0,0.0,0.0,0.0,Paris
100923502,534.0,42.0,0.0,0.0,0.0,Paris
100925033,534.0,45.0,0.0,0.0,0.0,Paris
100933541,534.0,27.0,0.0,0.0,0.0,Paris
100934967,534.0,47.0,0.0,0.0,0.0,Paris
100967498,534.0,51.0,0.0,0.0,0.0,Paris
101008598,534.0,42.0,0.0,0.0,0.0,Paris
101010226,534.0,67.0,0.0,0.0,0.0,Paris
101011685,534.0,26.0,0.0,0.0,0.0,Paris
101013666,534.0,33.0,0.0,0.0,0.0,Paris
101015227,534.0,35.0,0.0,0.04119850187265917,0.0,Paris
101022698,534.0,36.0,0.0,0.0,0.0,Paris
101024234,534.0,57.0,0.0,0.0,0.0,Paris
101488317,534.0,36.0,0.0,0.0,0.0,Paris
101490103,534.0,23.0,0.0,0.0,0.0,Paris
101491821,534.0,41.0,0.0,0.024344569288389514,0.0,Paris
1015246367,534.0,25.0,0.0,1.0,0.0,Paris
101738550,534.0,22.0,0.0,0.020599250936329586,0.0,Paris
101740379,534.0,45.0,0.0,0.003745318352059925,0.0,Paris
101742129,534.0,38.0,0.0,0.0,0.0,Paris
101743895,534.0,64.0,0.0,0.0,0.0,Paris
101746493,534.0,53.0,0.0,0.0,0.0,Paris
101748685,534.0,43.0,0.0,0.0,0.0,Paris
101751231,534.0,36.0,0.0,0.0,0.0,Paris
101753100,534.0,16.0,0.0,0.0,0.0,Paris
101756482,534.0,62.0,0.0,0.0,0.0,Paris
101759167,534.0,46.0,0.0,0.0,0.0,Paris
101761298,534.0,45.0,0.0,0.0,0.0,Paris
101763163,534.0,12.0,0.0,0.0,0.0,Paris
1020700136,534.0,20.0,0.0,0.0,0.0,Paris
1021176825,534.0,22.0,0.0,0.0,0.0,Paris
1021553839,534.0,36.0,0.0,0.0,0.0,Paris
102287315,534.0,44.0,0.0,0.0,0.0,Paris
102289046,534.0,36.0,0.0,0.0,0.0,Paris
102304517,534.0,46.0,0.0,0.0,0.0,Paris
102307005,534.0,23.0,0.0,0.0,0.0,Paris
1023083417,534.0,20.0,0.0,0.0,0.0,Paris
102309973,534.0,43.0,0.0,0.0,0.0,Paris
102311820,534.0,35.0,0.0,0.0,0.0,Paris
102313219,534.0,34.0,0.0,0.0,0.0,Paris
102314792,534.0,33.0,0.0,0.0,0.0,Paris
102323152,534.0,20.0,0.0,0.0,0.0,Paris
102324803,534.0,40.0,0.0,0.02247191011235955,0.0,Paris
102326776,534.0,23.0,0.0,0.0,0.0,Paris
102328355,534.0,20.0,0.0,0.0,0.0,Paris
102329800,534.0,27.0,0.0,0.0,0.0,Paris
102331767,534.0,34.0,0.0,0.0,0.0,Paris
102333275,534.0,34.0,0.0,0.0,0.0,Paris
102335085,534.0,25.0,0.0,0.0,0.0,Paris
102336814,534.0,24.0,0.0,0.0,0.0,Paris
102338493,534.0,29.0,0.0,0.0,0.0,Paris
102339791,534.0,27.0,0.0,0.0,0.0,Paris
102341385,534.0,23.0,0.0,0.0,0.0,Paris
102343591,534.0,31.0,0.0,0.0,0.0,Paris
1025995767,534.0,21.0,0.0,0.0,0.0,Paris
102722579,534.0,27.0,0.0,0.0,0.0,Paris
102724418,534.0,25.0,0.0,0.0,0.0,Paris
102743096,534.0,27.0,0.0,0.0,0.0,Paris
102745622,534.0,28.0,0.0,0.0,0.0,Paris
102747146,534.0,26.0,0.0,0.0,0.0,Paris
102748267,534.0,25.0,0.0,0.0,0.0,Paris
102749572,534.0,51.0,0.0,0.0,0.0,Paris
102751453,534.0,27.0,0.0,0.0,0.0,Paris
102752610,534.0,28.0,0.0,0.0,0.0,Paris
1034242363,534.0,34.0,0.0,0.0,0.0,Paris
1034247348,534.0,34.0,0.0,0.0,0.0,Paris
1035816937,534.0,28.0,0.0,0.0,0.0,Paris
1036199130,534.0,21.0,0.0,0.0,0.0,Paris
1055541632,534.0,42.0,0.0,0.0,0.0,Paris
1055553396,534.0,15.0,0.0,0.0,0.0,Paris
1056715831,534.0,21.0,0.0,0.0,0.0,Paris
1056947780,534.0,30.0,0.0,0.0,0.0,Paris
1056959071,534.0,43.0,0.0,0.0,0.0,Paris
1056965116,534.0,50.0,0.0,0.0,0.0,Paris
1056972307,534.0,50.0,0.0,0.0,0.0,Paris
1056979685,534.0,27.0,0.0,0.0,0.0,Paris
1056986761,534.0,55.0,0.0,0.0,0.0,Paris
1056995858,534.0,29.0,0.0,0.0,0.0,Paris
1057003116,534.0,48.0,0.0,0.0,0.0,Paris
1057009034,534.0,27.0,0.0,0.0,0.0,Paris
1057039016,534.0,20.0,0.0,0.0,0.0,Paris
1057045129,534.0,40.0,0.0,0.0,0.0,Paris
1057061349,534.0,32.0,0.0,0.0,0.0,Paris
1057072168,534.0,24.0,0.0,0.0,0.0,Paris
1057081237,534.0,24.0,0.0,0.0,0.0,Paris
1057091571,534.0,28.0,0.0,0.0,0.0,Paris
1057149522,534.0,22.0,0.0,0.024344569288389514,0.0,Paris
1057179405,534.0,29.0,0.0,0.0,0.0,Paris
1057184567,534.0,35.0,0.0,0.0,0.0,Paris
1057203651,534.0,44.0,0.0,0.0,0.0,Paris
1057207064,534.0,24.0,0.0,0.00749063670411985,0.0,Paris
1057210479,534.0,16.0,0.0,0.0,0.0,Paris
1057221951,534.0,28.0,0.0,0.0,0.0,Paris
1057228658,534.0,22.0,0.0,0.0,0.0,Paris
1057234527,534.0,40.0,0.0,0.0,0.0,Paris
1057290902,534.0,45.0,0.0,0.0,0.0,Paris
1057296253,534.0,63.0,0.0,0.0,0.0,Paris
1057302263,534.0,18.0,0.0,0.0,0.0,Paris
1057319366,534.0,30.0,0.0,0.0,0.0,Paris
1057324291,534.0,58.0,0.0,0.0,0.0,Paris
1057335613,534.0,30.0,0.0,0.0,0.0,Paris
1057354004,534.0,29.0,0.0,0.0,0.0,Paris
1057360420,534.0,27.0,0.0,0.16104868913857678,0.0,Paris
1057366813,534.0,32.0,0.0,0.0,0.0,Paris
1057373549,534.0,22.0,0.0,0.0,0.0,Paris
1057378487,534.0,22.0,0.0,0.0,0.0,Paris
1057387136,534.0,30.0,0.0,0.0,0.0,Paris
1057392676,534.0,35.0,0.0,0.0,0.0,Paris
1057399900,534.0,25.0,0.0,0.0,0.0,Paris
1057405802,534.0,30.0,0.0,0.0,0.0,Paris
1057730786,534.0,20.0,0.0,0.0,0.0,Paris
1057737444,534.0,51.0,0.0,0.0,0.0,Paris
1057748427,534.0,43.0,0.0,0.0,0.0,Paris
1057753858,534.0,37.0,0.0,0.0,0.0,Paris
1057758764,534.0,37.0,0.0,0.0,0.0,Paris
1057765913,534.0,40.0,0.0,0.0,0.0,Paris
1057769632,534.0,26.0,0.0,0.0,0.0,Paris
1057774603,534.0,32.0,0.0,0.0,0.0,Paris
1062162270,534.0,20.0,0.0,0.0,0.0,Paris
1062179194,534.0,25.0,0.0,0.0,0.0,Paris
1062192012,534.0,35.0,0.0,0.0,0.0,Paris
1062206433,534.0,20.0,0.0,0.0,0.0,Paris
1062223873,534.0,23.0,0.0,0.0,0.0,Paris
1062238429,534.0,17.0,0.0,0.0,0.0,Paris
1062245074,534.0,27.0,0.0,0.0,0.0,Paris
1062250686,534.0,36.0,0.0,0.0,0.0,Paris
1062256852,534.0,20.0,0.0,0.0,0.0,Paris
1062671597,534.0,24.0,0.0,0.0,0.0,Paris
1062704564,534.0,61.0,0.0,0.0,0.0,Paris
1062742831,534.0,38.0,0.0,0.0,0.0,Paris
1062783107,534.0,30.0,0.0,0.0,0.0,Paris
1062797394,534.0,43.0,0.0,0.0,0.0,Paris
1062802530,534.0,24.0,0.0,0.0,0.0,Paris
1062807847,534.0,42.0,0.0,0.0,0.0,Paris
1062812659,534.0,60.0,0.0,0.0,0.0,Paris
1062827573,534.0,30.0,0.0,0.0,0.0,Paris
1062833975,534.0,35.0,0.0,0.0,0.0,Paris
1062874070,534.0,39.0,0.0,0.0,0.0,Paris
1062882947,534.0,21.0,0.0,0.0,0.0,Paris
1062982815,534.0,20.0,0.0,0.0,0.0,Paris
1063000561,534.0,20.0,0.0,0.0,0.0,Paris
1063012692,534.0,20.0,0.0,0.32771535580524347,0.0,Paris
1063017616,534.0,22.0,0.0,0.0,0.0,Paris
1063027377,534.0,25.0,0.0,0.0,0.0,Paris
1063035479,534.0,24.0,0.0,0.0,0.0,Paris
1063044618,534.0,30.0,0.0,0.0,0.0,Paris
1063053136,534.0,20.0,0.0,0.0,0.0,Paris
1063061372,534.0,35.0,0.0,0.0,0.0,Paris
1063404053,534.0,20.0,0.0,0.0,0.0,Paris
1063410400,534.0,22.0,0.0,0.0,0.0,Paris
1063421211,534.0,40.0,0.0,0.0,0.0,Paris
1063429705,534.0,23.0,0.0,0.0,0.0,Paris
1063971944,534.0,29.0,0.0,0.05056179775280899,0.0,Paris
1063984816,534.0,18.0,0.0,0.06367041198501873,0.0,Paris
1064000778,534.0,75.0,0.0,0.0,0.0,Paris
10647548670,534.0,22.0,0.0,0.0,0.0,Paris
10647608657,534.0,30.0,0.0,0.0,0.0,Paris
1074060095,534.0,28.0,0.0,0.0,0.0,Paris
1074095810,534.0,22.0,0.0,0.0,0.0,Paris
1074142878,534.0,20.0,0.0,0.0,0.0,Paris
1074187051,534.0,30.0,0.0,0.0,0.0,Paris
1074204954,534.0,30.0,0.0,0.0,0.0,Paris
1074333296,534.0,42.0,0.0,0.0,0.0,Paris
1074339090,534.0,26.0,0.0,0.0,0.0,Paris
1074347188,534.0,35.0,0.0,0.0,0.0,Paris
1074352578,534.0,25.0,0.0,0.0,0.0,Paris
1074390359,534.0,33.0,0.0,0.0,0.0,Paris
1074398925,534.0,37.0,0.0,0.0,0.0,Paris
1074410417,534.0,28.0,0.0,0.0,0.0,Paris
1074428106,534.0,30.0,0.0,0.0,0.0,Paris
10773448319,534.0,28.0,0.0,0.0,0.0,Paris
109609241,534.0,32.0,0.0,0.0,0.0,Paris
10968855,534.0,19.0,0.0,0.0,0.0,Paris
11004671601,534.0,27.0,0.0,0.0,0.0,Paris
11004720021,534.0,30.0,0.0,0.0,0.0,Paris
11063317380,534.0,18.0,0.0,0.0,0.0,Paris
1109534105,534.0,20.0,0.0,0.06928838951310862,0.0,Paris
11146696292,534.0,32.0,0.0,0.0,0.0,Paris
11146714746,534.0,28.0,0.0,0.0,0.0,Paris
11218473640,534.0,24.0,0.0,0.0,0.0,Paris
11218807773,534.0,48.0,0.0,0.0,0.0,Paris
11266280626,534.0,31.0,0.0,0.0,0.0,Paris
11375742,534.0,25.0,0.0,0.0,0.0,Paris
11437651826,534.0,30.0,0.0,0.0,0.0,Paris
11437706131,534.0,26.0,0.0,0.0,0.0,Paris
11437761399,534.0,34.0,0.0,0.0,0.0,Paris
11437961617,534.0,28.0,0.0,0.0,0.0,Paris
11438049493,534.0,32.0,0.0,0.0,0.0,Paris
11438116799,534.0,40.0,0.0,0.0,0.0,Paris
11438171152,534.0,24.0,0.0,0.0,0.0,Paris
11580442,534.0,17.0,0.0,0.0,0.0,Paris
117480156,534.0,40.0,0.0,0.05056179775280899,0.0,Paris
11851012506,534.0,35.0,0.0,0.0,0.0,Paris
11851037297,534.0,33.0,0.0,0.0,0.0,Paris
11851103861,534.0,25.0,0.0,0.0,0.0,Paris
11851327865,534.0,30.0,0.0,0.0,0.0,Paris
11874261013,534.0,20.0,0.0,0.0,0.0,Paris
1190800638,534.0,22.0,0.0,0.0,0.0,Paris
11908488283,534.0,26.0,0.0,0.0,0.0,Paris
11908496227,534.0,24.0,0.0,0.0,0.0,Paris
11908510683,534.0,26.0,0.0,0.0,0.0,Paris
120564786,534.0,58.0,0.0,0.0,0.0,Paris
120827885,534.0,12.0,0.0,0.0,0.0,Paris
121025345,534.0,11.0,0.0,0.0,0.0,Paris
121086415,534.0,24.0,0.0,0.0,0.0,Paris
121160813,534.0,28.0,0.0,0.0,0.0,Paris
12196660096,534.0,30.0,0.0,0.0,0.0,Paris
12225158518,534.0,28.0,0.0,0.0,0.0,Paris
12225289563,534.0,28.0,0.0,0.0,0.0,Paris
1227051850,534.0,40.0,0.0,0.0,0.0,Paris
123095125,534.0,60.0,0.0,0.0,0.0,Paris
1237624420,534.0,30.0,0.0,0.0,0.0,Paris
124167835,534.0,18.0,0.0,0.0,0.0,Paris
124183944,534.0,54.0,0.0,0.0,0.0,Paris
124390478,534.0,17.0,0.0,0.0,0.0,Paris
124402232,534.0,41.0,0.0,0.0,0.0,Paris
124622630,534.0,38.0,0.0,0.0,0.0,Paris
125370566,534.0,20.0,0.0,0.0,0.0,Paris
125469898,534.0,33.0,0.0,0.0,0.0,Paris
125542925,534.0,37.0,0.0,0.0,0.0,Paris
125623876,534.0,20.0,0.0,0.04119850187265917,0.0,Paris
125811629,534.0,44.0,0.0,0.0,0.0,Paris
125881065,534.0,33.0,0.0,0.0,0.0,Paris
125918662,534.0,39.0,0.0,0.0,0.0,Paris
126050442,534.0,23.0,0.0,0.0,0.0,Paris
126175087,534.0,25.0,0.0,0.0,0.0,Paris
126354477,534.0,20.0,0.0,0.0,0.0,Paris
12806084887,534.0,45.0,0.0,0.0,0.0,Paris
128834707,534.0,22.0,0.0,0.0,0.0,Paris
128841079,534.0,40.0,0.0,0.0,0.0,Paris
128843085,534.0,30.0,0.0,0.0,0.0,Paris
128874528,534.0,19.0,0.0,0.0,0.0,Paris
128878135,534.0,28.0,0.0,0.0,0.0,Paris
128880156,534.0,25.0,0.0,0.0,0.0,Paris
128882438,534.0,40.0,0.0,0.0,0.0,Paris
128884445,534.0,65.0,0.0,0.0,0.0,Paris
128887067,534.0,19.0,0.0,0.0,0.0,Paris
128889359,534.0,40.0,0.0,0.0,0.0,Paris
128890772,534.0,28.0,0.0,0.0,0.0,Paris
128915891,534.0,33.0,0.0,0.0,0.0,Paris
128920403,534.0,27.0,0.0,0.0,0.0,Paris
128928526,534.0,15.0,0.0,0.0,0.0,Paris
128930462,534.0,29.0,0.0,0.0,0.0,Paris
128932790,534.0,,,,,Paris
128940135,534.0,21.0,0.0,0.0,0.0,Paris
128986726,534.0,45.0,0.0,0.0,0.0,Paris
128989986,534.0,29.0,0.0,0.1853932584269663,0.0,Paris
129001431,534.0,31.0,0.0,0.0,0.0,Paris
129004826,534.0,17.0,0.0,0.0,0.0,Paris
129011497,534.0,24.0,0.0,0.0,0.0,Paris
129014600,534.0,33.0,0.0,0.0,0.0,Paris
129016495,534.0,53.0,0.0,0.0,0.0,Paris
129021753,534.0,17.0,0.0,0.0,0.0,Paris
129023855,534.0,24.0,0.0,0.0,0.0,Paris
129025451,534.0,27.0,0.0,0.5056179775280899,0.0,Paris
129026597,534.0,22.0,0.0,0.0,0.0,Paris
129029327,534.0,20.0,0.0,0.7752808988764045,0.0,Paris
129032910,534.0,55.0,0.0,0.0,0.0,Paris
129034587,534.0,17.0,0.0,0.031835205992509365,0.0,Paris
129036192,534.0,14.0,0.0,0.0,0.0,Paris
129038848,534.0,33.0,0.0,0.0,0.0,Paris
129042700,534.0,60.0,0.0,0.0,0.0,Paris
129043651,534.0,23.0,0.0,0.0,0.0,Paris
129048000,534.0,46.0,0.0,0.009363295880149813,0.0,Paris
129050965,534.0,19.0,0.0,0.0,0.0,Paris
129059516,534.0,58.0,0.0,0.0,0.0,Paris
129060764,534.0,28.0,0.0,0.0,0.0,Paris
129061615,534.0,34.0,0.0,0.0,0.0,Paris
129067920,534.0,28.0,0.0,0.0,0.0,Paris
129069108,534.0,39.0,0.0,0.0,0.0,Paris
129077035,534.0,51.0,0.0,0.0,0.0,Paris
129078200,534.0,29.0,0.0,0.0,0.0,Paris
129079313,534.0,44.0,0.0,0.0,0.0,Paris
129080400,534.0,23.0,0.0,0.0,0.0,Paris
129081441,534.0,21.0,0.0,0.0,0.0,Paris
129083553,534.0,32.0,0.0,0.0,0.0,Paris
129086648,534.0,42.0,0.0,0.9063670411985019,0.0,Paris
129087587,534.0,40.0,0.0,0.0,0.0,Paris
129088667,534.0,54.0,0.0,0.0,0.0,Paris
129089749,534.0,31.0,0.0,0.0,0.0,Paris
129091653,534.0,34.0,0.0,0.0,0.0,Paris
129094535,534.0,42.0,0.0,0.013108614232209739,0.0,Paris
129095489,534.0,28.0,0.0,0.0,0.0,Paris
129096696,534.0,13.0,0.0,0.0,0.0,Paris
129101773,534.0,44.0,0.0,0.0,0.0,Paris
129103849,534.0,20.0,0.0,0.0,0.0,Paris
129106450,534.0,37.0,0.0,0.0,0.0,Paris
129107656,534.0,25.0,0.0,0.0,0.0,Paris
129114993,534.0,32.0,0.0,0.0,0.0,Paris
129116697,534.0,19.0,0.0,0.0,0.0,Paris
129119449,534.0,32.0,0.0,0.0,0.0,Paris
129121741,534.0,50.0,0.0,0.0,0.0,Paris
129125489,534.0,21.0,0.0,0.0018726591760299626,0.0,Paris
129130397,534.0,21.0,0.0,0.0,0.0,Paris
129132870,534.0,23.0,0.0,0.0,0.0,Paris
129134084,534.0,25.0,0.0,0.0,0.0,Paris
129135654,534.0,31.0,0.0,0.0,0.0,Paris
129136818,534.0,23.0,0.0,0.026217228464419477,0.0,Paris
129142199,534.0,30.0,0.0,0.0,0.0,Paris
129143598,534.0,28.0,0.0,0.0,0.0,Paris
129144878,534.0,30.0,0.0,0.0,0.0,Paris
129145892,534.0,49.0,0.0,0.0,0.0,Paris
129151834,534.0,42.0,0.0,0.0,0.0,Paris
129152818,534.0,22.0,0.0,0.0,0.0,Paris
129161858,534.0,32.0,0.0,0.0,0.0,Paris
129164969,534.0,50.0,0.0,0.0,0.0,Paris
12943772652,534.0,31.0,0.0,0.0,0.0,Paris
12948189248,534.0,30.0,0.0,0.0,0.0,Paris
12959947458,534.0,23.0,0.0,0.0,0.0,Paris
13105968,534.0,21.0,0.0,0.04307116104868914,0.0,Paris
131094294,534.0,30.0,0.0,0.0,0.0,Paris
1314450240,534.0,20.0,0.0,0.0,0.0,Paris
131908132,534.0,20.0,0.0,0.0,0.0,Paris
13191324,534.0,33.0,0.0,0.0,0.0,Paris
13242682,534.0,31.0,0.0,0.0,0.0,Paris
13248144,534.0,34.0,0.0,0.0,0.0,Paris
13283986,534.0,34.0,0.0,0.0,0.0,Paris
1333959209,534.0,19.0,0.0,0.0,0.0,Paris
13341879803,534.0,26.0,0.0,0.0,0.0,Paris
13356269,534.0,32.0,0.0,0.0,0.0,Paris
13372702,534.0,31.0,0.0,0.2153558052434457,0.0,Paris
13373712848,534.0,24.0,0.0,0.0,0.0,Paris
13373758036,534.0,28.0,0.0,0.0,0.0,Paris
13373801574,534.0,30.0,0.0,0.0,0.0,Paris
13373848216,534.0,28.0,0.0,0.0,0.0,Paris
13497763,534.0,23.0,0.0,0.0,0.0,Paris
13568870765,534.0,20.0,0.0,0.0,0.0,Paris
135806005,534.0,17.0,0.0,0.0,0.0,Paris
13718041,534.0,24.0,0.0,0.0,0.0,Paris
13912564,534.0,25.0,0.0,0.0,0.0,Paris
1396728955,534.0,23.0,0.0,0.0,0.0,Paris
14623073464,534.0,46.0,0.0,0.0,0.0,Paris
14813797734,534.0,28.0,0.0,0.0,0.0,Paris
15066765479,534.0,41.0,0.0,0.0,0.0,Paris
15153595,534.0,33.0,0.0,0.0,0.0,Paris
15163771,534.0,29.0,0.0,0.0,0.0,Paris
15187848239,534.0,30.0,0.0,0.0,0.0,Paris
15189890802,534.0,24.0,0.0,0.0,0.0,Paris
15212034,534.0,21.0,0.0,0.0,0.0,Paris
15290700,534.0,21.0,0.0,0.0,0.0,Paris
15291968,534.0,15.0,0.0,0.0,0.0,Paris
15298647,534.0,36.0,0.0,0.0,0.0,Paris
15299574,534.0,49.0,0.0,0.0,0.0,Paris
15308712,534.0,23.0,0.0,0.0,0.0,Paris
15308782,534.0,34.0,0.0,0.0,0.0,Paris
15309045,534.0,15.0,0.0,0.0,0.0,Paris
15309674,534.0,21.0,0.0,0.0,0.0,Paris
15310509,534.0,29.0,0.0,0.0,0.0,Paris
15377776,534.0,23.0,0.0,0.0,0.0,Paris
15383032,534.0,58.0,0.0,0.0,0.0,Paris
15387809,534.0,62.0,0.0,0.0,0.0,Paris
15397468,534.0,47.0,0.0,0.0,0.0,Paris
15401095,534.0,46.0,0.0,0.0,0.0,Paris
15409531,534.0,16.0,0.0,0.0,0.0,Paris
15411223,534.0,24.0,0.0,0.0,0.0,Paris
15412563,534.0,22.0,0.0,0.0,0.0,Paris
15433394,534.0,41.0,0.0,0.0,0.0,Paris
15461933,534.0,18.0,0.0,0.0,0.0,Paris
15462236,534.0,32.0,0.0,0.7471910112359551,0.0,Paris
15462861,534.0,31.0,0.0,0.0,0.0,Paris
15463487,534.0,27.0,0.0,0.0,0.0,Paris
15550433574,534.0,38.0,0.0,0.0,0.0,Paris
1558958733,534.0,28.0,0.0,0.0,0.0,Paris
1559700274,534.0,20.0,0.0,0.0,0.0,Paris
15826185972,534.0,16.0,0.0,0.0,0.0,Paris
1599896463,534.0,24.0,0.0,0.0,0.0,Paris
1599921040,534.0,30.0,0.0,0.0,0.0,Paris
1599931563,534.0,30.0,0.0,0.0,0.0,Paris
16043228469,534.0,28.0,0.0,0.0,0.0,Paris
16043242148,534.0,28.0,0.0,0.0,0.0,Paris
16043282800,534.0,30.0,0.0,0.0,0.0,Paris
16043316164,534.0,28.0,0.0,0.0,0.0,Paris
16134083337,534.0,30.0,0.0,0.0,0.0,Paris
16134135570,534.0,26.0,0.0,0.0,0.0,Paris
16206691682,534.0,30.0,0.0,0.0,0.0,Paris
16206842336,534.0,30.0,0.0,0.0,0.0,Paris
16210188070,534.0,32.0,0.0,0.0,0.0,Paris
16379269732,534.0,40.0,0.0,0.0,0.0,Paris
16529895896,534.0,29.0,0.0,0.0,0.0,Paris
16529911795,534.0,28.0,0.0,0.0,0.0,Paris
16560752067,534.0,30.0,0.0,0.0,0.0,Paris
16659953198,534.0,29.0,0.0,0.0,0.0,Paris
16659964929,534.0,29.0,0.0,0.0,0.0,Paris
16816575934,534.0,37.0,0.0,0.0,0.0,Paris
16898865154,534.0,30.0,0.0,0.0,0.0,Paris
16899499876,534.0,18.0,0.0,0.0,0.0,Paris
16899518505,534.0,20.0,0.0,0.0,0.0,Paris
16930981813,534.0,18.0,0.0,0.07303370786516854,0.0,Paris
16931052467,534.0,29.0,0.0,0.0,0.0,Paris
16965900639,534.0,24.0,0.0,0.0,0.0,Paris
17018170219,534.0,20.0,0.0,1.0,0.0,Paris
17047102542,534.0,20.0,0.0,0.0,0.0,Paris
17174675707,534.0,22.0,0.0,0.0,0.0,Paris
17174681330,534.0,26.0,0.0,0.0,0.0,Paris
17225742003,534.0,21.0,0.0,0.0,0.0,Paris
17261310217,534.0,30.0,0.0,0.0,0.0,Paris
17278902806,534.0,20.0,0.0,0.0,0.0,Paris
17364417797,534.0,30.0,0.0,0.0,0.0,Paris
17364714962,534.0,45.0,0.0,0.0,0.0,Paris
17450286381,534.0,20.0,0.0,0.020599250936329586,0.0,Paris
17451132826,534.0,20.0,0.0,0.0,0.0,Paris
17451195211,534.0,31.0,0.0,0.0,0.0,Paris
17486274358,534.0,40.0,0.0,0.0,0.0,Paris
17486828694,534.0,31.0,0.0,0.0,0.0,Paris
17486876370,534.0,20.0,0.0,0.0,0.0,Paris
17526921983,534.0,33.0,0.0,0.0,0.0,Paris
17527065847,534.0,22.0,0.0,0.0,0.0,Paris
17527110170,534.0,30.0,0.0,0.0,0.0,Paris
17581042048,534.0,28.0,0.0,0.0,0.0,Paris
17638171254,534.0,28.0,0.0,0.0,0.0,Paris
1765749389,534.0,16.0,0.0,0.7528089887640449,0.0,Paris
17721073284,534.0,20.0,0.0,0.06554307116104868,0.0,Paris
17729456391,534.0,27.0,0.0,0.9962546816479401,0.0,Paris
17869323774,534.0,25.0,0.0,0.035580524344569285,0.0,Paris
17992442278,534.0,18.0,0.0,0.0,0.0,Paris
18012983979,534.0,45.0,0.0,0.0,0.0,Paris
18013073681,534.0,22.0,0.0,0.0,0.0,Paris
18013112116,534.0,65.0,0.0,0.0,0.0,Paris
18013122841,534.0,26.0,0.0,0.0,0.0,Paris
18013132487,534.0,40.0,0.0,0.0,0.0,Paris
18013135935,534.0,44.0,0.0,0.0,0.0,Paris
18023659071,534.0,28.0,0.0,0.0,0.0,Paris
1805255023,534.0,30.0,0.0,0.0,0.0,Paris
1805401614,534.0,27.0,0.0,0.0,0.0,Paris
18099679477,534.0,16.0,0.0,0.8014981273408239,0.0,Paris
1810975577,534.0,30.0,0.0,0.04681647940074907,0.0,Paris
18175885970,534.0,51.0,0.0,0.0,0.0,Paris
18206879942,534.0,20.0,0.0,0.0,0.0,Paris
18523627466,534.0,37.0,0.0,0.0,0.0,Paris
18523643190,534.0,25.0,0.0,0.0,0.0,Paris
18656691283,534.0,35.0,0.0,0.0,0.0,Paris
18660653445,534.0,29.0,0.0,0.0,0.0,Paris
18749423187,534.0,20.0,0.0,0.0,0.0,Paris
18795043822,534.0,27.0,0.0,0.0018726591760299626,0.0,Paris
18795078746,534.0,28.0,0.0,0.0,0.0,Paris
18815024485,534.0,35.0,0.0,0.0,0.0,Paris
18880379814,534.0,26.0,0.0,0.0,0.0,Paris
18890164656,534.0,24.0,0.0,0.0,0.0,Paris
18908512040,534.0,18.0,0.0,0.04868913857677903,0.0,Paris
19006016846,534.0,23.0,0.0,0.0,0.0,Paris
19016646124,534.0,26.0,0.0,0.0,0.0,Paris
19016711237,534.0,20.0,0.0,0.0,0.0,Paris
19016722230,534.0,23.0,0.0,0.0,0.0,Paris
19091372977,534.0,32.0,0.0,0.0,0.0,Paris
19130022694,534.0,24.0,0.0,0.0,0.0,Paris
19130603957,534.0,25.0,0.0,0.0,0.0,Paris
19161093714,534.0,21.0,0.0,0.0,0.0,Paris
19179850066,534.0,17.0,0.0,0.09363295880149813,0.0,Paris
19179944124,534.0,28.0,0.0,0.0,0.0,Paris
19183755581,534.0,24.0,0.0,0.0,0.0,Paris
19183833298,534.0,38.0,0.0,0.0,0.0,Paris
19183922057,534.0,41.0,0.0,0.0,0.0,Paris
19184128113,534.0,27.0,0.0,0.0,0.0,Paris
19184196181,534.0,28.0,0.0,0.0,0.0,Paris
19186120360,534.0,21.0,0.0,0.0,0.0,Paris
19186208004,534.0,16.0,0.0,0.0,0.0,Paris
19186237098,534.0,36.0,0.0,0.0,0.0,Paris
19309244936,534.0,44.0,0.0,0.0,0.0,Paris
19331872653,534.0,19.0,0.0,0.0,0.0,Paris
19331917084,534.0,30.0,0.0,0.0,0.0,Paris
19331959862,534.0,27.0,0.0,0.0,0.0,Paris
19331981332,534.0,22.0,0.0,0.0,0.0,Paris
19335882998,534.0,32.0,0.0,0.0,0.0,Paris
19495443023,534.0,33.0,0.0,0.0,0.0,Paris
19495456684,534.0,30.0,0.0,0.0,0.0,Paris
19495480499,534.0,34.0,0.0,0.0,0.0,Paris
1968156458,534.0,36.0,0.0,0.12359550561797752,0.0,Paris
19697757271,534.0,26.0,0.0,0.0,0.0,Paris
19697809404,534.0,35.0,0.0,0.0,0.0,Paris
19697937136,534.0,18.0,0.0,0.0,0.0,Paris
1981490798,534.0,24.0,0.0,0.0,0.0,Paris
19858721250,534.0,43.0,0.0,0.0,0.0,Paris
19867354582,534.0,29.0,0.0,0.0,0.0,Paris
19867919889,534.0,23.0,0.0,0.0,0.0,Paris
1988517250,534.0,26.0,0.0,0.0,0.0,Paris
19902592897,534.0,21.0,0.0,0.0,0.0,Paris
19941915381,534.0,40.0,0.0,0.0,0.0,Paris
19989456853,534.0,20.0,0.0,0.0,0.0,Paris
2002864789,534.0,16.0,0.0,0.08614232209737828,0.0,Paris
20033972555,534.0,32.0,0.0,0.0,0.0,Paris
20084863816,534.0,34.0,0.0,0.0,0.0,Paris
201923447,534.0,38.0,0.0,0.0,0.0,Paris
20235746379,534.0,24.0,0.0,0.0,0.0,Paris
20364431108,534.0,35.0,0.0,0.0,0.0,Paris
20430917761,534.0,29.0,0.0,0.0,0.0,Paris
20431005501,534.0,12.0,0.0,0.0,0.0,Paris
20431134793,534.0,17.0,0.0,0.0,0.0,Paris
20431211740,534.0,1.0,0.0,1.0,0.0,Paris
20431248994,534.0,23.0,0.0,0.0,0.0,Paris
20431381973,534.0,30.0,0.0,0.0,0.0,Paris
20432939844,534.0,24.0,0.0,0.0,0.0,Paris
20454506987,534.0,20.0,0.0,0.0,0.0,Paris
20458224375,534.0,30.0,0.0,1.0,1.0,Paris
20458486160,534.0,16.0,0.0,0.0,0.0,Paris
20490738387,534.0,31.0,0.0,0.0,0.0,Paris
20491171604,534.0,28.0,0.0,0.0,0.0,Paris
20491270292,534.0,49.0,0.0,0.0,0.0,Paris
20497547989,534.0,22.0,0.0,0.0,0.0,Paris
205047993,534.0,46.0,0.0,0.0,0.0,Paris
20512737633,534.0,26.0,0.0,1.0,0.0,Paris
20523046082,534.0,52.0,0.0,0.8183520599250936,0.0,Paris
20531346153,534.0,33.0,0.0,0.0,0.0,Paris
205938683,534.0,53.0,0.0,0.0,0.0,Paris
205955605,534.0,36.0,0.0,0.0,0.0,Paris
20635651817,534.0,38.0,0.0,1.0,0.0,Paris
20636368032,534.0,19.0,0.0,0.0,0.0,Paris
20636402451,534.0,25.0,0.0,0.0,0.0,Paris
20636530104,534.0,,,,,Paris
20636558756,534.0,35.0,0.0,0.15917602996254682,0.0,Paris
20636596293,534.0,30.0,0.0,1.0,0.0,Paris
20636823021,534.0,16.0,0.0,0.0,0.0,Paris
20636986665,534.0,38.0,0.0,1.0,0.0,Paris
20637036701,534.0,32.0,0.0,0.0,0.0,Paris
20637420127,534.0,36.0,0.0,0.0,0.0,Paris
20637435296,534.0,22.0,0.0,0.0,0.0,Paris
20682017769,534.0,35.0,0.0,1.0,0.0,Paris
20689987843,534.0,24.0,0.0,0.0,0.0,Paris
20690183551,534.0,23.0,0.0,1.0,0.0,Paris
20699530917,534.0,16.0,0.0,0.0,0.0,Paris
20699589412,534.0,16.0,0.0,0.0,0.0,Paris
20702544649,534.0,19.0,0.0,0.0,0.0,Paris
20702583198,534.0,33.0,0.0,0.0,0.0,Paris
20702781391,534.0,30.0,0.0,1.0,0.0,Paris
20702936749,534.0,30.0,0.0,0.0,0.0,Paris
20702946965,534.0,25.0,0.0,0.0,0.0,Paris
20703011127,534.0,18.0,0.0,0.0,0.0,Paris
20703075041,534.0,17.0,0.0,0.0,0.0,Paris
20706822746,534.0,27.0,0.0,0.0,0.0,Paris
207633746,534.0,62.0,0.0,0.0,0.0,Paris
20824565291,534.0,105.0,0.0,0.0,0.0,Paris
208603342,534.0,21.0,0.0,0.0,0.0,Paris
208795867,534.0,17.0,0.0,0.0,0.0,Paris
20897904006,534.0,36.0,0.0,0.0,0.0,Paris
209057581,534.0,18.0,0.0,0.0,0.0,Paris
209063434,534.0,31.0,0.0,0.0,0.0,Paris
20940948422,534.0,1.0,0.0,1.0,0.0,Paris
210090269,534.0,78.0,0.0,0.0,0.0,Paris
210328645,534.0,37.0,0.0,0.0,0.0,Paris
210386007,534.0,21.0,0.0,0.0,0.0,Paris
210387163,534.0,32.0,0.0,0.0,0.0,Paris
210389577,534.0,32.0,0.0,0.0,0.0,Paris
210394523,534.0,34.0,0.0,0.0,0.0,Paris
210395439,534.0,26.0,0.0,0.0,0.0,Paris
210396518,534.0,16.0,0.0,0.0,0.0,Paris
210397939,534.0,17.0,0.0,0.5243445692883895,0.0,Paris
210399835,534.0,51.0,0.0,0.799625468164794,0.0,Paris
210403080,534.0,23.0,0.0,0.0,0.0,Paris
210405211,534.0,20.0,0.0,0.0,0.0,Paris
210408693,534.0,26.0,0.0,0.0,0.0,Paris
210561800,534.0,17.0,0.0,0.0,0.0,Paris
210565680,534.0,35.0,0.0,0.0,0.0,Paris
210566542,534.0,60.0,0.0,0.0,0.0,Paris
210567545,534.0,18.0,0.0,0.0,0.0,Paris
210568512,534.0,76.0,0.0,0.0,0.0,Paris
210573120,534.0,33.0,0.0,0.0,0.0,Paris
210574471,534.0,14.0,0.0,0.0,0.0,Paris
210580039,534.0,17.0,0.0,0.0,0.0,Paris
210581084,534.0,44.0,0.0,0.07116104868913857,0.0,Paris
210582231,534.0,25.0,0.0,0.0,0.0,Paris
210582921,534.0,28.0,0.0,0.0,0.0,Paris
210583589,534.0,33.0,0.0,0.0,0.0,Paris
210584503,534.0,15.0,0.0,0.0,0.0,Paris
210585225,534.0,20.0,0.0,0.0,0.0,Paris
210586093,534.0,24.0,0.0,0.0,0.0,Paris
210737808,534.0,28.0,0.0,0.0,0.0,Paris
210738704,534.0,25.0,0.0,0.0,0.0,Paris
210740080,534.0,49.0,0.0,0.0,0.0,Paris
210744286,534.0,45.0,0.0,0.0,0.0,Paris
210745258,534.0,47.0,0.0,0.0,0.0,Paris
210746090,534.0,49.0,0.0,0.0,0.0,Paris
210747224,534.0,49.0,0.0,0.0,0.0,Paris
210748575,534.0,51.0,0.0,0.0,0.0,Paris
210749865,534.0,18.0,0.0,0.0,0.0,Paris
210751059,534.0,11.0,0.0,0.1647940074906367,0.0,Paris
210754072,534.0,35.0,0.0,0.0,0.0,Paris
213674686,534.0,36.0,0.0,0.0,0.0,Paris
213675430,534.0,49.0,0.0,0.0,0.0,Paris
213676294,534.0,35.0,0.0,0.1760299625468165,0.0,Paris
213676825,534.0,51.0,0.0,0.0,0.0,Paris
213677219,534.0,21.0,0.0,0.0,0.0,Paris
213679512,534.0,37.0,0.0,0.0,0.0,Paris
213680246,534.0,35.0,0.0,0.013108614232209739,0.0,Paris
213680553,534.0,52.0,0.0,0.0,0.0,Paris
213680917,534.0,25.0,0.0,0.04681647940074907,0.0,Paris
213681356,534.0,22.0,0.0,0.0,0.0,Paris
213682190,534.0,43.0,0.0,0.0,0.0,Paris
213682736,534.0,52.0,0.0,0.0,0.0,Paris
213683101,534.0,19.0,0.0,0.0,0.0,Paris
213683992,534.0,51.0,0.0,0.0,0.0,Paris
213684314,534.0,25.0,0.0,0.0,0.0,Paris
213684750,534.0,35.0,0.0,0.0,0.0,Paris
213685090,534.0,29.0,0.0,0.0,0.0,Paris
213685514,534.0,24.0,0.0,0.0,0.0,Paris
213685863,534.0,52.0,0.0,0.0,0.0,Paris
213686196,534.0,19.0,0.0,0.0,0.0,Paris
213686471,534.0,24.0,0.0,0.08614232209737828,0.0,Paris
213686749,534.0,36.0,0.0,0.0,0.0,Paris
213687475,534.0,22.0,0.0,0.0018726591760299626,0.0,Paris
213688169,534.0,35.0,0.0,0.0,0.0,Paris
213688462,534.0,38.0,0.0,0.0,0.0,Paris
213688824,534.0,33.0,0.0,0.0,0.0,Paris
213689228,534.0,42.0,0.0,0.0,0.0,Paris
213689815,534.0,36.0,0.0,0.0,0.0,Paris
213690256,534.0,46.0,0.0,0.0,0.0,Paris
213690847,534.0,37.0,0.0,0.0,0.0,Paris
213691137,534.0,30.0,0.0,0.0,0.0,Paris
213691848,534.0,42.0,0.0,0.0,0.0,Paris
213692227,534.0,36.0,0.0,0.0,0.0,Paris
213692714,534.0,24.0,0.0,0.0,0.0,Paris
213693126,534.0,23.0,0.0,0.0,0.0,Paris
213693511,534.0,24.0,0.0,0.0,0.0,Paris
213694069,534.0,26.0,0.0,0.0,0.0,Paris
213694482,534.0,20.0,0.0,0.0,0.0,Paris
213695073,534.0,33.0,0.0,0.0,0.0,Paris
213699079,534.0,67.0,0.0,0.0,0.0,Paris
213699913,534.0,30.0,0.0,0.0,0.0,Paris
213700358,534.0,20.0,0.0,0.0,0.0,Paris
213702608,534.0,19.0,0.0,0.6685393258426966,0.0,Paris
213706622,534.0,23.0,0.0,0.16292134831460675,0.0,Paris
213848056,534.0,55.0,0.0,0.0,0.0,Paris
213868408,534.0,31.0,0.0,0.0,0.0,Paris
213875650,534.0,24.0,0.0,0.0,0.0,Paris
213894629,534.0,45.0,0.0,0.0,0.0,Paris
213922790,534.0,50.0,0.0,0.0,0.0,Paris
213936755,534.0,49.0,0.0,0.0,0.0,Paris
213945171,534.0,22.0,0.0,0.0,0.0,Paris
213952930,534.0,30.0,0.0,0.0,0.0,Paris
213957917,534.0,28.0,0.0,0.0,0.0,Paris
213987795,534.0,40.0,0.0,1.0,0.0,Paris
213992316,534.0,50.0,0.0,0.0,0.0,Paris
213999554,534.0,22.0,0.0,0.0,0.0,Paris
214019379,534.0,27.0,0.0,0.0,0.0,Paris
214097180,534.0,24.0,0.0,0.0,0.0,Paris
214102967,534.0,43.0,0.0,0.0,0.0,Paris
214109662,534.0,20.0,0.0,0.0,0.0,Paris
214114469,534.0,32.0,0.0,0.0,0.0,Paris
214119792,534.0,20.0,0.0,0.0,0.0,Paris
214122655,534.0,31.0,0.0,0.0,0.0,Paris
214134714,534.0,26.0,0.0,0.0,0.0,Paris
214139374,534.0,30.0,0.0,0.0,0.0,Paris
214146056,534.0,29.0,0.0,0.0,0.0,Paris
214298601,534.0,23.0,0.0,0.0,0.0,Paris
215495494,534.0,47.0,0.0,0.0,0.0,Paris
216039437,534.0,40.0,0.0,0.0,0.0,Paris
216473073,534.0,18.0,0.0,0.0,0.0,Paris
217235307,534.0,25.0,0.0,0.0,0.0,Paris
217572769,534.0,28.0,0.0,0.0,0.0,Paris
220502135,534.0,36.0,0.0,0.0,0.0,Paris
220504949,534.0,33.0,0.0,0.0,0.0,Paris
220726050,534.0,55.0,0.0,0.0,0.0,Paris
221032834,534.0,48.0,0.0,0.0,0.0,Paris
221036108,534.0,47.0,0.0,0.0,0.0,Paris
221038698,534.0,26.0,0.0,0.8408239700374532,0.0,Paris
221041655,534.0,56.0,0.0,0.0,0.0,Paris
221047138,534.0,18.0,0.0,0.0,0.0,Paris
221094844,534.0,23.0,0.0,0.0,0.0,Paris
224256188,534.0,29.0,0.0,0.0,0.0,Paris
224589573,534.0,18.0,0.0,0.0,0.0,Paris
224598098,534.0,51.0,0.0,0.0,0.0,Paris
2254322638,534.0,26.0,0.0,0.0898876404494382,0.0,Paris
230873471,534.0,21.0,0.0,0.0,0.0,Paris
230877798,534.0,34.0,0.0,0.0,0.0,Paris
230952057,534.0,32.0,0.0,0.0,0.0,Paris
235197110,534.0,46.0,0.0,0.0,0.0,Paris
235241110,534.0,61.0,0.0,0.0,0.0,Paris
235513935,534.0,27.0,0.0,0.0,0.0,Paris
235599121,534.0,26.0,0.0,0.0,0.0,Paris
237624030,534.0,36.0,0.0,0.0,0.0,Paris
244400797,534.0,22.0,0.0,0.0,0.0,Paris
244498842,534.0,50.0,0.0,0.0,0.0,Paris
245187072,534.0,20.0,0.0,0.03932584269662921,0.0,Paris
251039991,534.0,25.0,0.0,0.0,0.0,Paris
2514995690,534.0,30.0,0.0,0.0,0.0,Paris
2515049357,534.0,24.0,0.0,0.0,0.0,Paris
2515085147,534.0,21.0,0.0,0.0,0.0,Paris
2515351285,534.0,27.0,0.0,0.0,0.0,Paris
2515403527,534.0,30.0,0.0,0.0,0.0,Paris
2515618216,534.0,30.0,0.0,0.0,0.0,Paris
2515636592,534.0,18.0,0.0,0.0,0.0,Paris
2515658032,534.0,19.0,0.0,0.0,0.0,Paris
2515672078,534.0,23.0,0.0,0.0,0.0,Paris
2515686699,534.0,25.0,0.0,0.0,0.0,Paris
2515701705,534.0,20.0,0.0,0.43258426966292135,0.0,Paris
2515738489,534.0,20.0,0.0,0.06741573033707865,0.0,Paris
2515756572,534.0,33.0,0.0,0.0,0.0,Paris
2515774908,534.0,23.0,0.0,0.0,0.0,Paris
2515802454,534.0,26.0,0.0,0.0,0.0,Paris
2515829865,534.0,22.0,0.0,0.0,0.0,Paris
2515855808,534.0,34.0,0.0,0.0,0.0,Paris
2515885093,534.0,31.0,0.0,0.0,0.0,Paris
2515907297,534.0,19.0,0.0,0.0,0.0,Paris
2515927759,534.0,28.0,0.0,0.0,0.0,Paris
2515976231,534.0,20.0,0.0,0.0,0.0,Paris
2515995748,534.0,22.0,0.0,0.22846441947565543,0.0,Paris
252339799,534.0,28.0,0.0,0.0,0.0,Paris
253357936,534.0,58.0,0.0,0.0,0.0,Paris
254224239,534.0,63.0,0.0,0.0,0.0,Paris
255207155,534.0,20.0,0.0,0.0,0.0,Paris
255322397,534.0,26.0,0.0,0.0,0.0,Paris
256124192,534.0,42.0,0.0,0.0,0.0,Paris
256403519,534.0,21.0,0.0,0.0,0.0,Paris
256561528,534.0,44.0,0.0,0.0,0.0,Paris
259977414,534.0,22.0,0.0,0.0,0.0,Paris
261987383,534.0,26.0,0.0,0.0,0.0,Paris
262607058,534.0,33.0,0.0,0.19662921348314608,0.0,Paris
263610599,534.0,45.0,0.0,0.0,0.0,Paris
263732151,534.0,33.0,0.0,0.0,0.0,Paris
265201872,534.0,52.0,0.0,0.0,0.0,Paris
265266148,534.0,24.0,0.0,0.0,0.0,Paris
265464297,534.0,50.0,0.0,0.0,0.0,Paris
266052390,534.0,28.0,0.0,0.0,0.0,Paris
266422568,534.0,23.0,0.0,0.0,0.0,Paris
266963426,534.0,51.0,0.0,0.0,0.0,Paris
267976590,534.0,66.0,0.0,0.0,0.0,Paris
268976295,534.0,36.0,0.0,0.0,0.0,Paris
26958435,534.0,25.0,0.0,0.054307116104868915,0.0,Paris
269953055,534.0,29.0,0.0,0.0,0.0,Paris
27033125,534.0,16.0,0.0,0.0,0.0,Paris
2705290225,534.0,30.0,0.0,0.0,0.0,Paris
2705338817,534.0,22.0,0.0,0.0,0.0,Paris
2705356759,534.0,28.0,0.0,0.0,0.0,Paris
27064639,534.0,21.0,0.0,0.05056179775280899,0.0,Paris
27071684,534.0,33.0,0.0,0.0,0.0,Paris
271540743,534.0,26.0,0.0,0.0,0.0,Paris
27206194,534.0,19.0,0.0,0.0,0.0,Paris
27246227,534.0,24.0,0.0,0.0,0.0,Paris
27269170,534.0,21.0,0.0,0.0,0.0,Paris
27278603,534.0,27.0,0.0,0.0,0.0,Paris
27296946,534.0,30.0,0.0,0.0,0.0,Paris
27313492,534.0,28.0,0.0,0.0,0.0,Paris
27359295,534.0,30.0,0.0,0.0,0.0,Paris
27362896,534.0,26.0,0.0,0.0,0.0,Paris
27362949,534.0,31.0,0.0,0.0,0.0,Paris
27363029,534.0,32.0,0.0,0.0,0.0,Paris
27363058,534.0,23.0,0.0,0.0,0.0,Paris
27363103,534.0,33.0,0.0,0.0,0.0,Paris
27363137,534.0,22.0,0.0,0.0,0.0,Paris
27363156,534.0,22.0,0.0,0.0,0.0,Paris
27363162,534.0,23.0,0.0,0.0,0.0,Paris
27363205,534.0,35.0,0.0,0.09363295880149813,0.0,Paris
27363206,534.0,36.0,0.0,0.0,0.0,Paris
27363256,534.0,25.0,0.0,0.0,0.0,Paris
27363277,534.0,38.0,0.0,0.0,0.0,Paris
27363323,534.0,33.0,0.0,0.0,0.0,Paris
27363337,534.0,33.0,0.0,0.0,0.0,Paris
27363362,534.0,19.0,0.0,0.0,0.0,Paris
27363389,534.0,30.0,0.0,0.0,0.0,Paris
27363397,534.0,19.0,0.0,0.0,0.0,Paris
27363489,534.0,45.0,0.0,0.0,0.0,Paris
27363504,534.0,30.0,0.0,0.0,0.0,Paris
27363558,534.0,28.0,0.0,0.0,0.0,Paris
27364642,534.0,27.0,0.0,0.0,0.0,Paris
27364743,534.0,21.0,0.0,0.0,0.0,Paris
27369223,534.0,17.0,0.0,0.5580524344569289,0.0,Paris
27399547,534.0,22.0,0.0,0.0,0.0,Paris
27414358,534.0,20.0,0.0,0.0,0.0,Paris
27414460,534.0,37.0,0.0,0.0,0.0,Paris
27414512,534.0,40.0,0.0,0.0,0.0,Paris
27414527,534.0,20.0,0.0,0.0,0.0,Paris
27414544,534.0,21.0,0.0,0.0,0.0,Paris
27414578,534.0,19.0,0.0,0.8745318352059925,0.0,Paris
27414601,534.0,42.0,0.0,0.0,0.0,Paris
27414713,534.0,30.0,0.0,0.0,0.0,Paris
27414841,534.0,33.0,0.0,0.8426966292134831,0.0,Paris
27414902,534.0,21.0,0.0,0.0,0.0,Paris
27414924,534.0,25.0,0.0,0.0,0.0,Paris
27414932,534.0,50.0,0.0,0.0,0.0,Paris
27414937,534.0,53.0,0.0,0.0,0.0,Paris
27414945,534.0,16.0,0.0,0.0,0.0,Paris
27415004,534.0,50.0,0.0,0.0,0.0,Paris
27415012,534.0,66.0,0.0,0.0,0.0,Paris
27415083,534.0,52.0,0.0,0.0,0.0,Paris
27415128,534.0,20.0,0.0,0.0,0.0,Paris
27415150,534.0,23.0,0.0,0.0,0.0,Paris
27415169,534.0,23.0,0.0,0.0,0.0,Paris
27415179,534.0,22.0,0.0,0.0,0.0,Paris
27415194,534.0,54.0,0.0,0.0,0.0,Paris
27415215,534.0,25.0,0.0,0.0,0.0,Paris
27415224,534.0,33.0,0.0,0.0,0.0,Paris
27415246,534.0,45.0,0.0,0.0,0.0,Paris
27415256,534.0,47.0,0.0,0.0,0.0,Paris
27415285,534.0,25.0,0.0,0.0,0.0,Paris
27415297,534.0,52.0,0.0,0.0,0.0,Paris
27415302,534.0,26.0,0.0,0.0,0.0,Paris
27415327,534.0,26.0,0.0,0.0,0.0,Paris
27415333,534.0,56.0,0.0,0.0,0.0,Paris
27415360,534.0,19.0,0.0,0.0,0.0,Paris
27415371,534.0,35.0,0.0,0.0,0.0,Paris
27415389,534.0,29.0,0.0,0.0,0.0,Paris
27415411,534.0,23.0,0.0,0.9325842696629213,0.0,Paris
27415444,534.0,30.0,0.0,0.398876404494382,0.0,Paris
27415466,534.0,22.0,0.0,0.0,0.0,Paris
27415469,534.0,24.0,0.0,0.0018726591760299626,0.0,Paris
27415500,534.0,40.0,0.0,0.0,0.0,Paris
27415512,534.0,35.0,0.0,0.0,0.0,Paris
27415547,534.0,25.0,0.0,0.3258426966292135,0.0,Paris
27415665,534.0,43.0,0.0,0.0,0.0,Paris
27415736,534.0,31.0,0.0,0.0,0.0,Paris
275968458,534.0,60.0,0.0,0.0,0.0,Paris
276989966,534.0,18.0,0.0,0.0,0.0,Paris
2820744873,534.0,30.0,0.0,0.0,0.0,Paris
28233012,534.0,32.0,0.0,0.0,0.0,Paris
284708999,534.0,38.0,0.0,0.0,0.0,Paris
284711589,534.0,18.0,0.0,0.0,0.0,Paris
284787594,534.0,40.0,0.0,0.0,0.0,Paris
285001735,534.0,54.0,0.0,0.0,0.0,Paris
285454061,534.0,45.0,0.0,0.0,0.0,Paris
285726279,534.0,26.0,0.0,0.0,0.0,Paris
287096529,534.0,43.0,0.0,0.0,0.0,Paris
292871105,534.0,21.0,0.0,0.018726591760299626,0.0,Paris
29327,534.0,21.0,0.0,0.0,0.0,Paris
30179848,534.0,27.0,0.0,0.0,0.0,Paris
301841024,534.0,30.0,0.0,0.0,0.0,Paris
302725495,534.0,51.0,0.0,0.0,0.0,Paris
303102719,534.0,11.0,0.0,0.03932584269662921,0.0,Paris
303452950,534.0,34.0,0.0,0.0,0.0,Paris
30550,534.0,24.0,0.0,0.0,0.0,Paris
30641281,534.0,21.0,0.0,0.0,0.0,Paris
30730,534.0,36.0,0.0,0.0,0.0,Paris
308082350,534.0,28.0,0.0,0.033707865168539325,0.0,Paris
311153993,534.0,32.0,0.0,0.0,0.0,Paris
311552027,534.0,45.0,0.0,0.0,0.0,Paris
312165511,534.0,38.0,0.0,0.0,0.0,Paris
312870435,534.0,16.0,0.0,0.0056179775280898875,0.0,Paris
314829539,534.0,49.0,0.0,0.0,0.0,Paris
315022587,534.0,67.0,0.0,0.0,0.0,Paris
323468705,534.0,32.0,0.0,0.0,0.0,Paris
323486248,534.0,15.0,0.0,0.0,0.0,Paris
323616530,534.0,17.0,0.0,0.0,0.0,Paris
331153695,534.0,25.0,0.0,0.0,0.0,Paris
335780498,534.0,32.0,0.0,0.0,0.0,Paris
336511521,534.0,30.0,0.0,0.0,0.0,Paris
338762459,534.0,30.0,0.0,0.0,0.0,Paris
338824395,534.0,17.0,0.0,0.0,0.0,Paris
339797666,534.0,26.0,0.0,0.08426966292134831,0.0,Paris
341388492,534.0,46.0,0.0,0.0,0.0,Paris
34235349,534.0,28.0,0.0,0.009363295880149813,0.0,Paris
34300292,534.0,25.0,0.0,0.0,0.0,Paris
34742973,534.0,22.0,0.0,0.0,0.0,Paris
34836174,534.0,32.0,0.0,0.0,0.0,Paris
349750111,534.0,30.0,0.0,0.0,0.0,Paris
35080917,534.0,30.0,0.0,0.0,0.0,Paris
35089539,534.0,23.0,0.0,0.0,0.0,Paris
35101194,534.0,30.0,0.0,0.0,0.0,Paris
35106544,534.0,55.0,0.0,0.0,0.0,Paris
35137730,534.0,50.0,0.0,0.0056179775280898875,0.0,Paris
35147530,534.0,23.0,0.0,0.0,0.0,Paris
35149611,534.0,28.0,0.0,0.0,0.0,Paris
35196898,534.0,27.0,0.0,0.0,0.0,Paris
35263507,534.0,23.0,0.0,0.0,0.0,Paris
35317080,534.0,22.0,0.0,0.0,0.0,Paris
353462947,534.0,30.0,0.0,0.0,0.0,Paris
35380305,534.0,35.0,0.0,0.0,0.0,Paris
35447568,534.0,23.0,0.0,0.0,0.0,Paris
35471668,534.0,30.0,0.0,0.0,0.0,Paris
35472299,534.0,12.0,0.0,0.0,0.0,Paris
35600927,534.0,35.0,0.0,0.0,0.0,Paris
35642049,534.0,15.0,0.0,0.0,0.0,Paris
357409723,534.0,45.0,0.0,0.0,0.0,Paris
357491025,534.0,22.0,0.0,0.0,0.0,Paris
35816213,534.0,33.0,0.0,0.0,0.0,Paris
36003,534.0,23.0,0.0,0.0,0.0,Paris
36151,534.0,17.0,0.0,0.0,0.0,Paris
362178041,534.0,28.0,0.0,0.0,0.0,Paris
36255,534.0,21.0,0.0,0.0,0.0,Paris
362869414,534.0,26.0,0.0,0.0,0.0,Paris
36298,534.0,17.0,0.0,0.0,0.0,Paris
363735875,534.0,18.0,0.0,0.0,0.0,Paris
36391,534.0,22.0,0.0,0.0,0.0,Paris
36473,534.0,19.0,0.0,0.0,0.0,Paris
365181481,534.0,53.0,0.0,0.0,0.0,Paris
365886904,534.0,37.0,0.0,0.0,0.0,Paris
368766689,534.0,25.0,0.9382022471910112,0.0,0.0,Paris
369011098,534.0,22.0,0.0,0.0,0.0,Paris
369644630,534.0,32.0,0.0,0.0,0.0,Paris
37420,534.0,17.0,0.0,0.06928838951310862,0.0,Paris
37504995,534.0,32.0,0.0,0.0,0.0,Paris
37521,534.0,17.0,0.0,0.0,0.0,Paris
37791,534.0,36.0,0.0,0.0,0.0,Paris
37815204,534.0,30.0,0.0,0.0,0.0,Paris
37815993,534.0,37.0,0.0,0.0,0.0,Paris
37848502,534.0,25.0,0.0,0.0,0.0,Paris
378626842,534.0,50.0,0.0,0.0,0.0,Paris
378648513,534.0,36.0,0.0,0.0,0.0,Paris
37874517,534.0,21.0,0.0,0.0,0.0,Paris
37903195,534.0,27.0,0.0,0.0,0.0,Paris
379063990,534.0,22.0,0.0,0.0,0.0,Paris
37921892,534.0,25.0,0.0,0.0,0.0,Paris
37936869,534.0,35.0,0.0,0.0,0.0,Paris
37952191,534.0,31.0,0.0,0.0,0.0,Paris
37995,534.0,50.0,0.0,0.0,0.0,Paris
38060,534.0,43.0,0.0,0.0,0.0,Paris
380891087,534.0,35.0,0.0,0.0,0.0,Paris
38192,534.0,34.0,0.0,0.0,0.0,Paris
38263504,534.0,25.0,0.0,0.0,0.0,Paris
38280,534.0,17.0,0.0,0.0,0.0,Paris
38319086,534.0,37.0,0.0,0.0,0.0,Paris
38327,534.0,41.0,0.0,0.0,0.0,Paris
38407,534.0,42.0,0.0,0.0,0.0,Paris
384370499,534.0,26.0,0.0,0.0,0.0,Paris
38522,534.0,25.0,0.0,0.0,0.0,Paris
389788858,534.0,74.0,0.0,0.0,0.0,Paris
390075668,534.0,40.0,0.0,0.0,0.0,Paris
390212609,534.0,30.0,0.0,0.0,0.0,Paris
3906094706,534.0,40.0,0.0,0.0,0.0,Paris
3906153622,534.0,16.0,0.0,0.0,0.0,Paris
3906215030,534.0,38.0,0.0,0.0,0.0,Paris
3906335682,534.0,25.0,0.0,0.0,0.0,Paris
39149651,534.0,53.0,0.0,0.0,0.0,Paris
39151458,534.0,20.0,0.0,0.0,0.0,Paris
39169029,534.0,24.0,0.0,0.018726591760299626,0.0,Paris
39169877,534.0,66.0,0.0,0.0,0.0,Paris
391845823,534.0,25.0,0.0,0.0,0.0,Paris
39202840,534.0,20.0,0.0,0.0,0.0,Paris
39217683,534.0,28.0,0.0,0.0,0.0,Paris
39254792,534.0,51.0,0.0,0.0,0.0,Paris
39256416,534.0,47.0,0.0,0.0,0.0,Paris
392576677,534.0,24.0,0.0,0.0,0.0,Paris
39296638,534.0,49.0,0.0,0.0,0.0,Paris
39311270,534.0,33.0,0.0,0.0,0.0,Paris
394404659,534.0,45.0,0.0,0.0,0.0,Paris
39535340,534.0,30.0,0.0,0.0,0.0,Paris
39536951,534.0,33.0,0.0,0.0,0.0,Paris
39565873,534.0,27.0,0.0,0.0,0.0,Paris
39599631,534.0,23.0,0.0,0.07116104868913857,0.0,Paris
39626277,534.0,16.0,0.0,0.0,0.0,Paris
39776330,534.0,17.0,0.0,0.0,0.0,Paris
39799329,534.0,35.0,0.0,0.0,0.0,Paris
39878420,534.0,20.0,0.0,0.0,0.0,Paris
39882420,534.0,22.0,0.0,0.0,0.0,Paris
404947652,534.0,33.0,0.0,0.0,0.0,Paris
406806401,534.0,28.0,0.0,0.0,0.0,Paris
409364001,534.0,18.0,0.0,0.0018726591760299626,0.0,Paris
41219552,534.0,23.0,0.0,0.0,0.0,Paris
41464928,534.0,62.0,0.0,0.0,0.0,Paris
41498023,534.0,24.0,0.0,0.0,0.0,Paris
41523981,534.0,46.0,0.0,0.0,0.0,Paris
41566122,534.0,54.0,0.0,0.0,0.0,Paris
41610121,534.0,28.0,0.0,0.0,0.0,Paris
417088374,534.0,39.0,0.0,0.0,0.0,Paris
417623119,534.0,20.0,0.0,0.0,0.0,Paris
419381597,534.0,50.0,0.0,0.0,0.0,Paris
419991048,534.0,50.0,0.0,0.0,0.0,Paris
422639331,534.0,31.0,0.0,0.0,0.0,Paris
42275164,534.0,36.0,0.0,0.0,0.0,Paris
42341698,534.0,58.0,0.0,0.0,0.0,Paris
42499285,534.0,46.0,0.0,0.0,0.0,Paris
42517412,534.0,24.0,0.0,0.0,0.0,Paris
42541542,534.0,33.0,0.0,0.0,0.0,Paris
42566291,534.0,35.0,0.0,0.0,0.0,Paris
42588096,534.0,28.0,0.0,0.0,0.0,Paris
42603855,534.0,17.0,0.0,0.09925093632958802,0.0,Paris
426772876,534.0,32.0,0.0,0.0,0.0,Paris
42720305,534.0,38.0,0.0,0.0,0.0,Paris
42743053,534.0,36.0,0.0,0.0,0.0,Paris
427678168,534.0,46.0,0.0,0.0056179775280898875,0.0,Paris
428088564,534.0,25.0,0.0,0.0,0.0,Paris
42907187,534.0,25.0,0.0,0.0,0.0,Paris
42908639,534.0,29.0,0.0,0.0,0.0,Paris
42950428,534.0,50.0,0.0,0.0,0.0,Paris
43155320,534.0,48.0,0.0,0.0,0.0,Paris
43165673,534.0,53.0,0.0,0.0,0.0,Paris
43195240,534.0,25.0,0.0,0.0,0.0,Paris
43219958,534.0,39.0,0.0,0.0,0.0,Paris
43247025,534.0,20.0,0.0,0.0,0.0,Paris
43247738,534.0,53.0,0.0,0.0,0.0,Paris
43255030,534.0,48.0,0.0,0.0,0.0,Paris
4329844165,534.0,33.0,0.0,0.0,0.0,Paris
434419150,534.0,58.0,0.0,0.0,0.0,Paris
437741660,534.0,43.0,0.056179775280898875,0.0,0.0,Paris
439750210,534.0,26.0,0.0,0.0,0.0,Paris
442739463,534.0,18.0,0.0,0.0,0.0,Paris
443153677,534.0,36.0,0.0,0.0,0.0,Paris
443198808,534.0,37.0,0.0,0.0,0.0,Paris
443402852,534.0,48.0,0.0,0.0,0.0,Paris
443654970,534.0,37.0,0.0,0.0,0.0,Paris
452341449,534.0,20.0,0.0,0.0,0.0,Paris
452347778,534.0,21.0,0.0,0.0,0.0,Paris
452920451,534.0,24.0,0.0,0.09550561797752809,0.0,Paris
452936197,534.0,60.0,0.0,0.0,0.0,Paris
453172172,534.0,13.0,0.0,0.0,0.0,Paris
457713145,534.0,43.0,0.0,0.0,0.0,Paris
457813746,534.0,16.0,0.0,0.0,0.0,Paris
457834134,534.0,29.0,0.0,0.0,0.0,Paris
458086607,534.0,28.0,0.0,0.0,0.0,Paris
460558111,534.0,20.0,0.0,0.0,0.0,Paris
462875227,534.0,25.0,0.0,0.0,0.0,Paris
463297497,534.0,20.0,0.0,0.07303370786516854,0.0,Paris
468354634,534.0,30.0,0.0,0.0,0.0,Paris
468843711,534.0,23.0,0.0,0.0,0.0,Paris
470807791,534.0,33.0,0.0,0.0,0.0,Paris
471094898,534.0,25.0,0.0,0.0,0.0,Paris
473204291,534.0,34.0,0.0,0.0,0.0,Paris
475524450,534.0,25.0,0.0,0.0,0.0,Paris
476053320,534.0,26.0,0.0,0.0,0.0,Paris
476155906,534.0,26.0,0.0,0.0,0.0,Paris
476183970,534.0,40.0,0.0,0.0,0.0,Paris
478250062,534.0,24.0,0.0,0.0,0.0,Paris
478385490,534.0,30.0,0.0,0.0,0.0,Paris
478593396,534.0,20.0,0.0,0.0,0.0,Paris
478732841,534.0,16.0,0.0,0.0,0.0,Paris
478952881,534.0,38.0,0.0,0.0,0.0,Paris
484387018,534.0,31.0,0.0,0.19662921348314608,0.0,Paris
484423835,534.0,27.0,0.0,0.0,0.0,Paris
484889494,534.0,26.0,0.0,0.0,0.0,Paris
486750405,534.0,24.0,0.0,0.04868913857677903,0.0,Paris
486833337,534.0,33.0,0.0,0.0,0.0,Paris
48800374,534.0,14.0,0.0,0.0,0.0,Paris
488872892,534.0,42.0,0.0,0.0,0.0,Paris
488889101,534.0,33.0,0.0,0.0,0.0,Paris
488980540,534.0,34.0,0.0,0.0,0.0,Paris
49039283,534.0,19.0,0.0,0.0,0.0,Paris
49085250,534.0,19.0,0.0,0.0,0.0,Paris
49094984,534.0,56.0,0.0,0.011235955056179775,0.0,Paris
49117995,534.0,20.0,0.0,0.0,0.0,Paris
491687415,534.0,22.0,0.0,0.0,0.0,Paris
491932748,534.0,39.0,0.0,0.0,0.0,Paris
49341735,534.0,42.0,0.0,0.0,0.0,Paris
49368561,534.0,58.0,0.0,0.0,0.0,Paris
49403716,534.0,42.0,0.0,0.0,0.0,Paris
494183852,534.0,40.0,0.0,0.0,0.0,Paris
49423507,534.0,78.0,0.0,0.0,0.0,Paris
49424560,534.0,35.0,0.0,0.0018726591760299626,0.0,Paris
49474389,534.0,37.0,0.0,0.7134831460674157,0.0,Paris
49498164,534.0,28.0,0.0,0.0,0.0,Paris
49791363,534.0,30.0,0.0,0.0,0.0,Paris
49807107,534.0,18.0,0.0,0.0,0.0,Paris
49829553,534.0,30.0,0.0,0.0,0.0,Paris
49859500,534.0,18.0,0.0,0.0,0.0,Paris
499303158,534.0,30.0,0.0,0.0,0.0,Paris
501318622,534.0,24.0,0.0,0.0,0.0,Paris
50156117,534.0,23.0,0.0,0.0,0.0,Paris
501862076,534.0,22.0,0.0,0.0,0.0,Paris
50191171,534.0,24.0,0.0,0.0,0.0,Paris
506455295,534.0,16.0,0.0,0.0,0.0,Paris
507934805,534.0,25.0,0.0,0.0,0.0,Paris
508042092,534.0,34.0,0.0,0.0,0.0,Paris
516709288,534.0,20.0,0.0,0.05056179775280899,0.0,Paris
518825709,534.0,21.0,0.0,0.0,0.0,Paris
521393180,534.0,23.0,0.0,0.20786516853932585,0.0,Paris
52329,534.0,37.0,0.0,0.0,0.0,Paris
523900881,534.0,60.0,0.0,0.0,0.0,Paris
52393,534.0,50.0,0.0,0.0,0.0,Paris
52453,534.0,25.0,0.0,0.0,0.0,Paris
52456,534.0,28.0,0.0,0.0,0.0,Paris
52474,534.0,35.0,0.0,0.0,0.0,Paris
52518,534.0,22.0,0.0,0.0,0.0,Paris
532054446,534.0,58.0,0.0,0.0,0.0,Paris
535500589,534.0,78.0,0.0,0.0,0.0,Paris
53999465,534.0,67.0,0.0,0.0,0.0,Paris
54000465,534.0,28.0,0.0,0.0,0.0,Paris
54000466,534.0,29.0,0.0,0.0,0.0,Paris
54000536,534.0,35.0,0.0,0.0,0.0,Paris
54000537,534.0,18.0,0.0,0.0,0.0,Paris
54000538,534.0,32.0,0.0,0.0,0.0,Paris
54000539,534.0,36.0,0.0,0.0,0.0,Paris
54000541,534.0,29.0,0.0,0.0,0.0,Paris
54000542,534.0,29.0,0.0,0.0,0.0,Paris
54000543,534.0,32.0,0.0,0.0,0.0,Paris
54000544,534.0,39.0,0.0,0.0,0.0,Paris
54000545,534.0,65.0,0.0,0.0,0.0,Paris
54000546,534.0,33.0,0.0,0.0,0.0,Paris
54000547,534.0,37.0,0.0,0.0,0.0,Paris
54000548,534.0,32.0,0.0,0.0,0.0,Paris
54000549,534.0,16.0,0.0,0.0,0.0,Paris
54000550,534.0,31.0,0.0,0.0,0.0,Paris
54000551,534.0,47.0,0.0,0.0,0.0,Paris
54000552,534.0,30.0,0.0,0.0,0.0,Paris
54000553,534.0,63.0,0.0,0.0,0.0,Paris
54000554,534.0,32.0,0.0,0.0,0.0,Paris
54000555,534.0,49.0,0.0,0.0,0.0,Paris
54000559,534.0,40.0,0.0,0.0,0.0,Paris
54000560,534.0,20.0,0.0,0.0,0.0,Paris
54000561,534.0,32.0,0.0,0.0,0.0,Paris
54000562,534.0,30.0,0.0,0.0,0.0,Paris
54000564,534.0,31.0,0.0,0.0,0.0,Paris
54000565,534.0,27.0,0.0,0.0,0.0,Paris
54000567,534.0,34.0,0.0,0.0,0.0,Paris
54000568,534.0,48.0,0.0,0.0,0.0,Paris
54000569,534.0,38.0,0.0,0.0,0.0,Paris
54000570,534.0,36.0,0.0,0.0,0.0,Paris
54000571,534.0,53.0,0.0,0.0,0.0,Paris
54000572,534.0,21.0,0.0,0.0,0.0,Paris
54000573,534.0,46.0,0.0,0.0,0.0,Paris
54000577,534.0,27.0,0.0,0.0,0.0,Paris
54000578,534.0,33.0,0.0,0.0,0.0,Paris
54000581,534.0,34.0,0.0,0.0,0.0,Paris
54000582,534.0,27.0,0.0,0.0,0.0,Paris
54000583,534.0,36.0,0.0,0.0,0.0,Paris
54000586,534.0,32.0,0.0,0.0,0.0,Paris
54000587,534.0,32.0,0.0,0.0018726591760299626,0.0,Paris
54000588,534.0,66.0,0.0,0.0,0.0,Paris
54000589,534.0,67.0,0.0,0.0,0.0,Paris
54000591,534.0,37.0,0.0,0.0,0.0,Paris
54000592,534.0,36.0,0.0,0.0,0.0,Paris
54000593,534.0,10.0,0.0,0.0,0.0,Paris
54000595,534.0,54.0,0.0,0.0,0.0,Paris
54000596,534.0,34.0,0.0,0.0,0.0,Paris
54000597,534.0,22.0,0.0,0.0,0.0,Paris
54000598,534.0,25.0,0.0,0.0,0.0,Paris
54000599,534.0,24.0,0.0,0.0,0.0,Paris
54000600,534.0,33.0,0.0,0.0,0.0,Paris
54000601,534.0,22.0,0.0,0.0,0.0,Paris
54000604,534.0,35.0,0.0,0.0,0.0,Paris
54000605,534.0,40.0,0.0,0.0,0.0,Paris
54000607,534.0,23.0,0.0,0.0,0.0,Paris
54000608,534.0,55.0,0.0,0.0,0.0,Paris
54000609,534.0,34.0,0.0,0.0,0.0,Paris
54000610,534.0,68.0,0.0,0.0,0.0,Paris
54000611,534.0,26.0,0.0,0.0,0.0,Paris
54000612,534.0,43.0,0.0,0.0149812734082397,0.0,Paris
54000615,534.0,50.0,0.0,0.0,0.0,Paris
54000616,534.0,32.0,0.0,0.009363295880149813,0.0,Paris
54000617,534.0,20.0,0.0,0.0,0.0,Paris
54000618,534.0,33.0,0.0,0.0,0.0,Paris
54000619,534.0,33.0,0.0,0.0,0.0,Paris
54000621,534.0,41.0,0.0,0.0,0.0,Paris
54000622,534.0,28.0,0.0,0.0,0.0,Paris
54000623,534.0,27.0,0.0,0.0,0.0,Paris
54000624,534.0,20.0,0.0,0.06554307116104868,0.0,Paris
54000625,534.0,33.0,0.0,0.033707865168539325,0.0,Paris
54000626,534.0,22.0,0.0,0.0,0.0,Paris
54000627,534.0,23.0,0.0,0.0,0.0,Paris
54000628,534.0,56.0,0.0,0.0,0.0,Paris
54000629,534.0,36.0,0.0,0.0,0.0,Paris
54000630,534.0,25.0,0.0,0.0,0.0,Paris
54000631,534.0,25.0,0.0,0.0,0.0,Paris
54000632,534.0,36.0,0.0,0.0,0.0,Paris
54000634,534.0,26.0,0.0,0.0,0.0,Paris
54000635,534.0,33.0,0.0,0.0,0.0,Paris
54001024,534.0,52.0,0.0,0.0,0.0,Paris
54001189,534.0,28.0,0.0,0.0,0.0,Paris
54001190,534.0,27.0,0.0,0.0,0.0,Paris
544249939,534.0,49.0,0.0,0.0,0.0,Paris
549480297,534.0,37.0,0.0,0.0,0.0,Paris
549876068,534.0,48.0,0.0,0.0,0.0,Paris
55664548,534.0,34.0,0.0,0.0,0.0,Paris
55927887,534.0,36.0,0.0,0.0,0.0,Paris
559507144,534.0,25.0,0.0,0.0,0.0,Paris
559595472,534.0,23.0,0.0,0.0,0.0,Paris
559980654,534.0,24.0,0.0,0.0,0.0,Paris
567884788,534.0,22.0,0.0,0.0,0.0,Paris
568135465,534.0,39.0,0.0,0.0,0.0,Paris
569583918,534.0,44.0,0.0,0.0,0.0,Paris
570185777,534.0,35.0,0.0,0.0,0.0,Paris
571923059,534.0,48.0,0.0,0.0,0.0,Paris
572566600,534.0,30.0,0.0,0.0,0.0,Paris
576188379,534.0,24.0,0.0,0.0,0.0,Paris
58086242,534.0,26.0,0.0,0.0,0.0,Paris
581480367,534.0,68.0,0.0,0.0,0.0,Paris
58311330,534.0,39.0,0.0,0.0,0.0,Paris
583178525,534.0,21.0,0.0,0.0,0.0,Paris
583539396,534.0,29.0,0.0,0.0,0.0,Paris
58391194,534.0,28.0,0.0,0.0,0.0,Paris
586539770,534.0,22.0,0.0,0.0,0.0,Paris
586649404,534.0,25.0,0.0,0.0,0.0,Paris
588452142,534.0,24.0,0.0,0.0,0.0,Paris
593238093,534.0,24.0,0.0,0.0,0.0,Paris
596813170,534.0,15.0,0.0,0.0,0.0,Paris
596872103,534.0,30.0,0.0,0.0,0.0,Paris
597245295,534.0,35.0,0.0,0.0,0.0,Paris
599135701,534.0,44.0,0.0,0.0,0.0,Paris
606669250,534.0,40.0,0.0,0.0,0.0,Paris
60667075,534.0,22.0,0.0,0.0,0.0,Paris
611152693,534.0,28.0,0.0,0.0,0.0,Paris
613737748,534.0,32.0,0.0,0.0,0.0,Paris
620403530,534.0,20.0,0.0,0.0,0.0,Paris
620676855,534.0,22.0,0.0,0.0,0.0,Paris
624177860,534.0,50.0,0.0,0.0,0.0,Paris
6245,534.0,27.0,0.0,0.0,0.0,Paris
6293,534.0,28.0,0.0,0.0,0.0,Paris
6294,534.0,23.0,0.0,0.0,0.0,Paris
6295,534.0,23.0,0.0,0.0,0.0,Paris
6296,534.0,17.0,0.0,0.0,0.0,Paris
6297,534.0,18.0,0.0,0.0,0.0,Paris
6298,534.0,24.0,0.0,0.07303370786516854,0.0,Paris
631773910,534.0,26.0,0.0,0.0,0.0,Paris
632007124,534.0,36.0,0.0,0.0,0.0,Paris
632086890,534.0,28.0,0.0,0.0,0.0,Paris
63279,534.0,16.0,0.0,0.0,0.0,Paris
63297,534.0,21.0,0.0,0.0,0.0,Paris
63498079,534.0,26.0,0.0,0.024344569288389514,0.0,Paris
6352,534.0,31.0,0.0,0.0,0.0,Paris
6354,534.0,33.0,0.0,0.0,0.0,Paris
63769334,534.0,39.0,0.0,0.0,0.0,Paris
6385,534.0,22.0,0.0,0.0,0.0,Paris
6399,534.0,32.0,0.0,0.0,0.0,Paris
640629438,534.0,22.0,0.0,0.0,0.0,Paris
647826568,534.0,31.0,0.0,0.0,0.0,Paris
648227675,534.0,40.0,0.0,0.09363295880149813,0.0,Paris
6497,534.0,20.0,0.0,0.0,0.0,Paris
649888071,534.0,19.0,0.0,0.0,0.0,Paris
650091839,534.0,25.0,0.0,0.0,0.0,Paris
6512,534.0,15.0,0.0,0.13295880149812733,0.0,Paris
6515,534.0,44.0,0.0,0.0,0.0,Paris
652120758,534.0,59.0,0.0,0.0,0.0,Paris
652192395,534.0,66.0,0.0,0.0,0.0,Paris
653035822,534.0,28.0,0.0,0.0,0.0,Paris
653040243,534.0,28.0,0.0,0.0,0.0,Paris
653042442,534.0,40.0,0.0,0.0,0.0,Paris
653042678,534.0,25.0,0.0,0.0,0.0,Paris
653046029,534.0,51.0,0.0,0.0,0.0,Paris
653046369,534.0,68.0,0.0,0.0,0.0,Paris
653048150,534.0,40.0,0.0,0.0,0.0,Paris
653050378,534.0,47.0,0.0,0.0,0.0,Paris
653055049,534.0,34.0,0.0,0.0,0.0,Paris
653055097,534.0,22.0,0.0,0.0,0.0,Paris
653059015,534.0,31.0,0.0,0.0,0.0,Paris
653059879,534.0,40.0,0.0,0.0,0.0,Paris
653062048,534.0,44.0,0.0,0.0,0.0,Paris
653063170,534.0,40.0,0.0,0.0,0.0,Paris
653065577,534.0,30.0,0.0,0.0,0.0,Paris
653066427,534.0,26.0,0.0,0.0,0.0,Paris
653069115,534.0,34.0,0.0,0.0,0.0,Paris
653072212,534.0,30.0,0.0,0.0,0.0,Paris
653073004,534.0,48.0,0.09363295880149813,0.0,0.0,Paris
653076373,534.0,35.0,0.0,0.0018726591760299626,0.0,Paris
653076393,534.0,65.0,0.0,0.0,0.0,Paris
653079135,534.0,15.0,0.0,0.0,0.0,Paris
653079520,534.0,19.0,0.0,0.0,0.0,Paris
653080383,534.0,46.0,0.0,0.0,0.0,Paris
653080986,534.0,18.0,0.0,0.0,0.0,Paris
653081846,534.0,30.0,0.0,0.0,0.0,Paris
653083263,534.0,39.0,0.0,0.0,0.0,Paris
653083675,534.0,20.0,0.0,0.0,0.0,Paris
653085678,534.0,24.0,0.0,0.0,0.0,Paris
653086121,534.0,34.0,0.0,0.0056179775280898875,0.0,Paris
653087180,534.0,32.0,0.0,0.0749063670411985,0.0,Paris
653087914,534.0,27.0,0.0,0.0,0.0,Paris
653089942,534.0,28.0,0.0,0.0,0.0,Paris
653091206,534.0,40.0,0.0,0.0,0.0,Paris
653091677,534.0,24.0,0.0,0.0,0.0,Paris
653092274,534.0,33.0,0.0,0.04681647940074907,0.0,Paris
653094517,534.0,40.0,0.0,0.0,0.0,Paris
653097126,534.0,42.0,0.0,0.0,0.0,Paris
653099465,534.0,31.0,0.0,0.0,0.0,Paris
653102462,534.0,43.0,0.0,0.0,0.0,Paris
653104215,534.0,34.0,0.0,0.003745318352059925,0.0,Paris
653106960,534.0,37.0,0.0,0.0,0.0,Paris
653107480,534.0,22.0,0.0,0.0,0.0,Paris
653110492,534.0,28.0,0.0,0.0,0.0,Paris
653110858,534.0,23.0,0.0,0.0,0.0,Paris
653114003,534.0,25.0,0.0,0.0,0.0,Paris
653114443,534.0,20.0,0.0,0.0,0.0,Paris
653118283,534.0,25.0,0.0,0.0,0.0,Paris
653121023,534.0,25.0,0.0,0.0,0.0,Paris
653122771,534.0,24.0,0.0,0.0,0.0,Paris
653123610,534.0,35.0,0.0,0.0,0.0,Paris
653125838,534.0,29.0,0.0,0.0,0.0,Paris
653126035,534.0,20.0,0.0,0.0,0.0,Paris
653127524,534.0,30.0,0.0,0.0,0.0,Paris
653129412,534.0,31.0,0.0,0.0,0.0,Paris
653129435,534.0,16.0,0.0,0.0,0.0,Paris
653131074,534.0,25.0,0.0,0.04119850187265917,0.0,Paris
653132534,534.0,25.0,0.0,0.0,0.0,Paris
653134004,534.0,26.0,0.0,0.0,0.0,Paris
653135378,534.0,36.0,0.0,0.0,0.0,Paris
653135400,534.0,26.0,0.0,0.0,0.0,Paris
653137566,534.0,33.0,0.0,0.0,0.0,Paris
653137567,534.0,22.0,0.0,0.0,0.0,Paris
653139063,534.0,18.0,0.0,0.0,0.0,Paris
653139897,534.0,27.0,0.0,0.0,0.0,Paris
653140345,534.0,24.0,0.0,0.031835205992509365,0.0,Paris
653141822,534.0,23.0,0.0,0.0,0.0,Paris
653143563,534.0,30.0,0.0,0.0,0.0,Paris
653144717,534.0,25.0,0.0,0.04681647940074907,0.0,Paris
653146273,534.0,22.0,0.0,0.0,0.0,Paris
653147618,534.0,27.0,0.0,0.0,0.0,Paris
653150828,534.0,20.0,0.0,0.0,0.0,Paris
653153519,534.0,20.0,0.0,0.0,0.0,Paris
653155159,534.0,22.0,0.0,0.009363295880149813,0.0,Paris
653156540,534.0,34.0,0.0,0.0,0.0,Paris
653159330,534.0,28.0,0.0,0.0,0.0,Paris
653165196,534.0,27.0,0.0,0.0,0.0,Paris
653166892,534.0,30.0,0.0,0.0,0.0,Paris
653175838,534.0,18.0,0.0,0.0,0.0,Paris
653184632,534.0,33.0,0.0,0.0,0.0,Paris
653187900,534.0,40.0,0.0,0.0,0.0,Paris
653190196,534.0,37.0,0.0,0.0,0.0,Paris
653190279,534.0,21.0,0.0,0.0,0.0,Paris
653193536,534.0,20.0,0.0,0.0,0.0,Paris
653194214,534.0,20.0,0.0,0.0,0.0,Paris
653197206,534.0,24.0,0.0,0.0,0.0,Paris
653197324,534.0,23.0,0.0,0.0,0.0,Paris
653200142,534.0,38.0,0.0,0.0,0.0,Paris
653203262,534.0,30.0,0.0,0.0,0.0,Paris
653205656,534.0,28.0,0.0,0.0,0.0,Paris
653208733,534.0,38.0,0.0,0.0,0.0,Paris
653217067,534.0,19.0,0.0,0.0,0.0,Paris
653222953,534.0,30.0,0.0,0.0,0.0,Paris
66489651,534.0,33.0,0.0,0.0,0.0,Paris
66491366,534.0,37.0,0.0,0.0,0.0,Paris
66491367,534.0,17.0,0.0,0.0,0.0,Paris
66491368,534.0,69.0,0.0,0.0,0.0,Paris
66491369,534.0,49.0,0.0,0.7191011235955056,0.0,Paris
66491370,534.0,28.0,0.0,0.0,0.0,Paris
66491371,534.0,33.0,0.0,0.0,0.0,Paris
66491372,534.0,74.0,0.0,0.0,0.0,Paris
66491373,534.0,19.0,0.0,0.0,0.0,Paris
66491378,534.0,53.0,0.0,0.0,0.0,Paris
66491379,534.0,12.0,0.0,0.0,0.0,Paris
66491381,534.0,32.0,0.0,0.0,0.0,Paris
66491382,534.0,36.0,0.0,0.0,0.0,Paris
66491384,534.0,35.0,0.0,0.0,0.0,Paris
66491385,534.0,25.0,0.0,0.0,0.0,Paris
66491386,534.0,58.0,0.0,0.0,0.0,Paris
66491388,534.0,33.0,0.0,0.0,0.0,Paris
66491389,534.0,58.0,0.0,0.0,0.0,Paris
66491390,534.0,54.0,0.0,0.0,0.0,Paris
66491391,534.0,32.0,0.0,0.0,0.0,Paris
66491392,534.0,43.0,0.0,0.0,0.0,Paris
66491393,534.0,47.0,0.0,0.0,0.0,Paris
66491394,534.0,43.0,0.0,0.0,0.0,Paris
66491395,534.0,40.0,0.0,0.0,0.0,Paris
66491396,534.0,52.0,0.0,0.0,0.0,Paris
66491397,534.0,60.0,0.0,0.0,0.0,Paris
66491398,534.0,48.0,0.0,0.0,0.0,Paris
66491401,534.0,56.0,0.0,0.0,0.0,Paris
66491402,534.0,37.0,0.0,0.0,0.0,Paris
66491404,534.0,21.0,0.0,0.0,0.0,Paris
66491405,534.0,27.0,0.0,0.0,0.0,Paris
66491406,534.0,48.0,0.0,0.0,0.0,Paris
66491407,534.0,22.0,0.0,0.0,0.0,Paris
66491408,534.0,32.0,0.0,0.0,0.0,Paris
66491409,534.0,20.0,0.0,0.0,0.0,Paris
66499894,534.0,33.0,0.0,0.0,0.0,Paris
66505510,534.0,63.0,0.0,0.0,0.0,Paris
66505511,534.0,53.0,0.0,0.0,0.0,Paris
66505513,534.0,31.0,0.0,0.7322097378277154,0.0,Paris
66505516,534.0,60.0,0.0,0.0,0.0,Paris
66507229,534.0,26.0,0.0,0.0,0.0,Paris
66507230,534.0,21.0,0.0,0.0,0.0,Paris
70736110,534.0,47.0,0.0,0.0,0.0,Paris
70903158,534.0,25.0,0.0,0.0,0.0,Paris
7234,534.0,29.0,0.0,0.0,0.0,Paris
7247,534.0,23.0,0.0,0.0,0.0,Paris
7254,534.0,42.0,0.0,0.0,0.0,Paris
7261,534.0,20.0,0.0,0.0,0.0,Paris
72765603,534.0,20.0,0.0,0.0,0.0,Paris
7295,534.0,15.0,0.0,0.0,0.0,Paris
7304,534.0,15.0,0.0,0.011235955056179775,0.0,Paris
7402,534.0,16.0,0.0,0.0,0.0,Paris
74620630,534.0,26.0,0.0,0.0,0.0,Paris
74635382,534.0,47.0,0.0,0.013108614232209739,0.0,Paris
74692052,534.0,34.0,0.0,0.0,0.0,Paris
74805344,534.0,32.0,0.0,0.0,0.0,Paris
74858883,534.0,32.0,0.0,0.0,0.0,Paris
74864208,534.0,28.0,0.0,0.0,0.0,Paris
75313725,534.0,34.0,0.0,0.0,0.0,Paris
75345531,534.0,16.0,0.0,0.0,0.0,Paris
75352635,534.0,25.0,0.0,0.0,0.0,Paris
75525462,534.0,45.0,0.0,0.0,0.0,Paris
75641607,534.0,32.0,0.0,0.06554307116104868,0.0,Paris
76121343,534.0,27.0,0.0,0.0,0.0,Paris
76199461,534.0,33.0,0.0,0.0,0.0,Paris
76352106,534.0,45.0,0.0,0.0,0.0,Paris
76488849,534.0,36.0,0.0,0.0,0.0,Paris
76507850,534.0,33.0,0.0,0.0,0.0,Paris
77773,534.0,28.0,0.0,0.0,0.0,Paris
78348185,534.0,51.0,0.0,0.0,0.0,Paris
78374110,534.0,17.0,0.0,0.0,0.0,Paris
80077998,534.0,19.0,0.0,0.0,0.0,Paris
80101533,534.0,35.0,0.0,0.0,0.0,Paris
80216231,534.0,39.0,0.0,0.5393258426966292,0.0,Paris
80298493,534.0,25.0,0.0,0.0,0.0,Paris
80419347,534.0,27.0,0.0,0.003745318352059925,0.0,Paris
81081358,534.0,39.0,0.0,0.0,0.0,Paris
81212212,534.0,24.0,0.0,0.0,0.0,Paris
813544903,534.0,30.0,0.0,0.0,0.0,Paris
818302209,534.0,52.0,0.0,0.0,0.0,Paris
82253759,534.0,48.0,0.0,0.0,0.0,Paris
82328045,534.0,22.0,0.0,0.0,0.0,Paris
82332239,534.0,36.0,0.0,0.0,0.0,Paris
82334007,534.0,49.0,0.0,0.0,0.0,Paris
82335295,534.0,30.0,0.0,0.0,0.0,Paris
82336035,534.0,18.0,0.0,0.0,0.0,Paris
82337423,534.0,47.0,0.0,0.0,0.0,Paris
82339935,534.0,36.0,0.0,0.0,0.0,Paris
82375611,534.0,44.0,0.0,0.0,0.0,Paris
82379648,534.0,47.0,0.0,0.0,0.0,Paris
82381710,534.0,15.0,0.0,0.0,0.0,Paris
82387816,534.0,32.0,0.0,0.3464419475655431,0.0,Paris
82396562,534.0,19.0,0.0,0.0,0.0,Paris
82402482,534.0,59.0,0.0,0.0,0.0,Paris
82404497,534.0,37.0,0.0,0.0,0.0,Paris
82405965,534.0,43.0,0.0,0.0,0.0,Paris
82408364,534.0,38.0,0.0,0.0,0.0,Paris
82413301,534.0,40.0,0.0,0.0,0.0,Paris
82417874,534.0,74.0,0.0,0.0,0.0,Paris
82419429,534.0,44.0,0.0,0.0,0.0,Paris
82421013,534.0,35.0,0.0,0.0,0.0,Paris
82421994,534.0,35.0,0.0,0.0,0.0,Paris
82423726,534.0,68.0,0.0,0.0,0.0,Paris
82425449,534.0,51.0,0.0,0.0,0.0,Paris
82429586,534.0,40.0,0.0,0.0,0.0,Paris
82432573,534.0,50.0,0.0,0.0,0.0,Paris
82436057,534.0,22.0,0.0,0.0,0.0,Paris
82440673,534.0,50.0,0.0,0.0,0.0,Paris
82445192,534.0,41.0,0.0,0.0,0.0,Paris
82448637,534.0,46.0,0.0,0.0,0.0,Paris
82450803,534.0,59.0,0.0,0.0,0.0,Paris
82455731,534.0,62.0,0.0,0.0,0.0,Paris
82457375,534.0,31.0,0.0,0.0,0.0,Paris
82458977,534.0,23.0,0.0,0.0,0.0,Paris
82468690,534.0,56.0,0.0,0.0,0.0,Paris
82499609,534.0,36.0,0.0,0.0,0.0,Paris
82508970,534.0,26.0,0.0,0.0,0.0,Paris
82550543,534.0,55.0,0.0,0.0,0.0,Paris
82551956,534.0,32.0,0.0,0.0,0.0,Paris
82554449,534.0,60.0,0.0,0.0,0.0,Paris
82554786,534.0,30.0,0.0,0.0,0.0,Paris
82562496,534.0,21.0,0.0,0.09363295880149813,0.0,Paris
82562556,534.0,49.0,0.0,0.0,0.0,Paris
82563707,534.0,33.0,0.0,0.0,0.0,Paris
82565383,534.0,45.0,0.0,0.0,0.0,Paris
82566934,534.0,53.0,0.0,0.0,0.0,Paris
82567101,534.0,26.0,0.0,0.0,0.0,Paris
82568336,534.0,29.0,0.0,0.0,0.0,Paris
82569809,534.0,22.0,0.0,0.0,0.0,Paris
82571023,534.0,45.0,0.0,0.0,0.0,Paris
82571110,534.0,26.0,0.0,0.0,0.0,Paris
82573931,534.0,37.0,0.0,0.0,0.0,Paris
82574198,534.0,41.0,0.0,0.0,0.0,Paris
82574979,534.0,26.0,0.0,0.06554307116104868,0.0,Paris
82577019,534.0,30.0,0.0,0.0,0.0,Paris
82583924,534.0,29.0,0.0,0.0,0.0,Paris
82584215,534.0,62.0,0.0,0.0,0.0,Paris
82587428,534.0,31.0,0.0,0.0,0.0,Paris
82588494,534.0,29.0,0.0,0.0,0.0,Paris
82588656,534.0,53.0,0.0,0.0,0.0,Paris
82590367,534.0,56.0,0.0,0.0,0.0,Paris
828134511,534.0,32.0,0.0,0.0,0.0,Paris
84958519,534.0,31.0,0.0,0.0,0.0,Paris
84960402,534.0,40.0,0.0,0.0,0.0,Paris
84961467,534.0,54.0,0.0,0.0,0.0,Paris
84966359,534.0,26.0,0.0,0.0,0.0,Paris
84979504,534.0,25.0,0.0,0.0,0.0,Paris
84983562,534.0,52.0,0.0,0.0,0.0,Paris
84986959,534.0,62.0,0.0,0.0,0.0,Paris
85002689,534.0,60.0,0.0,0.0,0.0,Paris
85008390,534.0,71.0,0.0,0.0,0.0,Paris
85015750,534.0,38.0,0.0,0.0,0.0,Paris
85043758,534.0,36.0,0.0,0.0,0.0,Paris
85118872,534.0,38.0,0.0,0.0,0.0,Paris
85120104,534.0,15.0,0.0,0.0,0.0,Paris
85123644,534.0,26.0,0.0,0.011235955056179775,0.0,Paris
85145704,534.0,26.0,0.0,0.0,0.0,Paris
85147829,534.0,26.0,0.0,0.0,0.0,Paris
85152599,534.0,46.0,0.0,0.0,0.0,Paris
85155919,534.0,31.0,0.0,0.009363295880149813,0.0,Paris
85160045,534.0,26.0,0.0,0.0,0.0,Paris
85162552,534.0,45.0,0.0,0.0,0.0,Paris
85165045,534.0,24.0,0.0,0.0,0.0,Paris
875078767,534.0,20.0,0.0,0.0,0.0,Paris
88140066,534.0,65.0,0.0,0.0,0.0,Paris
88230992,534.0,30.0,0.0,0.003745318352059925,0.0,Paris
89553051,534.0,21.0,0.0,0.0,0.0,Paris
907054879,534.0,20.0,0.0,0.0,0.0,Paris
911767210,534.0,24.0,0.0,0.0,0.0,Paris
912377361,534.0,44.0,0.0,0.0,0.0,Paris
933214552,534.0,26.0,0.0,0.0,0.0,Paris
94250567,534.0,53.0,0.0,0.0,0.0,Paris
94555589,534.0,27.0,0.0,0.0,0.0,Paris
95073815,534.0,39.0,0.0,0.0,0.0,Paris
95845524,534.0,18.0,0.0,0.0,0.0,Paris
95927849,534.0,39.0,0.0,0.0,0.0,Paris
963786819,534.0,30.0,0.0,0.0,0.0,Paris
96512532,534.0,32.0,0.0,0.0,0.0,Paris
96608796,534.0,29.0,0.0,0.0,0.0,Paris
976762284,534.0,28.0,0.0,0.0,0.0,Paris
97677210,534.0,50.0,0.0,0.0,0.0,Paris
97705710,534.0,39.0,0.0,0.0,0.0,Paris
977206088,534.0,30.0,0.0,0.0,0.0,Paris
977409509,534.0,38.0,0.0,0.0,0.0,Paris
979059925,534.0,29.0,0.0,0.0,0.0,Paris
98132679,534.0,49.0,0.0,0.5262172284644194,0.0,Paris
98187918,534.0,60.0,0.0,0.0,0.0,Paris
985086307,534.0,24.0,0.0,0.0,0.0,Paris
985828965,534.0,40.0,0.0,0.0,0.0,Paris
989753852,534.0,20.0,0.0,0.0,0.0,Paris
991351798,534.0,23.0,0.0,0.0,0.0,Paris
9931940126,534.0,38.0,0.0,0.0,0.0,Paris
99798962,534.0,37.0,0.0,0.0,0.0,Paris
99840124,534.0,46.0,0.0,0.0,0.0,Paris
99886640,534.0,24.0,0.0,0.0,0.0,Paris
99950133,534.0,55.0,0.0,0.0,0.0,Paris
stn_46DbBeGJkEvoJky3GCxvwR,479.0,8.0,0.0,0.0,0.0,semo
stn_5NkrenK4rezyfUGZt7vtvs,479.0,8.0,0.0,0.0,0.0,semo
stn_6L9z42toWJR32MSYfpKbrM,479.0,10.0,0.0,1.0,0.0,semo
stn_6w9qwWceTjHd8VmX6MdepZ,479.0,18.0,0.0,0.0,0.0,semo
stn_84Kxzv2W4nuFDrxGKJ46vk,479.0,3.0,0.0,0.0,0.0,semo
stn_9zyg9tJ6xAG3yWqgQQDhGd,479.0,8.0,0.0,0.0,0.0,semo
stn_ABeiMhUtpqs6Wz6a95Lgah,479.0,10.0,0.0,0.9791231732776617,0.0,semo
stn_AGXpE3SKdR87LgZUSTa9fj,479.0,8.0,0.0,0.0,0.0,semo
stn_BrQHaxLkeZ7TjKALWEqydg,479.0,10.0,0.0,0.0,0.0,semo
stn_C4yQgnorMLgczCxXEBrnqT,479.0,3.0,0.0,1.0,0.0,semo
stn_CoK9xh5k2ujZffRoSEL56z,479.0,3.0,0.0,0.0,0.0,semo
stn_CwkqrZimT9eFa5TW39spWr,479.0,14.0,0.0,0.0,0.0,semo
stn_EPzhEzUage3UTdbqzXGPUA,479.0,3.0,0.0,0.0,0.0,semo
stn_FJenRfjFiTdnsPMvx5bdw8,479.0,10.0,0.0,0.0,0.0,semo
stn_FKoTJdbisbcdiJqCrvjYsQ,479.0,14.0,0.0,0.0,0.0,semo
stn_FhkQZAXqguhyFphxHNUA3f,479.0,14.0,0.0,0.0,0.0,semo
stn_J676wWk38LzvKtuhz2H9z9,479.0,3.0,0.0,0.0,0.0,semo
stn_Jeg3SPZAernT7dCeGBDC9D,479.0,8.0,0.0,0.0,0.0,semo
stn_K4nhwtY6WcHgv8ZgHLDhya,479.0,3.0,0.0,0.0,0.0,semo
stn_KKxksEk75KYBeyqfxAa3Qk,479.0,16.0,0.0,0.0,0.0,semo
stn_MJ3AHtNyidbs2FDCZHfNv4,479.0,14.0,0.0,0.0,0.0,semo
stn_NAmbzasRMbjboqhpfrdT9j,479.0,14.0,0.0,0.0,0.0,semo
stn_NfPDWV6pHug4GYLXSJWKpu,479.0,8.0,0.0,0.0,0.0,semo
stn_NpNC5ibW85HJXxSZnHzKv3,479.0,16.0,0.0,0.0,0.0,semo
stn_PYwAxaqeAhHfQpQ4Aj69DU,479.0,10.0,0.0,0.0,0.0,semo
stn_THuEKWWRwj8AsFuKkxRZf9,479.0,10.0,0.0,0.0,0.0,semo
stn_Tz3PChGu85hDype4iYH3Wc,479.0,12.0,0.0,0.0,0.0,semo
stn_Udq5q6KhRHQDp8TjCbnM8Y,479.0,8.0,0.0,0.0,0.0,semo
stn_VvNN3raTyb5MNLXQPjx2Ji,479.0,4.0,0.0,1.0,0.0,semo
stn_WbToFXQCoQAEXfXpGWdVQY,479.0,4.0,0.0,0.0,0.0,semo
stn_XuHMmg6Z2mMoPbrGhHiaJJ,479.0,14.0,0.0,0.0,0.0,semo
stn_ZijsRqDbbi9VdzEknP8haz,479.0,10.0,0.0,0.0,0.0,semo
stn_b7rrmEXT8A5XPXZhcgJzsw,479.0,10.0,0.0,0.0,0.0,semo
stn_cFvg8sJEzZoJWTNzNYzNiJ,479.0,10.0,0.0,0.0,0.0,semo
stn_chp8Vks555SgnRY5basMyq,479.0,14.0,0.0,0.0,0.0,semo
stn_dca5VueXXNkNesyUScmpFy,479.0,18.0,0.0,0.0,0.0,semo
stn_espgseZ8eqvd6MFCGiz5YP,479.0,18.0,0.0,0.0,0.0,semo
stn_gQU5fcnRQXRSXVvKXGKgo8,479.0,4.0,0.0,0.0,0.0,semo
stn_kQnZwQMv7uUhGQVtRQ6cxv,479.0,10.0,0.0,0.0,0.0,semo
stn_nVTPQJm3sVHcyPUv75JAwY,479.0,8.0,0.0,0.0,0.0,semo
stn_2GyvhXK6vJCBv3RvbtJ7CJ,479.0,20.0,0.0,0.0,0.0,tanlib
stn_3U9PmyTspay9j8zejfY3yK,479.0,10.0,0.0,0.0,0.0,tanlib
stn_4wKVURjUnEkFSxybrHkrib,479.0,20.0,0.0,0.9791231732776617,0.0,tanlib
stn_5gyn9jHfJdgvb63EFndSwB,479.0,14.0,0.0,0.0,0.0,tanlib
stn_6Ajkuo2tibvKH2Q74fjWSp,479.0,8.0,1.0,0.0,0.0,tanlib
stn_6kaxLoFL4exBrdRUTEywE8,479.0,20.0,0.0,0.0,0.0,tanlib
stn_8Cqw6rWJeZsGEtJLQzxxB3,479.0,14.0,0.0,0.0,0.0,tanlib
stn_8zumLWVB67cFhznaPaAdW2,479.0,14.0,0.0,0.07306889352818371,0.0,tanlib
stn_BBDhELMBP8SuhszKKReQYF,479.0,14.0,0.0,0.0,0.0,tanlib
stn_CA3hfUuwKAjvoTQKDWMT4a,479.0,8.0,0.0,0.0,0.0,tanlib
stn_CKJSwr8NMq6rkRALPQT9kU,479.0,8.0,0.0,0.0,0.0,tanlib
stn_CQVc8SGq3yZ9rZwZhae8vW,479.0,16.0,0.0,0.0,0.0,tanlib
stn_EKJypKNYDkzo36dyJCN8VZ,479.0,15.0,0.0,0.0,0.0,tanlib
stn_EQXDtYpkz3ucGwCKvVvALD,479.0,20.0,0.0,0.060542797494780795,0.0,tanlib
stn_GRZuzMhUYX6yDbT8wK8YKQ,479.0,10.0,0.0,0.0,0.0,tanlib
stn_HyqcNyGkV8DtBhcKpcZRtL,479.0,20.0,0.0,0.0,0.0,tanlib
stn_KJdqpVYz8jYW3ajEJc5eNj,479.0,16.0,0.0,0.0,0.0,tanlib
stn_KpvV5inKa4yuGXsUkiwSxa,479.0,8.0,0.18789144050104384,0.0,0.0,tanlib
stn_LAhDuv6YQGJWuqauoKMFXw,479.0,8.0,1.0,0.0,0.0,tanlib
stn_LX7aFfyas3T3CiXnqTvmXk,479.0,8.0,0.0,0.0,0.0,tanlib
stn_LtDN7o64vFVMe5uhrnDj9i,479.0,7.0,0.0,1.0,0.0,tanlib
stn_N6cBmaNTDFo3BwzKbsCzLd,479.0,40.0,0.0,0.0,0.0,tanlib
stn_QdzpJeFy79kjyX6KxBJngs,479.0,20.0,0.0,0.0,0.0,tanlib
stn_QxkAkwMsAdV7BfgWtcYCxC,479.0,14.0,0.0,0.0,0.0,tanlib
stn_SNZtYxcRJYnTAMaZ6zegBF,479.0,14.0,0.0,1.0,0.0,tanlib
stn_T5kUyJYesgMLsrq8TwQd87,479.0,20.0,0.0,0.0,0.0,tanlib
stn_Tq35fPXVfP5jtZNEszqawD,479.0,20.0,0.0,0.0,0.0,tanlib
stn_WBXMnT2Lvog3mn8tBy6MhD,479.0,16.0,0.0,0.0,0.0,tanlib
stn_XBG6q3u7Mx5BQ79NcE9jcm,479.0,8.0,0.0,0.0,0.0,tanlib
stn_XHkp4d9rr8bMcQG7ZeGhB5,479.0,8.0,1.0,0.0,0.0,tanlib
stn_XaDf3sruv5a8d4LpJJvQsh,479.0,8.0,0.0,0.0,0.0,tanlib
stn_XkLgRrQCydmExdfQkLHnzs,479.0,8.0,0.0,0.0,0.0,tanlib
stn_YwVEYCP4sicZFqeNnavrf6,479.0,8.0,0.0,0.0,0.0,tanlib
stn_Zc6bm9W9rWm9to2wrektQr,479.0,8.0,0.0,0.0,0.0,tanlib
stn_abbH9hFt4EVnNPVzd7RnGi,479.0,14.0,0.0,0.0,0.0,tanlib
stn_bU59wNeZKJJU6GwwDYZ546,479.0,10.0,0.0,1.0,0.0,tanlib
stn_bj5jPXnNYJa273rAUB3Quq,479.0,16.0,0.0,0.0,0.0,tanlib
stn_cYaSokcksVY2nh7TJjYY46,479.0,20.0,0.0,1.0,0.0,tanlib
stn_d7hQ9mvcr5MQEiCHfjijbV,479.0,14.0,0.0,0.0,0.0,tanlib
stn_hoBFVPHsmrznMaN4FupqGR,479.0,10.0,1.0,0.0,0.0,tanlib
stn_imNrJ3ZbM6zU3uSgFzqvwU,479.0,10.0,0.0,0.0,0.0,tanlib
stn_jZyZA2W2FLjQGCsdWgLRME,479.0,22.0,0.0,0.0,0.0,tanlib
stn_kZRhjj8HyvAuMKD8Bp6x4o,479.0,20.0,0.0,0.0,0.0,tanlib
stn_kvrfXL4aokpeGuCVx2KV5m,479.0,16.0,0.0,0.0,0.0,tanlib
stn_m3wjNCDXaZahG3e4vfXbYj,479.0,16.0,0.0,0.0,0.0,tanlib
stn_m7F4oM2pufhnn3QmHj4a3c,479.0,16.0,0.0,0.0,0.0,tanlib
stn_mGmCTqUAa8kgt74rbr2hZ2,479.0,8.0,0.0,0.0,0.0,tanlib
stn_nQ8agtNMbRPU4bVS422YmQ,479.0,22.0,0.0,0.029227557411273485,0.0,tanlib
stn_nnKeL8E6ua8mrry5jMqtxb,479.0,12.0,0.0,0.018789144050104383,0.0,tanlib
stn_nx3XqdrvFM5TimptAC8Ffh,479.0,8.0,0.0,0.0,0.0,tanlib
stn_o6uCvEj35ViMrRUUfQBH8G,479.0,8.0,0.0,0.0,0.0,tanlib
1,528.0,,,,,toulouse
10,528.0,20.0,0.0,0.5246212121212122,0.0,toulouse
100,528.0,,,,,toulouse
1001,528.0,16.0,0.0,0.0,0.0,toulouse
1002,528.0,16.0,0.0,0.0,0.0,toulouse
101,528.0,,,,,toulouse
102,528.0,,,,,toulouse
103,528.0,,,,,toulouse
1031,528.0,12.0,0.0,1.0,0.0,toulouse
104,528.0,,,,,toulouse
105,528.0,,,,,toulouse
106,528.0,,,,,toulouse
107,528.0,,,,,toulouse
108,528.0,,,,,toulouse
109,528.0,,,,,toulouse
11,528.0,,,,,toulouse
110,528.0,,,,,toulouse
111,528.0,,,,,toulouse
112,528.0,,,,,toulouse
113,528.0,,,,,toulouse
114,528.0,,,,,toulouse
115,528.0,,,,,toulouse
116,528.0,,,,,toulouse
117,528.0,,,,,toulouse
118,528.0,,,,,toulouse
119,528.0,,,,,toulouse
12,528.0,,,,,toulouse
120,528.0,,,,,toulouse
121,528.0,,,,,toulouse
122,528.0,,,,,toulouse
123,528.0,,,,,toulouse
124,528.0,,,,,toulouse
125,528.0,25.0,0.0,0.0,0.0,toulouse
126,528.0,22.0,0.0,0.0,0.0,toulouse
127,528.0,15.0,0.0,0.0,0.0,toulouse
128,528.0,,,,,toulouse
129,528.0,,,,,toulouse
13,528.0,,,,,toulouse
130,528.0,,,,,toulouse
131,528.0,,,,,toulouse
132,528.0,,,,,toulouse
133,528.0,,,,,toulouse
134,528.0,,,,,toulouse
135,528.0,,,,,toulouse
136,528.0,,,,,toulouse
137,528.0,,,,,toulouse
138,528.0,,,,,toulouse
139,528.0,25.0,0.0,0.0,0.0,toulouse
14,528.0,,,,,toulouse
140,528.0,29.0,0.0,0.0,0.0,toulouse
141,528.0,18.0,0.0,0.0,0.0,toulouse
142,528.0,20.0,0.0,0.0,0.0,toulouse
143,528.0,20.0,0.0,0.0,0.0,toulouse
144,528.0,22.0,0.0,0.0,0.0,toulouse
145,528.0,20.0,0.0,0.0,0.0,toulouse
146,528.0,20.0,0.0,0.0,0.0,toulouse
147,528.0,19.0,0.0,0.0,0.0,toulouse
148,528.0,19.0,0.0,0.0,0.0,toulouse
149,528.0,22.0,0.0,0.028409090909090908,0.0,toulouse
15,528.0,,,,,toulouse
150,528.0,18.0,0.0,0.0,0.0,toulouse
151,528.0,24.0,0.0,0.0,0.0,toulouse
152,528.0,20.0,0.0,0.0,0.0,toulouse
153,528.0,18.0,0.0,0.0,0.0,toulouse
154,528.0,19.0,0.0,0.0,0.0,toulouse
155,528.0,20.0,0.0,0.0,0.0,toulouse
156,528.0,18.0,0.0,0.09659090909090909,0.0,toulouse
157,528.0,19.0,0.0,0.0,0.0,toulouse
158,528.0,20.0,0.0,0.0,0.0,toulouse
159,528.0,20.0,0.0,0.0,0.0,toulouse
16,528.0,,,,,toulouse
160,528.0,17.0,0.0,0.0,0.0,toulouse
161,528.0,15.0,0.0,0.02462121212121212,0.0,toulouse
162,528.0,17.0,0.0,0.0,0.0,toulouse
163,528.0,20.0,0.0,0.0,0.0,toulouse
164,528.0,20.0,0.0,0.0,0.0,toulouse
165,528.0,15.0,0.0,0.0,0.0,toulouse
166,528.0,20.0,0.0,0.14015151515151514,0.0,toulouse
167,528.0,18.0,0.0,0.0,0.0,toulouse
168,528.0,20.0,0.0,0.0,0.0,toulouse
169,528.0,17.0,0.0,0.0,0.0,toulouse
17,528.0,,,,,toulouse
170,528.0,17.0,0.0,0.0,0.0,toulouse
171,528.0,17.0,0.0,0.0,0.0,toulouse
172,528.0,20.0,0.0,0.0,0.0,toulouse
173,528.0,19.0,0.0,0.0,0.0,toulouse
174,528.0,19.0,0.0,0.0,0.0,toulouse
175,528.0,30.0,0.0,0.0,0.0,toulouse
176,528.0,18.0,0.0,0.25946969696969696,0.0,toulouse
177,528.0,20.0,0.0,0.08712121212121213,0.0,toulouse
178,528.0,20.0,0.0,0.12878787878787878,0.0,toulouse
179,528.0,17.0,0.0,0.0,0.0,toulouse
18,528.0,,,,,toulouse
180,528.0,18.0,0.0,0.0,0.0,toulouse
181,528.0,17.0,0.0,0.0,0.0,toulouse
182,528.0,20.0,0.0,0.0,0.0,toulouse
183,528.0,18.0,0.0,0.0,0.0,toulouse
184,528.0,20.0,0.0,0.0,0.0,toulouse
185,528.0,15.0,0.0,0.0,0.0,toulouse
186,528.0,18.0,0.0,0.0,0.0,toulouse
187,528.0,17.0,0.0,0.0,0.0,toulouse
188,528.0,20.0,0.0,0.0,0.0,toulouse
189,528.0,19.0,0.0,0.0,0.0,toulouse
19,528.0,,,,,toulouse
190,528.0,20.0,0.0,0.0,0.0,toulouse
191,528.0,18.0,0.0,0.0,0.0,toulouse
192,528.0,20.0,0.0,0.0,0.0,toulouse
193,528.0,20.0,0.0,0.0,0.0,toulouse
194,528.0,20.0,0.0,0.0,0.0,toulouse
195,528.0,18.0,0.0,0.0,0.0,toulouse
196,528.0,20.0,0.0,0.10606060606060606,0.0,toulouse
197,528.0,20.0,0.0,0.001893939393939394,0.0,toulouse
198,528.0,20.0,0.0,0.0,0.0,toulouse
199,528.0,22.0,0.0,0.0,0.0,toulouse
2,528.0,,,,,toulouse
20,528.0,,,,,toulouse
200,528.0,16.0,0.0,0.0,0.0,toulouse
2001,528.0,16.0,0.0,1.0,0.0,toulouse
2002,528.0,16.0,0.0,0.0,0.0,toulouse
2003,528.0,16.0,0.0,0.0,0.0,toulouse
2004,528.0,16.0,0.0,0.0,0.0,toulouse
2005,528.0,16.0,0.0,1.0,1.0,toulouse
2006,528.0,20.0,0.0,0.7329545454545454,0.0,toulouse
2007,528.0,16.0,0.0,0.0,0.0,toulouse
2008,528.0,16.0,0.0,0.0,0.0,toulouse
2009,528.0,16.0,0.0,0.04734848484848485,0.0,toulouse
201,528.0,18.0,0.0,0.0,0.0,toulouse
2010,528.0,16.0,0.0,0.0,0.0,toulouse
2011,528.0,16.0,0.0,0.0,0.0,toulouse
2012,528.0,16.0,0.0,0.0,0.0,toulouse
2013,528.0,16.0,0.0,0.17803030303030304,0.0,toulouse
2014,528.0,16.0,0.0,0.0,0.0,toulouse
202,528.0,17.0,0.0,0.0,0.0,toulouse
203,528.0,20.0,0.0,0.0,0.0,toulouse
204,528.0,18.0,0.0,0.0,0.0,toulouse
205,528.0,18.0,0.0,0.0,0.0,toulouse
206,528.0,18.0,0.0,0.0,0.0,toulouse
207,528.0,17.0,0.0,0.0,0.0,toulouse
208,528.0,18.0,0.0,0.0,0.0,toulouse
209,528.0,18.0,0.0,0.015151515151515152,0.0,toulouse
21,528.0,,,,,toulouse
210,528.0,18.0,0.0,0.0,0.0,toulouse
211,528.0,18.0,0.0,0.0,0.0,toulouse
212,528.0,17.0,0.0,0.0,0.0,toulouse
213,528.0,17.0,0.0,0.0,0.0,toulouse
214,528.0,17.0,0.0,0.5833333333333334,0.0,toulouse
215,528.0,20.0,0.0,0.0,0.0,toulouse
216,528.0,17.0,0.0,0.0,0.0,toulouse
217,528.0,18.0,0.0,0.0,0.0,toulouse
218,528.0,18.0,0.0,0.0,0.0,toulouse
219,528.0,18.0,0.0,0.0,0.0,toulouse
22,528.0,,,,,toulouse
220,528.0,19.0,0.0,0.0,0.0,toulouse
221,528.0,20.0,0.0,0.0,0.0,toulouse
222,528.0,19.0,0.0,0.06439393939393939,0.0,toulouse
223,528.0,22.0,0.0,0.0928030303030303,0.0,toulouse
224,528.0,20.0,0.0,0.9829545454545454,0.0,toulouse
225,528.0,20.0,0.0,0.032196969696969696,0.0,toulouse
226,528.0,17.0,0.0,0.0,0.0,toulouse
227,528.0,32.0,0.0,0.6212121212121212,0.0,toulouse
228,528.0,18.0,0.0,0.16477272727272727,0.0,toulouse
229,528.0,18.0,0.0,0.0,0.0,toulouse
23,528.0,,,,,toulouse
230,528.0,20.0,0.0,0.028409090909090908,0.0,toulouse
231,528.0,20.0,0.0,0.7045454545454546,0.0,toulouse
232,528.0,15.0,0.0,0.0,0.0,toulouse
233,528.0,20.0,0.0,0.0,0.0,toulouse
234,528.0,15.0,0.0,0.0,0.0,toulouse
235,528.0,19.0,0.0,0.0,0.0,toulouse
236,528.0,20.0,0.0,0.0,0.0,toulouse
237,528.0,20.0,0.0,0.0,0.0,toulouse
238,528.0,17.0,0.0,0.0,0.0,toulouse
239,528.0,25.0,0.0,0.0,0.0,toulouse
24,528.0,,,,,toulouse
240,528.0,18.0,0.0,0.0,0.0,toulouse
241,528.0,20.0,0.0,0.0,0.0,toulouse
242,528.0,16.0,0.0,0.25757575757575757,0.0,toulouse
243,528.0,17.0,0.0,0.0,0.0,toulouse
244,528.0,18.0,0.0,0.0,0.0,toulouse
245,528.0,19.0,0.0,0.0,0.0,toulouse
246,528.0,20.0,0.0,0.0,0.0,toulouse
247,528.0,17.0,0.0,0.0,0.0,toulouse
248,528.0,20.0,0.0,0.0,0.0,toulouse
249,528.0,18.0,0.0,0.0,0.0,toulouse
25,528.0,,,,,toulouse
250,528.0,18.0,0.0,0.0,0.0,toulouse
251,528.0,13.0,0.0,0.7310606060606061,0.0,toulouse
252,528.0,18.0,0.0,0.0,0.0,toulouse
253,528.0,20.0,0.0,0.0,0.0,toulouse
254,528.0,18.0,0.0,0.15151515151515152,0.0,toulouse
255,528.0,16.0,0.0,0.0,0.0,toulouse
256,528.0,18.0,0.0,0.0,0.0,toulouse
257,528.0,16.0,0.0,0.0,0.0,toulouse
258,528.0,18.0,0.0,0.0,0.0,toulouse
259,528.0,20.0,0.0,0.0,0.0,toulouse
26,528.0,,,,,toulouse
260,528.0,18.0,0.0,0.0,0.0,toulouse
261,528.0,18.0,0.0,0.0,0.0,toulouse
262,528.0,18.0,0.0,0.44507575757575757,0.0,toulouse
263,528.0,18.0,0.0,0.0,0.0,toulouse
265,528.0,18.0,0.0,0.0,0.0,toulouse
266,528.0,20.0,0.0,0.0,0.0,toulouse
267,528.0,16.0,0.0,0.0,0.0,toulouse
268,528.0,22.0,0.0,0.16856060606060605,0.0,toulouse
269,528.0,18.0,0.0,0.0,0.0,toulouse
27,528.0,,,,,toulouse
270,528.0,16.0,0.0,0.0,0.0,toulouse
271,528.0,20.0,0.0,0.0,0.0,toulouse
272,528.0,17.0,0.0,0.0,0.0,toulouse
273,528.0,18.0,0.0,0.0,0.0,toulouse
274,528.0,18.0,0.0,0.0,0.0,toulouse
275,528.0,17.0,0.0,0.0,0.0,toulouse
276,528.0,18.0,0.0,0.0,0.0,toulouse
277,528.0,18.0,0.0,0.0,0.0,toulouse
278,528.0,18.0,0.0,0.0,0.0,toulouse
279,528.0,18.0,0.0,0.0,0.0,toulouse
28,528.0,,,,,toulouse
280,528.0,18.0,0.0,0.0,0.0,toulouse
281,528.0,18.0,0.0,0.0,0.0,toulouse
282,528.0,18.0,0.0,0.0,0.0,toulouse
283,528.0,20.0,0.0,0.0,0.0,toulouse
284,528.0,15.0,0.0,0.19886363636363635,0.0,toulouse
285,528.0,18.0,0.0,0.14015151515151514,0.0,toulouse
286,528.0,13.0,0.0,0.0,0.0,toulouse
287,528.0,30.0,0.0,0.0,0.0,toulouse
288,528.0,36.0,0.0,0.7367424242424242,0.0,toulouse
289,528.0,13.0,0.0,0.0,0.0,toulouse
29,528.0,,,,,toulouse
290,528.0,13.0,0.0,0.0,0.0,toulouse
291,528.0,13.0,0.0,0.026515151515151516,0.0,toulouse
292,528.0,13.0,0.0,0.0,0.0,toulouse
293,528.0,13.0,0.0,0.0,0.0,toulouse
294,528.0,13.0,0.0,0.032196969696969696,0.0,toulouse
295,528.0,13.0,0.0,0.0,0.0,toulouse
296,528.0,13.0,0.0,0.2196969696969697,0.0,toulouse
297,528.0,13.0,0.0,0.0,0.0,toulouse
298,528.0,13.0,0.0,0.0,0.0,toulouse
299,528.0,13.0,0.0,0.0,0.0,toulouse
3,528.0,,,,,toulouse
30,528.0,,,,,toulouse
300,528.0,13.0,0.0,0.0,0.0,toulouse
3001,528.0,16.0,0.0,0.0,0.0,toulouse
3002,528.0,16.0,0.0,0.0,0.0,toulouse
3003,528.0,16.0,0.0,0.0,0.0,toulouse
3004,528.0,16.0,0.0,0.0,0.0,toulouse
301,528.0,13.0,0.0,0.0,0.0,toulouse
302,528.0,13.0,0.0,0.8352272727272727,0.0,toulouse
304,528.0,12.0,0.0,0.3768939393939394,0.0,toulouse
305,528.0,13.0,0.0,0.0,0.0,toulouse
306,528.0,13.0,0.0,0.0,0.0,toulouse
307,528.0,13.0,0.0,0.0,0.0,toulouse
308,528.0,13.0,0.0,0.0,0.0,toulouse
309,528.0,13.0,0.0,0.0,0.0,toulouse
31,528.0,,,,,toulouse
310,528.0,13.0,0.0,0.0,0.0,toulouse
311,528.0,13.0,0.0,0.0,0.0,toulouse
312,528.0,13.0,0.0,0.0,0.0,toulouse
313,528.0,13.0,0.0,0.0,0.0,toulouse
314,528.0,13.0,0.0,0.0,0.0,toulouse
315,528.0,13.0,0.0,0.0,0.0,toulouse
316,528.0,13.0,0.0,0.0,0.0,toulouse
317,528.0,13.0,0.0,0.0,0.0,toulouse
318,528.0,13.0,0.0,0.0,0.0,toulouse
319,528.0,13.0,0.0,0.0,0.0,toulouse
32,528.0,,,,,toulouse
320,528.0,13.0,0.0,0.0,0.0,toulouse
321,528.0,13.0,0.0,0.0,0.0,toulouse
323,528.0,13.0,0.0,0.0,0.0,toulouse
324,528.0,13.0,0.0,0.0,0.0,toulouse
325,528.0,13.0,0.0,0.0,0.0,toulouse
326,528.0,13.0,0.0,0.0,0.0,toulouse
327,528.0,13.0,0.0,0.0,0.0,toulouse
328,528.0,13.0,0.0,0.0,0.0,toulouse
329,528.0,13.0,0.0,0.0,0.0,toulouse
33,528.0,,,,,toulouse
330,528.0,13.0,0.0,0.0,0.0,toulouse
331,528.0,13.0,0.0,0.0,0.0,toulouse
332,528.0,13.0,0.0,0.0,0.0,toulouse
333,528.0,13.0,0.0,0.0,0.0,toulouse
334,528.0,13.0,0.0,0.0,0.0,toulouse
335,528.0,13.0,0.0,0.0,0.0,toulouse
336,528.0,13.0,0.0,0.0,0.0,toulouse
337,528.0,13.0,0.0,0.0,0.0,toulouse
338,528.0,13.0,0.0,0.0,0.0,toulouse
339,528.0,13.0,0.0,0.09090909090909091,0.0,toulouse
34,528.0,,,,,toulouse
341,528.0,13.0,0.0,0.0,0.0,toulouse
342,528.0,13.0,0.0,0.0,0.0,toulouse
343,528.0,13.0,0.0,0.0,0.0,toulouse
344,528.0,13.0,0.0,0.0,0.0,toulouse
345,528.0,13.0,0.0,0.0,0.0,toulouse
346,528.0,13.0,0.0,0.0,0.0,toulouse
347,528.0,13.0,0.0,0.0,0.0,toulouse
348,528.0,13.0,0.0,0.0,0.0,toulouse
349,528.0,13.0,0.0,0.0,0.0,toulouse
35,528.0,,,,,toulouse
350,528.0,13.0,0.0,0.0,0.0,toulouse
351,528.0,13.0,0.0,0.0,0.0,toulouse
352,528.0,13.0,0.0,0.2537878787878788,0.0,toulouse
353,528.0,13.0,0.0,0.0,0.0,toulouse
354,528.0,13.0,0.0,0.0,0.0,toulouse
355,528.0,13.0,0.0,0.05303030303030303,0.0,toulouse
356,528.0,13.0,0.0,0.0,0.0,toulouse
357,528.0,13.0,0.0,0.0,0.0,toulouse
358,528.0,13.0,0.0,0.0,0.0,toulouse
359,528.0,13.0,0.0,0.017045454545454544,0.0,toulouse
36,528.0,,,,,toulouse
360,528.0,13.0,0.0,0.0,0.0,toulouse
361,528.0,13.0,0.0,0.29734848484848486,0.0,toulouse
362,528.0,13.0,0.0,0.0,0.0,toulouse
363,528.0,13.0,0.0,0.0,0.0,toulouse
364,528.0,13.0,0.0,0.9564393939393939,0.0,toulouse
365,528.0,13.0,0.0,0.3560606060606061,0.0,toulouse
366,528.0,13.0,0.0,0.2537878787878788,0.0,toulouse
367,528.0,13.0,0.0,0.0,0.0,toulouse
368,528.0,13.0,0.0,0.0,0.0,toulouse
369,528.0,13.0,0.0,0.0,0.0,toulouse
37,528.0,,,,,toulouse
370,528.0,13.0,0.0,0.0,0.0,toulouse
371,528.0,13.0,0.0,0.0,0.0,toulouse
372,528.0,13.0,0.0,0.0,0.0,toulouse
373,528.0,13.0,0.0,0.0,0.0,toulouse
375,528.0,13.0,0.0,0.0,0.0,toulouse
376,528.0,13.0,0.0,0.0,0.0,toulouse
377,528.0,13.0,0.0,0.0,0.0,toulouse
378,528.0,13.0,0.0,0.48674242424242425,0.0,toulouse
379,528.0,13.0,0.0,0.0,0.0,toulouse
38,528.0,,,,,toulouse
380,528.0,13.0,0.0,0.0,0.0,toulouse
381,528.0,13.0,0.0,0.0,0.0,toulouse
382,528.0,13.0,0.0,0.0,0.0,toulouse
383,528.0,13.0,0.0,0.0,0.0,toulouse
384,528.0,13.0,0.0,0.0,0.0,toulouse
385,528.0,13.0,0.0,0.0,0.0,toulouse
386,528.0,13.0,0.0,0.0,0.0,toulouse
387,528.0,13.0,0.0,0.030303030303030304,0.0,toulouse
388,528.0,13.0,0.0,0.0,0.0,toulouse
389,528.0,13.0,0.0,0.0,0.0,toulouse
39,528.0,,,,,toulouse
390,528.0,13.0,0.0,0.0,0.0,toulouse
391,528.0,13.0,0.0,0.0,0.0,toulouse
392,528.0,13.0,0.0,0.0,0.0,toulouse
393,528.0,13.0,0.0,0.013257575757575758,0.0,toulouse
394,528.0,13.0,0.0,0.9071969696969697,0.0,toulouse
395,528.0,13.0,0.0,0.0,0.0,toulouse
396,528.0,13.0,0.0,0.0,0.0,toulouse
397,528.0,13.0,0.0,0.0,0.0,toulouse
398,528.0,13.0,0.0,0.6420454545454546,0.0,toulouse
399,528.0,13.0,0.0,0.07575757575757576,0.0,toulouse
4,528.0,,,,,toulouse
40,528.0,,,,,toulouse
400,528.0,13.0,0.0,0.0,0.0,toulouse
4001,528.0,16.0,0.0,0.0,0.0,toulouse
4002,528.0,16.0,0.0,0.0,0.0,toulouse
4003,528.0,16.0,0.0,0.0,0.0,toulouse
401,528.0,12.0,0.0,0.0,0.0,toulouse
402,528.0,16.0,0.0,0.0,0.0,toulouse
403,528.0,16.0,0.0,0.0,0.0,toulouse
406,528.0,16.0,0.0,0.0,0.0,toulouse
407,528.0,16.0,0.0,0.0,0.0,toulouse
408,528.0,16.0,0.0,0.4356060606060606,0.0,toulouse
41,528.0,,,,,toulouse
410,528.0,16.0,0.0,0.7272727272727273,0.0,toulouse
411,528.0,16.0,0.0,0.0,0.0,toulouse
412,528.0,16.0,0.0,0.0,0.0,toulouse
42,528.0,,,,,toulouse
43,528.0,,,,,toulouse
44,528.0,,,,,toulouse
45,528.0,,,,,toulouse
46,528.0,20.0,0.0,0.48484848484848486,0.0,toulouse
47,528.0,,,,,toulouse
48,528.0,,,,,toulouse
49,528.0,,,,,toulouse
5,528.0,,,,,toulouse
50,528.0,,,,,toulouse
5001,528.0,16.0,0.0,0.7102272727272727,0.0,toulouse
5002,528.0,16.0,0.0,0.0,0.0,toulouse
5003,528.0,16.0,0.0,0.0,0.0,toulouse
5004,528.0,16.0,0.0,0.0,0.0,toulouse
5005,528.0,16.0,0.0,0.0,0.0,toulouse
51,528.0,,,,,toulouse
52,528.0,,,,,toulouse
53,528.0,,,,,toulouse
54,528.0,,,,,toulouse
55,528.0,,,,,toulouse
56,528.0,,,,,toulouse
57,528.0,15.0,0.0,0.1534090909090909,0.0,toulouse
58,528.0,25.0,0.0,0.5435606060606061,0.0,toulouse
59,528.0,,,,,toulouse
6,528.0,,,,,toulouse
60,528.0,,,,,toulouse
6001,528.0,16.0,0.0,0.0,0.0,toulouse
61,528.0,,,,,toulouse
62,528.0,,,,,toulouse
63,528.0,,,,,toulouse
64,528.0,,,,,toulouse
65,528.0,,,,,toulouse
66,528.0,,,,,toulouse
67,528.0,,,,,toulouse
68,528.0,,,,,toulouse
69,528.0,,,,,toulouse
7,528.0,,,,,toulouse
70,528.0,,,,,toulouse
71,528.0,,,,,toulouse
72,528.0,,,,,toulouse
73,528.0,,,,,toulouse
74,528.0,,,,,toulouse
75,528.0,,,,,toulouse
76,528.0,,,,,toulouse
77,528.0,,,,,toulouse
78,528.0,,,,,toulouse
79,528.0,,,,,toulouse
8,528.0,,,,,toulouse
80,528.0,,,,,toulouse
81,528.0,33.0,0.0,0.0,0.0,toulouse
82,528.0,,,,,toulouse
83,528.0,,,,,toulouse
84,528.0,24.0,0.0,0.07575757575757576,0.0,toulouse
85,528.0,,,,,toulouse
86,528.0,,,,,toulouse
87,528.0,,,,,toulouse
88,528.0,,,,,toulouse
89,528.0,22.0,0.0,0.043560606060606064,0.0,toulouse
9,528.0,,,,,toulouse
90,528.0,,,,,toulouse
91,528.0,,,,,toulouse
92,528.0,,,,,toulouse
93,528.0,,,,,toulouse
94,528.0,,,,,toulouse
95,528.0,,,,,toulouse
96,528.0,,,,,toulouse
97,528.0,,,,,toulouse
98,528.0,,,,,toulouse
99,528.0,16.0,0.0,0.0,0.0,toulouse
ctbhn681snvdkble5qe0,479.0,10.0,0.0,0.7807933194154488,0.0,twisto_velolib_caen
ctbhn6g1snvdkble5qfg,479.0,10.0,0.9394572025052192,0.0,0.0,twisto_velolib_caen
ctbhn6g1snvdkble5qh0,479.0,20.0,0.0,0.06263048016701461,0.0,twisto_velolib_caen
ctbhn6g1snvdkble5qig,479.0,20.0,0.0,0.6388308977035491,0.0,twisto_velolib_caen
ctbhn6g1snvdkble5qk0,479.0,10.0,0.0,0.0,0.0,twisto_velolib_caen
ctbhn6g1snvdkble5qlg,479.0,10.0,0.0,0.0,0.0,twisto_velolib_caen
ctbhn6g1snvdkble5qn0,479.0,10.0,0.0,0.0,0.0,twisto_velolib_caen
ctbhn6naok6uht7ctb8g,479.0,20.0,0.0,0.13569937369519833,0.0,twisto_velolib_caen
ctbhn6naok6uht7ctba0,479.0,10.0,0.0,0.0,0.0,twisto_velolib_caen
ctbhn6naok6uht7ctbbg,479.0,10.0,0.0,0.05219206680584551,0.0,twisto_velolib_caen
ctbhn6naok6uht7ctbd0,479.0,20.0,0.0,0.0,0.0,twisto_velolib_caen
ctbhn6naok6uht7ctbeg,479.0,20.0,0.0,0.9770354906054279,0.0,twisto_velolib_caen
ctbhn6o1snvdkble5qog,479.0,20.0,0.0,1.0,0.0,twisto_velolib_caen
ctbhn6o1snvdkble5qq0,479.0,10.0,0.0,0.0,0.0,twisto_velolib_caen
ctbhn6o1snvdkble5qrg,479.0,10.0,0.8058455114822547,0.0,0.0,twisto_velolib_caen
ctbhn6o1snvdkble5qt0,479.0,10.0,0.0,0.033402922755741124,0.0,twisto_velolib_caen
ctbhn6o1snvdkble5qug,479.0,10.0,0.0,0.0,0.0,twisto_velolib_caen
ctbhn6o1snvdkble5r00,479.0,10.0,0.0,0.0,0.0,twisto_velolib_caen
ctbhn6o1snvdkble5r1g,479.0,10.0,0.08768267223382047,0.0,0.0,twisto_velolib_caen
ctbhn6vaok6uht7ctbh0,479.0,10.0,0.0,1.0,0.0,twisto_velolib_caen
ctbhn6vaok6uht7ctbjg,479.0,20.0,0.0,0.05636743215031315,0.0,twisto_velolib_caen
ctbhn6vaok6uht7ctbl0,479.0,10.0,0.0,0.0,0.0,twisto_velolib_caen
ctbhn6vaok6uht7ctbmg,479.0,10.0,0.7620041753653445,0.0,0.0,twisto_velolib_caen
ctbhn6vaok6uht7ctbp0,479.0,30.0,0.0,0.9081419624217119,0.0,twisto_velolib_caen
ctbhn701snvdkble5r30,479.0,10.0,0.0,0.0,0.0,twisto_velolib_caen
ctbhn701snvdkble5r4g,479.0,20.0,0.0,0.20876826722338204,0.0,twisto_velolib_caen
ctbhn701snvdkble5r60,479.0,10.0,0.0,0.0,0.0,twisto_velolib_caen
ctbhn701snvdkble5r7g,479.0,10.0,0.0,0.19206680584551147,0.0,twisto_velolib_caen
ctbhn701snvdkble5r90,479.0,10.0,0.0,0.0,0.0,twisto_velolib_caen
ctbhn701snvdkble5rag,479.0,10.0,0.0,0.2359081419624217,0.0,twisto_velolib_caen
ctbhn77aok6uht7ctbrg,479.0,10.0,0.0,0.0,0.0,twisto_velolib_caen
ctbhn77aok6uht7ctbt0,479.0,20.0,0.0,1.0,0.0,twisto_velolib_caen
ctbhn77aok6uht7ctbug,479.0,10.0,0.0,0.0,0.0,twisto_velolib_caen
ctbhn77aok6uht7ctc00,479.0,10.0,0.0,0.0,0.0,twisto_velolib_caen
ctbhn77aok6uht7ctc2g,479.0,10.0,0.0,0.0,0.0,twisto_velolib_caen
ctbhn77aok6uht7ctc40,479.0,10.0,0.0,0.0,0.0,twisto_velolib_caen
ctbhn781snvdkble5rc0,479.0,10.0,0.0,0.0,0.0,twisto_velolib_caen
ctbhn781snvdkble5rdg,479.0,10.0,0.0,0.0,0.0,twisto_velolib_caen
ctbhn781snvdkble5rf0,479.0,20.0,0.0,0.0,0.0,twisto_velolib_caen
ctbhn781snvdkble5rgg,479.0,20.0,0.0,0.3465553235908142,0.0,twisto_velolib_caen
ctbhn781snvdkble5rj0,479.0,10.0,0.10020876826722339,0.0,0.0,twisto_velolib_caen
ctbhn781snvdkble5rkg,479.0,10.0,0.0,0.8392484342379958,0.0,twisto_velolib_caen
ctbhn781snvdkble5rm0,479.0,20.0,0.0,0.6075156576200418,0.0,twisto_velolib_caen
ctbhn781snvdkble5rng,479.0,20.0,0.0,0.9561586638830898,0.0,twisto_velolib_caen
ctbhn781snvdkble5rp0,479.0,10.0,0.0,0.38413361169102295,0.0,twisto_velolib_caen
ctbhn781snvdkble5rqg,479.0,10.0,0.0,0.0,0.0,twisto_velolib_caen
ctbhn7faok6uht7ctc5g,479.0,10.0,0.0,0.10438413361169102,0.0,twisto_velolib_caen
ctbhn7faok6uht7ctc80,479.0,20.0,0.0,0.9352818371607515,0.0,twisto_velolib_caen
ctq0fm5j5eo065fugij0,479.0,10.0,0.0,0.38413361169102295,0.0,twisto_velolib_caen
ctq0fmdj5eo065fugikg,479.0,10.0,0.6137787056367432,0.0,0.0,twisto_velolib_caen
ctq0fmdj5eo065fugim0,479.0,10.0,0.0,0.906054279749478,0.0,twisto_velolib_caen
ctq0fmdj5eo065fuging,479.0,10.0,0.0,0.0,0.0,twisto_velolib_caen
ctq0fmdj5eo065fugip0,479.0,10.0,0.0,0.022964509394572025,0.0,twisto_velolib_caen
ctq0fmdj5eo065fugiqg,479.0,10.0,0.0,0.0,0.0,twisto_velolib_caen
ctq0fmdj5eo065fugis0,479.0,10.0,0.0,0.0,0.0,twisto_velolib_caen
ctq0fmdj5eo065fugitg,479.0,20.0,0.0,0.6910229645093946,0.0,twisto_velolib_caen
ctq0fme82ttmd6g9m9k0,479.0,10.0,0.0,0.860125260960334,0.0,twisto_velolib_caen
ctq0fme82ttmd6g9m9lg,479.0,20.0,0.0,0.12317327766179541,0.0,twisto_velolib_caen
ctrbpd5j5eocn9cbci1g,479.0,20.0,0.0,1.0,0.0,twisto_velolib_caen
ctrqn0rh0nj4spam44d0,479.0,20.0,0.0,0.19624217118997914,0.0,twisto_velolib_caen
st_d5n49d436rpc7392r7t0,479.0,10.0,0.0,0.0020876826722338203,0.0,twisto_velolib_caen
st_d5n49dc36rpc73c22ol0,479.0,10.0,0.0,0.08977035490605428,0.0,twisto_velolib_caen
st_d5n49dc36rpc73c22omg,479.0,10.0,0.0,0.0,0.0,twisto_velolib_caen
st_d5n49ddt8lms738msls0,479.0,10.0,0.0,0.018789144050104383,0.0,twisto_velolib_caen
st_d5n49dkm0t7c73ft4hig,479.0,10.0,0.0,0.0,0.0,twisto_velolib_caen
st_d5n49dkm0t7c73ft4hk0,479.0,10.0,0.0,0.5407098121085595,0.0,twisto_velolib_caen
st_d5n49dlt8lms738msltg,479.0,10.0,0.0,0.0,0.0,twisto_velolib_caen
st_d5n49dqk57hc73csh550,479.0,10.0,0.0,0.9832985386221295,0.0,twisto_velolib_caen
st_d5n49ds36rpc7392r82g,479.0,10.0,0.0,0.6743215031315241,0.0,twisto_velolib_caen
st_d5n49dsftekc739t4lk0,479.0,10.0,0.0,0.0,0.0,twisto_velolib_caen
st_d5n49e2k57hc73csh57g,479.0,20.0,0.0,0.0020876826722338203,0.0,twisto_velolib_caen
st_d5n49e436rpc73c22os0,479.0,10.0,0.0,0.0,0.0,twisto_velolib_caen
st_d5n49e4ftekc739t4llg,479.0,10.0,0.0,0.0,0.0,twisto_velolib_caen
st_d5n49ec36rpc7392r850,479.0,10.0,0.0,0.0,0.0,twisto_velolib_caen
st_d5n49edt8lms738msm50,479.0,10.0,0.0,0.3757828810020877,0.0,twisto_velolib_caen
10,529.0,20.0,0.0,0.3440453686200378,0.0,v_lille
100,529.0,,,,,v_lille
101,529.0,,,,,v_lille
102,529.0,,,,,v_lille
103,529.0,,,,,v_lille
104,529.0,,,,,v_lille
107,529.0,,,,,v_lille
108,529.0,,,,,v_lille
11,529.0,,,,,v_lille
110,529.0,,,,,v_lille
111,529.0,,,,,v_lille
113,529.0,,,,,v_lille
114,529.0,,,,,v_lille
115,529.0,,,,,v_lille
116,529.0,,,,,v_lille
117,529.0,,,,,v_lille
119,529.0,,,,,v_lille
12,529.0,,,,,v_lille
120,529.0,,,,,v_lille
121,529.0,,,,,v_lille
122,529.0,,,,,v_lille
123,529.0,,,,,v_lille
124,529.0,,,,,v_lille
125,529.0,25.0,0.0,0.0,0.0,v_lille
13,529.0,,,,,v_lille
130,529.0,,,,,v_lille
131,529.0,,,,,v_lille
132,529.0,,,,,v_lille
133,529.0,,,,,v_lille
135,529.0,,,,,v_lille
137,529.0,,,,,v_lille
138,529.0,,,,,v_lille
139,529.0,25.0,0.0,0.0,0.0,v_lille
14,529.0,,,,,v_lille
141,529.0,18.0,0.0,0.0,0.0,v_lille
142,529.0,20.0,0.0,0.0,0.0,v_lille
144,529.0,22.0,0.0,0.0,0.0,v_lille
146,529.0,20.0,0.0,0.6635160680529301,0.0,v_lille
147,529.0,19.0,0.0,0.03213610586011342,0.0,v_lille
148,529.0,19.0,0.0,0.0,0.0,v_lille
149,529.0,22.0,0.0,0.0,0.0,v_lille
15,529.0,,,,,v_lille
150,529.0,18.0,0.0,0.0,0.0,v_lille
151,529.0,24.0,0.0,0.0,0.0,v_lille
152,529.0,20.0,0.0,0.0,0.0,v_lille
153,529.0,18.0,0.0,0.0,0.0,v_lille
154,529.0,19.0,0.0,0.0,0.0,v_lille
155,529.0,20.0,0.0,0.0,0.0,v_lille
156,529.0,18.0,0.0,0.0,0.0,v_lille
157,529.0,19.0,0.0,0.0,0.0,v_lille
158,529.0,20.0,0.0,0.0,0.0,v_lille
159,529.0,20.0,0.0,0.7863894139886578,0.0,v_lille
16,529.0,,,,,v_lille
160,529.0,17.0,0.0,0.2948960302457467,0.0,v_lille
161,529.0,15.0,0.0,0.8676748582230623,0.0,v_lille
162,529.0,17.0,0.0,0.3591682419659735,0.0,v_lille
163,529.0,20.0,0.0,0.0,0.0,v_lille
164,529.0,20.0,0.0,0.0,0.0,v_lille
165,529.0,15.0,0.0,0.0,0.0,v_lille
166,529.0,20.0,0.0,0.0,0.0,v_lille
167,529.0,18.0,0.8034026465028355,0.0,0.0,v_lille
168,529.0,20.0,0.0,0.0,0.0,v_lille
169,529.0,17.0,0.9395085066162571,0.0,0.0,v_lille
17,529.0,,,,,v_lille
170,529.0,17.0,0.0,0.0,0.0,v_lille
171,529.0,17.0,0.0,0.0,0.0,v_lille
172,529.0,20.0,0.0,0.0,0.0,v_lille
173,529.0,19.0,0.0,0.6729678638941399,0.0,v_lille
174,529.0,19.0,0.0,0.33459357277882795,0.0,v_lille
175,529.0,30.0,0.0,0.0,0.0,v_lille
176,529.0,18.0,0.0,0.0,0.0,v_lille
177,529.0,20.0,0.0,0.0,0.0,v_lille
178,529.0,20.0,0.0,0.0,0.0,v_lille
179,529.0,17.0,0.0,0.0,0.0,v_lille
18,529.0,,,,,v_lille
180,529.0,18.0,0.0,0.0,0.0,v_lille
181,529.0,17.0,0.0,0.0661625708884688,0.0,v_lille
182,529.0,20.0,0.0,0.0,0.0,v_lille
183,529.0,18.0,0.0,0.0,0.0,v_lille
184,529.0,20.0,0.0,0.0,0.0,v_lille
185,529.0,15.0,0.0,0.0,0.0,v_lille
186,529.0,18.0,0.0,0.0,0.0,v_lille
187,529.0,17.0,0.0,0.6880907372400756,0.0,v_lille
188,529.0,20.0,0.0,0.0,0.0,v_lille
189,529.0,19.0,0.0,1.0,0.0,v_lille
19,529.0,,,,,v_lille
190,529.0,20.0,0.0,0.0,0.0,v_lille
191,529.0,18.0,0.0,0.0,0.0,v_lille
192,529.0,20.0,0.0,0.0,0.0,v_lille
193,529.0,20.0,0.0,0.0,0.0,v_lille
194,529.0,20.0,0.0,0.0,0.0,v_lille
195,529.0,18.0,0.0,0.0,0.0,v_lille
196,529.0,20.0,0.0,0.0,0.0,v_lille
197,529.0,20.0,0.0,0.0,0.0,v_lille
198,529.0,20.0,0.0,0.0,0.0,v_lille
199,529.0,22.0,0.0,0.0,0.0,v_lille
2,529.0,,,,,v_lille
20,529.0,,,,,v_lille
200,529.0,16.0,0.0,0.0,0.0,v_lille
201,529.0,18.0,0.0,0.003780718336483932,0.0,v_lille
202,529.0,17.0,0.0,0.0,0.0,v_lille
203,529.0,20.0,0.0,0.0,0.0,v_lille
204,529.0,18.0,0.0,0.0,0.0,v_lille
205,529.0,18.0,0.0,0.0,0.0,v_lille
206,529.0,18.0,0.0,0.0,0.0,v_lille
207,529.0,17.0,0.0,0.0,0.0,v_lille
208,529.0,18.0,0.0,0.0,0.0,v_lille
209,529.0,18.0,0.0,0.0,0.0,v_lille
21,529.0,,,,,v_lille
210,529.0,18.0,0.0,0.0,0.0,v_lille
211,529.0,18.0,0.0,0.0,0.0,v_lille
212,529.0,17.0,0.0,0.0,0.0,v_lille
213,529.0,17.0,0.0,0.9243856332703214,0.0,v_lille
214,529.0,17.0,0.0,0.0,0.0,v_lille
216,529.0,17.0,0.0,0.0,0.0,v_lille
217,529.0,18.0,0.0,0.0,0.0,v_lille
219,529.0,18.0,0.0,0.0,0.0,v_lille
22,529.0,,,,,v_lille
220,529.0,19.0,0.0,0.10207939508506617,0.0,v_lille
221,529.0,20.0,0.0,0.0,0.0,v_lille
223,529.0,22.0,0.0,0.0,0.0,v_lille
224,529.0,20.0,0.0,1.0,0.0,v_lille
225,529.0,20.0,0.0,0.0,0.0,v_lille
226,529.0,17.0,0.0,0.0,0.0,v_lille
227,529.0,32.0,0.0,0.0,0.0,v_lille
229,529.0,18.0,0.0,0.0,0.0,v_lille
23,529.0,,,,,v_lille
230,529.0,20.0,0.0,0.0,0.0,v_lille
232,529.0,15.0,0.0,0.0,0.0,v_lille
234,529.0,15.0,0.0,0.0,0.0,v_lille
236,529.0,20.0,0.0,0.0,0.0,v_lille
237,529.0,20.0,0.0,0.0,0.0,v_lille
238,529.0,17.0,0.0,0.0,0.0,v_lille
239,529.0,25.0,0.0,0.0,0.0,v_lille
24,529.0,,,,,v_lille
240,529.0,18.0,0.0,0.0,0.0,v_lille
241,529.0,20.0,0.0,0.0,0.0,v_lille
242,529.0,16.0,0.0,0.0,0.0,v_lille
243,529.0,17.0,0.0,0.0,0.0,v_lille
244,529.0,18.0,0.0,0.0,0.0,v_lille
245,529.0,19.0,0.0,0.0,0.0,v_lille
246,529.0,20.0,0.0,0.0,0.0,v_lille
247,529.0,17.0,0.0,0.0,0.0,v_lille
248,529.0,20.0,0.0,0.0,0.0,v_lille
249,529.0,18.0,0.0,0.0,0.0,v_lille
25,529.0,,,,,v_lille
250,529.0,18.0,0.0,0.0,0.0,v_lille
251,529.0,13.0,0.0,0.0,0.0,v_lille
252,529.0,18.0,0.0,0.0,0.0,v_lille
253,529.0,20.0,0.0,0.0,0.0,v_lille
254,529.0,18.0,0.0,0.0,0.0,v_lille
255,529.0,16.0,0.0,0.0,0.0,v_lille
256,529.0,18.0,0.0,0.0,0.0,v_lille
257,529.0,16.0,0.0,0.0,0.0,v_lille
258,529.0,18.0,0.0,0.0,0.0,v_lille
259,529.0,20.0,0.0,0.0,0.0,v_lille
26,529.0,,,,,v_lille
260,529.0,18.0,0.0,0.0,0.0,v_lille
261,529.0,18.0,0.0,0.0,0.0,v_lille
265,529.0,18.0,0.0,0.0,0.0,v_lille
266,529.0,20.0,0.0,1.0,0.0,v_lille
267,529.0,16.0,0.0,0.0,0.0,v_lille
268,529.0,22.0,0.0,0.0,0.0,v_lille
269,529.0,18.0,0.0,1.0,0.0,v_lille
27,529.0,,,,,v_lille
270,529.0,16.0,0.0,0.0,0.0,v_lille
271,529.0,20.0,0.0,0.0,0.0,v_lille
272,529.0,17.0,0.0,0.0,0.0,v_lille
273,529.0,18.0,0.0,0.0,0.0,v_lille
274,529.0,18.0,0.0,0.0,0.0,v_lille
276,529.0,18.0,0.0,0.0,0.0,v_lille
28,529.0,,,,,v_lille
29,529.0,,,,,v_lille
3,529.0,,,,,v_lille
30,529.0,,,,,v_lille
300,529.0,13.0,1.0,0.0,0.0,v_lille
301,529.0,13.0,1.0,0.0,0.0,v_lille
302,529.0,13.0,0.0,0.0,0.0,v_lille
303,529.0,20.0,0.0,0.0,0.0,v_lille
304,529.0,12.0,0.0,0.0,0.0,v_lille
305,529.0,13.0,0.0,0.0,0.0,v_lille
306,529.0,13.0,0.0,0.0,0.0,v_lille
307,529.0,13.0,0.0,0.0,0.0,v_lille
308,529.0,13.0,0.0,0.0,0.0,v_lille
309,529.0,13.0,1.0,0.0,0.0,v_lille
31,529.0,,,,,v_lille
310,529.0,13.0,0.0,0.0,0.0,v_lille
311,529.0,13.0,0.0,0.0,0.0,v_lille
312,529.0,13.0,0.0,0.0,0.0,v_lille
313,529.0,13.0,0.0,0.0,0.0,v_lille
314,529.0,13.0,0.0,0.0,0.0,v_lille
315,529.0,13.0,0.0,0.0,0.0,v_lille
316,529.0,13.0,1.0,0.0,0.0,v_lille
317,529.0,13.0,0.5841209829867675,0.0,0.0,v_lille
318,529.0,13.0,0.0,0.0,0.0,v_lille
319,529.0,13.0,1.0,0.0,0.0,v_lille
32,529.0,,,,,v_lille
33,529.0,,,,,v_lille
34,529.0,,,,,v_lille
35,529.0,,,,,v_lille
36,529.0,,,,,v_lille
37,529.0,,,,,v_lille
38,529.0,,,,,v_lille
39,529.0,,,,,v_lille
4,529.0,,,,,v_lille
40,529.0,,,,,v_lille
41,529.0,,,,,v_lille
42,529.0,,,,,v_lille
43,529.0,,,,,v_lille
44,529.0,,,,,v_lille
45,529.0,,,,,v_lille
46,529.0,20.0,0.0,0.0,0.0,v_lille
47,529.0,,,,,v_lille
48,529.0,,,,,v_lille
49,529.0,,,,,v_lille
5,529.0,,,,,v_lille
50,529.0,,,,,v_lille
51,529.0,,,,,v_lille
52,529.0,,,,,v_lille
53,529.0,,,,,v_lille
54,529.0,,,,,v_lille
55,529.0,,,,,v_lille
56,529.0,,,,,v_lille
57,529.0,15.0,1.0,0.0,0.0,v_lille
58,529.0,25.0,0.0,0.0,0.0,v_lille
6,529.0,,,,,v_lille
60,529.0,,,,,v_lille
61,529.0,,,,,v_lille
62,529.0,,,,,v_lille
63,529.0,,,,,v_lille
64,529.0,,,,,v_lille
65,529.0,,,,,v_lille
66,529.0,,,,,v_lille
67,529.0,,,,,v_lille
68,529.0,,,,,v_lille
69,529.0,,,,,v_lille
7,529.0,,,,,v_lille
70,529.0,,,,,v_lille
71,529.0,,,,,v_lille
72,529.0,,,,,v_lille
73,529.0,,,,,v_lille
74,529.0,,,,,v_lille
75,529.0,,,,,v_lille
76,529.0,,,,,v_lille
77,529.0,,,,,v_lille
78,529.0,,,,,v_lille
79,529.0,,,,,v_lille
8,529.0,,,,,v_lille
80,529.0,,,,,v_lille
81,529.0,33.0,0.0,0.0,0.0,v_lille
82,529.0,,,,,v_lille
83,529.0,,,,,v_lille
84,529.0,24.0,0.0,0.0,0.0,v_lille
85,529.0,,,,,v_lille
86,529.0,,,,,v_lille
88,529.0,,,,,v_lille
9,529.0,,,,,v_lille
90,529.0,,,,,v_lille
91,529.0,,,,,v_lille
93,529.0,,,,,v_lille
94,529.0,,,,,v_lille
95,529.0,,,,,v_lille
96,529.0,,,,,v_lille
97,529.0,,,,,v_lille
98,529.0,,,,,v_lille
99,529.0,16.0,0.0,0.0,0.0,v_lille
995,529.0,20.0,0.0,0.0,0.0,v_lille
stn_2g94qtmZDMo6TabnziR2vm,479.0,5.0,0.0,0.0,0.0,velibeo
stn_7NLUAv4sBXRzsEikCGScXZ,479.0,5.0,0.0,0.0,0.0,velibeo
stn_A6dzWhCR8DCnSznucHZTSo,479.0,20.0,0.0,0.0,0.0,velibeo
stn_BtHxDV9iPHTueM3U8Hyj9o,479.0,10.0,0.0,0.0,0.0,velibeo
stn_FqmLQESHREXV5wb3HMgoac,479.0,5.0,1.0,0.0,0.0,velibeo
stn_GoVBciBw7RSJTkUhvyLqeX,479.0,16.0,0.0,0.0,0.0,velibeo
stn_Mai4vfdVsAQpiAjiW4DTm7,479.0,12.0,0.0,0.0,0.0,velibeo
stn_PaQbjU8f2QZXHHDjSbDaTA,479.0,16.0,0.0,0.0,0.0,velibeo
stn_QJ3fx8Ld7TAoGpkiCxtDfo,479.0,5.0,0.0,0.0,0.0,velibeo
stn_SAhCdXLpiL7ndSMULCkn5H,479.0,14.0,0.0,0.0,0.0,velibeo
stn_SUvhViDGizAW3XMCpqb8CY,479.0,12.0,0.0,0.0,0.0,velibeo
stn_SkbXskwhyKsSXgQ6brDqS5,479.0,5.0,0.0,0.0,0.0,velibeo
stn_VHKU3FgD69amvpXLwFZQh5,479.0,5.0,0.0,0.0,0.0,velibeo
stn_X8QhqtSHLAc2nvRjozuNum,479.0,16.0,0.0,0.0,0.0,velibeo
stn_XKwmCZyQLXEJWZm77jnWt7,479.0,16.0,0.0,0.0,0.0,velibeo
stn_YGmVaUTWLCJjYEsuyfpSXh,479.0,18.0,0.0,0.0,0.0,velibeo
stn_amCS7aZa2S8vW52BaWdGXm,479.0,14.0,0.0,1.0,0.0,velibeo
stn_ebSvjfxGbSygotjea8SWw2,479.0,18.0,0.0,0.0,0.0,velibeo
stn_gY7GaY9SYQxW7e2Sokh9gw,479.0,18.0,0.0,0.0,0.0,velibeo
stn_h8x3xcXATrrvvE2ie367pK,479.0,18.0,0.0,0.0,0.0,velibeo
stn_haXqCqZLZmdkRpVkde3inN,479.0,14.0,0.0,0.0,0.0,velibeo
stn_iPawB33yfSeqsfojsfszCx,479.0,5.0,0.0,0.0,0.0,velibeo
stn_iaeYjpFF2Nrjdyrx9uQGVb,479.0,12.0,0.0,0.0,0.0,velibeo
stn_ioQhSdYDvzLNzYZ7Jah4LQ,479.0,12.0,0.0,0.0,0.0,velibeo
stn_kLrjvGCWExbjqadRrChyyu,479.0,12.0,0.0,0.0,0.0,velibeo
stn_nPf3KyYk3VfihK5gXbiC4n,479.0,12.0,0.0,0.0,0.0,velibeo
chf7qmc3casf4nvmd150,528.0,20.0,0.0,0.0,0.0,velivert_saint_etienne
chf7qmk3casf4nvmd160,528.0,20.0,0.0,0.0,0.0,velivert_saint_etienne
chf7qmk3casf4nvmd180,528.0,20.0,0.0,0.0,0.0,velivert_saint_etienne
chf7qms3casf4nvmd1a0,528.0,30.0,0.0,0.10606060606060606,0.0,velivert_saint_etienne
chf7qms3casf4nvmd1b0,528.0,30.0,0.0,0.011363636363636364,0.0,velivert_saint_etienne
chf7qn43casf4nvmd1c0,528.0,20.0,0.0,0.0,0.0,velivert_saint_etienne
chf7qnc3casf4nvmd1d0,528.0,20.0,0.0,0.0,0.0,velivert_saint_etienne
chf7qnc3casf4nvmd1e0,528.0,20.0,0.22916666666666666,0.0,0.0,velivert_saint_etienne
chf7qnk3casf4nvmd1f0,528.0,20.0,0.0,0.0,0.0,velivert_saint_etienne
chf7qnk3casf4nvmd1g0,528.0,30.0,0.0,0.6401515151515151,0.0,velivert_saint_etienne
chf7qns3casf4nvmd1h0,528.0,30.0,0.0,0.5378787878787878,0.0,velivert_saint_etienne
chf7qns3casf4nvmd1i0,528.0,30.0,0.0,0.0,0.0,velivert_saint_etienne
chf7qo43casf4nvmd1j0,528.0,30.0,0.0,0.0,0.0,velivert_saint_etienne
chf7qo43casf4nvmd1k0,528.0,30.0,0.0,0.6515151515151515,0.0,velivert_saint_etienne
chf7qoc3casf4nvmd1l0,528.0,30.0,0.0,0.0,0.0,velivert_saint_etienne
chf7qoc3casf4nvmd1mg,528.0,30.0,0.0,0.00946969696969697,0.0,velivert_saint_etienne
chf7qok3casf4nvmd1ng,528.0,30.0,0.0,0.017045454545454544,0.0,velivert_saint_etienne
chf7qok3casf4nvmd1og,528.0,20.0,0.0,0.017045454545454544,0.0,velivert_saint_etienne
chf7qos3casf4nvmd1pg,528.0,30.0,0.0,0.0,0.0,velivert_saint_etienne
chf7qp43casf4nvmd1t0,528.0,20.0,0.0,0.0,0.0,velivert_saint_etienne
chf7qpc3casf4nvmd1u0,528.0,20.0,0.0,0.0,0.0,velivert_saint_etienne
chf7qpk3casf4nvmd210,528.0,30.0,0.0,0.7746212121212122,0.0,velivert_saint_etienne
chf7qps3casf4nvmd220,528.0,30.0,0.0,0.8295454545454546,0.0,velivert_saint_etienne
chf7qps3casf4nvmd230,528.0,10.0,0.0,0.0,0.0,velivert_saint_etienne
chf7qps3casf4nvmd240,528.0,30.0,0.0,0.043560606060606064,0.0,velivert_saint_etienne
chf7qq43casf4nvmd250,528.0,30.0,0.0,0.06060606060606061,0.0,velivert_saint_etienne
chf7qq43casf4nvmd260,528.0,20.0,0.0,0.0,0.0,velivert_saint_etienne
chf7qqc3casf4nvmd280,528.0,30.0,0.0,0.007575757575757576,0.0,velivert_saint_etienne
chf7qqk3casf4nvmd290,528.0,20.0,0.0,0.0,0.0,velivert_saint_etienne
chf7qqk3casf4nvmd2a0,528.0,20.0,0.0,0.041666666666666664,0.0,velivert_saint_etienne
chf7qqk3casf4nvmd2b0,528.0,20.0,0.0,0.0,0.0,velivert_saint_etienne
chf7qqs3casf4nvmd2c0,528.0,30.0,0.0,0.6477272727272727,0.0,velivert_saint_etienne
chf7qrc3casf4nvmd2d0,528.0,30.0,0.0,0.7765151515151515,0.0,velivert_saint_etienne
chf7qrk3casf4nvmd2e0,528.0,30.0,0.0,0.5511363636363636,0.0,velivert_saint_etienne
chf7qrs3casf4nvmd2g0,528.0,20.0,0.001893939393939394,0.19318181818181818,0.0,velivert_saint_etienne
chf7qss3casf4nvmd2h0,528.0,20.0,0.0,0.0,0.0,velivert_saint_etienne
chf7qt43casf4nvmd2i0,528.0,20.0,0.001893939393939394,0.0,0.0,velivert_saint_etienne
chf7qt43casf4nvmd2j0,528.0,20.0,0.0,0.0,0.0,velivert_saint_etienne
chf7qtc3casf4nvmd2k0,528.0,20.0,0.0,0.0946969696969697,0.0,velivert_saint_etienne
chf7qtc3casf4nvmd2l0,528.0,20.0,0.0,0.3068181818181818,0.0,velivert_saint_etienne
chf7qtk3casf4nvmd2m0,528.0,10.0,0.0,0.0,0.0,velivert_saint_etienne
chf7qtk3casf4nvmd2n0,528.0,10.0,0.0,0.0,0.0,velivert_saint_etienne
chf7qts3casf4nvmd2o0,528.0,10.0,0.0,0.0,0.0,velivert_saint_etienne
chf7qts3casf4nvmd2p0,528.0,10.0,0.0,0.0,0.0,velivert_saint_etienne
chf7qu43casf4nvmd2q0,528.0,,,,,velivert_saint_etienne
chf7qu43casf4nvmd2t0,528.0,10.0,0.0,0.0,0.0,velivert_saint_etienne
chf7quc3casf4nvmd2u0,528.0,20.0,0.0,1.0,0.0,velivert_saint_etienne
chf7quc3casf4nvmd2v0,528.0,10.0,0.0,0.0,0.0,velivert_saint_etienne
chf7quk3casf4nvmd300,528.0,10.0,0.0,0.0,0.0,velivert_saint_etienne
chf7quk3casf4nvmd310,528.0,10.0,0.0,0.005681818181818182,0.0,velivert_saint_etienne
chf7qus3casf4nvmd330,528.0,10.0,0.0,0.0,0.0,velivert_saint_etienne
chf7qus3casf4nvmd340,528.0,10.0,0.6761363636363636,0.0,0.0,velivert_saint_etienne
chf7qv43casf4nvmd350,528.0,10.0,0.0,0.9053030303030303,0.0,velivert_saint_etienne
chf7qv43casf4nvmd360,528.0,10.0,0.0,0.026515151515151516,0.0,velivert_saint_etienne
chf7qv43casf4nvmd370,528.0,10.0,0.0,0.0,0.0,velivert_saint_etienne
chf7qvc3casf4nvmd380,528.0,30.0,0.0,0.0,0.0,velivert_saint_etienne
chf7qvc3casf4nvmd390,528.0,10.0,0.0,0.0,0.0,velivert_saint_etienne
chf7qvk3casf4nvmd3a0,528.0,10.0,0.0,0.0,0.0,velivert_saint_etienne
chf7qvk3casf4nvmd3b0,528.0,10.0,0.0,0.0,0.0,velivert_saint_etienne
chf7qvk3casf4nvmd3c0,528.0,10.0,0.0,0.0,0.0,velivert_saint_etienne
chf7qvs3casf4nvmd3d0,528.0,10.0,0.9261363636363636,0.0,0.0,velivert_saint_etienne
chf7qvs3casf4nvmd3e0,528.0,10.0,0.0,0.0,0.0,velivert_saint_etienne
chf7r043casf4nvmd3f0,528.0,10.0,0.0,0.0,0.0,velivert_saint_etienne
chf7r043casf4nvmd3g0,528.0,10.0,0.0,0.0,0.0,velivert_saint_etienne
chf7r043casf4nvmd3h0,528.0,10.0,0.0,0.0,0.0,velivert_saint_etienne
chf7r0c3casf4nvmd3i0,528.0,20.0,0.0,0.0,0.0,velivert_saint_etienne
chf7r0c3casf4nvmd3kg,528.0,20.0,0.0,0.0,0.0,velivert_saint_etienne
chf7r0k3casf4nvmd3lg,528.0,20.0,0.0,0.9053030303030303,0.0,velivert_saint_etienne
chf7r0k3casf4nvmd3mg,528.0,30.0,0.0,0.21212121212121213,0.0,velivert_saint_etienne
chf7r0k3casf4nvmd3ng,528.0,20.0,0.0,0.9053030303030303,0.0,velivert_saint_etienne
chf7r0s3casf4nvmd3og,528.0,20.0,0.0,0.0,0.0,velivert_saint_etienne
chf7r0s3casf4nvmd3qg,528.0,30.0,0.0,0.9053030303030303,0.0,velivert_saint_etienne
chf7r143casf4nvmd3rg,528.0,10.0,0.0,0.0,0.0,velivert_saint_etienne
chf7r1c3casf4nvmd3tg,528.0,10.0,0.0,0.0,0.0,velivert_saint_etienne
chf7r1c3casf4nvmd3ug,528.0,10.0,0.0,1.0,0.0,velivert_saint_etienne
chf7r1c3casf4nvmd3vg,528.0,10.0,0.0,1.0,0.0,velivert_saint_etienne
chf7r1k3casf4nvmd40g,528.0,10.0,0.0,0.0,0.0,velivert_saint_etienne
chf7r1s3casf4nvmd42g,528.0,10.0,0.0,0.0,0.0,velivert_saint_etienne
chf7r1s3casf4nvmd43g,528.0,10.0,0.0,1.0,0.0,velivert_saint_etienne
chf7r1s3casf4nvmd44g,528.0,30.0,0.0,0.0,0.0,velivert_saint_etienne
chf7r243casf4nvmd45g,528.0,20.0,0.0,0.0,0.0,velivert_saint_etienne
chf7r243casf4nvmd46g,528.0,20.0,0.0,0.030303030303030304,0.0,velivert_saint_etienne
chf7r2c3casf4nvmd47g,528.0,20.0,0.0,0.21401515151515152,0.0,velivert_saint_etienne
chf7r2c3casf4nvmd48g,528.0,20.0,0.0,0.44696969696969696,0.0,velivert_saint_etienne
chf7r2c3casf4nvmd49g,528.0,10.0,0.17992424242424243,0.0,0.0,velivert_saint_etienne
chf7r2k3casf4nvmd4ag,528.0,10.0,0.0,0.0,0.0,velivert_saint_etienne
chf7r2k3casf4nvmd4bg,528.0,20.0,0.0,0.0,0.0,velivert_saint_etienne
chf7r2s3casf4nvmd4cg,528.0,20.0,0.0,0.0,0.0,velivert_saint_etienne
chf7r2s3casf4nvmd4dg,528.0,20.0,0.0,0.0946969696969697,0.0,velivert_saint_etienne
chf7r2s3casf4nvmd4eg,528.0,20.0,0.0,0.48484848484848486,0.0,velivert_saint_etienne
chf7r343casf4nvmd4fg,528.0,30.0,0.0,0.6041666666666666,0.0,velivert_saint_etienne
chf7r343casf4nvmd4gg,528.0,10.0,0.0,0.0,0.0,velivert_saint_etienne
chf7r3c3casf4nvmd4ig,528.0,10.0,0.0,1.0,0.0,velivert_saint_etienne
cj15l9iv2niordf15kt0,528.0,20.0,0.0,1.0,0.0,velivert_saint_etienne
cj19fiqv2niordf5t8n0,528.0,10.0,0.0,0.0,0.0,velivert_saint_etienne
cj19rtiv2niordf6fd9g,528.0,10.0,0.0,0.0,0.0,velivert_saint_etienne
cj19u9iv2niordf6inag,528.0,10.0,0.0,0.0,0.0,velivert_saint_etienne
1,529.0,,,,,velo-tbm-bordeaux
10,529.0,20.0,0.0,0.8015122873345936,0.0,velo-tbm-bordeaux
100,529.0,,,,,velo-tbm-bordeaux
101,529.0,,,,,velo-tbm-bordeaux
102,529.0,,,,,velo-tbm-bordeaux
103,529.0,,,,,velo-tbm-bordeaux
104,529.0,,,,,velo-tbm-bordeaux
105,529.0,,,,,velo-tbm-bordeaux
106,529.0,,,,,velo-tbm-bordeaux
107,529.0,,,,,velo-tbm-bordeaux
108,529.0,,,,,velo-tbm-bordeaux
109,529.0,,,,,velo-tbm-bordeaux
11,529.0,,,,,velo-tbm-bordeaux
110,529.0,,,,,velo-tbm-bordeaux
111,529.0,,,,,velo-tbm-bordeaux
112,529.0,,,,,velo-tbm-bordeaux
113,529.0,,,,,velo-tbm-bordeaux
114,529.0,,,,,velo-tbm-bordeaux
115,529.0,,,,,velo-tbm-bordeaux
116,529.0,,,,,velo-tbm-bordeaux
117,529.0,,,,,velo-tbm-bordeaux
118,529.0,,,,,velo-tbm-bordeaux
119,529.0,,,,,velo-tbm-bordeaux
12,529.0,,,,,velo-tbm-bordeaux
120,529.0,,,,,velo-tbm-bordeaux
121,529.0,,,,,velo-tbm-bordeaux
122,529.0,,,,,velo-tbm-bordeaux
123,529.0,,,,,velo-tbm-bordeaux
124,529.0,,,,,velo-tbm-bordeaux
125,529.0,25.0,0.0,0.0,0.0,velo-tbm-bordeaux
126,529.0,22.0,0.0,0.0,0.0,velo-tbm-bordeaux
127,529.0,15.0,0.0,0.27599243856332706,0.0,velo-tbm-bordeaux
128,529.0,,,,,velo-tbm-bordeaux
129,529.0,,,,,velo-tbm-bordeaux
13,529.0,,,,,velo-tbm-bordeaux
130,529.0,,,,,velo-tbm-bordeaux
131,529.0,,,,,velo-tbm-bordeaux
132,529.0,,,,,velo-tbm-bordeaux
133,529.0,,,,,velo-tbm-bordeaux
134,529.0,,,,,velo-tbm-bordeaux
135,529.0,,,,,velo-tbm-bordeaux
136,529.0,,,,,velo-tbm-bordeaux
137,529.0,,,,,velo-tbm-bordeaux
138,529.0,,,,,velo-tbm-bordeaux
139,529.0,25.0,0.0,0.0,0.0,velo-tbm-bordeaux
14,529.0,,,,,velo-tbm-bordeaux
140,529.0,29.0,0.0,0.0,0.0,velo-tbm-bordeaux
141,529.0,18.0,0.0,0.0,0.0,velo-tbm-bordeaux
142,529.0,20.0,0.0,0.0,0.0,velo-tbm-bordeaux
143,529.0,20.0,0.0,0.0,0.0,velo-tbm-bordeaux
144,529.0,22.0,0.0,0.0,0.0,velo-tbm-bordeaux
145,529.0,20.0,0.0,0.0,0.0,velo-tbm-bordeaux
146,529.0,20.0,0.0,0.0,0.0,velo-tbm-bordeaux
147,529.0,19.0,0.0,0.0,0.0,velo-tbm-bordeaux
148,529.0,19.0,0.0,0.0,0.0,velo-tbm-bordeaux
149,529.0,22.0,0.0,0.0,0.0,velo-tbm-bordeaux
15,529.0,,,,,velo-tbm-bordeaux
150,529.0,18.0,0.0,0.0,0.0,velo-tbm-bordeaux
151,529.0,24.0,0.0,0.0,0.0,velo-tbm-bordeaux
152,529.0,20.0,0.0,0.0,0.0,velo-tbm-bordeaux
153,529.0,18.0,0.0,0.0,0.0,velo-tbm-bordeaux
154,529.0,19.0,0.0,0.0,0.0,velo-tbm-bordeaux
155,529.0,20.0,0.0,0.0,0.0,velo-tbm-bordeaux
156,529.0,18.0,0.0,0.0,0.0,velo-tbm-bordeaux
157,529.0,19.0,0.0,0.0,0.0,velo-tbm-bordeaux
158,529.0,20.0,0.0,0.0,0.0,velo-tbm-bordeaux
159,529.0,20.0,0.0,0.0,0.0,velo-tbm-bordeaux
16,529.0,,,,,velo-tbm-bordeaux
160,529.0,17.0,0.33459357277882795,0.0,0.0,velo-tbm-bordeaux
161,529.0,15.0,0.0,0.0,0.0,velo-tbm-bordeaux
162,529.0,17.0,0.9092627599243857,0.0,0.0,velo-tbm-bordeaux
163,529.0,20.0,0.0,0.0,0.0,velo-tbm-bordeaux
164,529.0,20.0,0.0,0.0,0.0,velo-tbm-bordeaux
165,529.0,15.0,0.0,0.0,0.0,velo-tbm-bordeaux
166,529.0,20.0,0.0,0.0,0.0,velo-tbm-bordeaux
167,529.0,18.0,0.0,0.0,0.0,velo-tbm-bordeaux
168,529.0,20.0,0.0,0.0,0.0,velo-tbm-bordeaux
169,529.0,17.0,0.0,0.0,0.0,velo-tbm-bordeaux
17,529.0,,,,,velo-tbm-bordeaux
170,529.0,17.0,0.0,0.0,0.0,velo-tbm-bordeaux
171,529.0,17.0,0.0,1.0,0.0,velo-tbm-bordeaux
172,529.0,20.0,0.0,0.0,0.0,velo-tbm-bordeaux
173,529.0,19.0,0.0,0.0,0.0,velo-tbm-bordeaux
174,529.0,19.0,1.0,0.0,0.0,velo-tbm-bordeaux
175,529.0,30.0,0.0,1.0,0.0,velo-tbm-bordeaux
176,529.0,18.0,0.0,0.0,0.0,velo-tbm-bordeaux
177,529.0,20.0,0.0,0.0,0.0,velo-tbm-bordeaux
178,529.0,20.0,0.0,0.0,0.0,velo-tbm-bordeaux
179,529.0,17.0,0.0,0.0,0.0,velo-tbm-bordeaux
18,529.0,,,,,velo-tbm-bordeaux
180,529.0,18.0,0.0,0.0,0.0,velo-tbm-bordeaux
181,529.0,17.0,0.0,0.0,0.0,velo-tbm-bordeaux
182,529.0,20.0,0.0,0.0,0.0,velo-tbm-bordeaux
183,529.0,18.0,0.0,0.0,0.0,velo-tbm-bordeaux
184,529.0,20.0,0.0,0.0,0.0,velo-tbm-bordeaux
185,529.0,15.0,0.0,0.0,0.0,velo-tbm-bordeaux
186,529.0,18.0,0.0,0.0,0.0,velo-tbm-bordeaux
188,529.0,20.0,0.0,0.34593572778827975,0.0,velo-tbm-bordeaux
189,529.0,19.0,0.0,0.0,0.0,velo-tbm-bordeaux
19,529.0,,,,,velo-tbm-bordeaux
190,529.0,20.0,0.0,1.0,0.0,velo-tbm-bordeaux
192,529.0,20.0,0.0,0.0,0.0,velo-tbm-bordeaux
194,529.0,20.0,0.0,0.0,0.0,velo-tbm-bordeaux
196,529.0,20.0,0.0,0.0,0.0,velo-tbm-bordeaux
197,529.0,20.0,0.0,1.0,0.0,velo-tbm-bordeaux
199,529.0,22.0,0.0,1.0,0.0,velo-tbm-bordeaux
2,529.0,,,,,velo-tbm-bordeaux
20,529.0,,,,,velo-tbm-bordeaux
200,529.0,16.0,0.0,0.0,0.0,velo-tbm-bordeaux
201,529.0,18.0,0.0,0.0,0.0,velo-tbm-bordeaux
202,529.0,17.0,0.0,0.0,0.0,velo-tbm-bordeaux
206,529.0,18.0,0.0,0.0,0.0,velo-tbm-bordeaux
207,529.0,17.0,0.0,0.0,0.0,velo-tbm-bordeaux
209,529.0,18.0,0.0,1.0,0.0,velo-tbm-bordeaux
21,529.0,,,,,velo-tbm-bordeaux
213,529.0,17.0,0.0,1.0,0.0,velo-tbm-bordeaux
219,529.0,18.0,0.0,0.0,0.0,velo-tbm-bordeaux
22,529.0,,,,,velo-tbm-bordeaux
23,529.0,,,,,velo-tbm-bordeaux
24,529.0,,,,,velo-tbm-bordeaux
25,529.0,,,,,velo-tbm-bordeaux
251,529.0,13.0,1.0,0.0,0.0,velo-tbm-bordeaux
26,529.0,,,,,velo-tbm-bordeaux
27,529.0,,,,,velo-tbm-bordeaux
28,529.0,,,,,velo-tbm-bordeaux
29,529.0,,,,,velo-tbm-bordeaux
297,529.0,13.0,0.0,1.0,1.0,velo-tbm-bordeaux
298,529.0,13.0,0.0,1.0,0.0,velo-tbm-bordeaux
299,529.0,13.0,0.0,0.0,0.0,velo-tbm-bordeaux
3,529.0,,,,,velo-tbm-bordeaux
30,529.0,,,,,velo-tbm-bordeaux
31,529.0,,,,,velo-tbm-bordeaux
32,529.0,,,,,velo-tbm-bordeaux
33,529.0,,,,,velo-tbm-bordeaux
34,529.0,,,,,velo-tbm-bordeaux
35,529.0,,,,,velo-tbm-bordeaux
36,529.0,,,,,velo-tbm-bordeaux
37,529.0,,,,,velo-tbm-bordeaux
38,529.0,,,,,velo-tbm-bordeaux
39,529.0,,,,,velo-tbm-bordeaux
4,529.0,,,,,velo-tbm-bordeaux
40,529.0,,,,,velo-tbm-bordeaux
41,529.0,,,,,velo-tbm-bordeaux
42,529.0,,,,,velo-tbm-bordeaux
43,529.0,,,,,velo-tbm-bordeaux
44,529.0,,,,,velo-tbm-bordeaux
45,529.0,,,,,velo-tbm-bordeaux
46,529.0,20.0,0.0,0.0,0.0,velo-tbm-bordeaux
47,529.0,,,,,velo-tbm-bordeaux
48,529.0,,,,,velo-tbm-bordeaux
49,529.0,,,,,velo-tbm-bordeaux
5,529.0,,,,,velo-tbm-bordeaux
50,529.0,,,,,velo-tbm-bordeaux
505,529.0,5.0,0.0,1.0,0.0,velo-tbm-bordeaux
507,529.0,9.0,0.0,1.0,0.0,velo-tbm-bordeaux
51,529.0,,,,,velo-tbm-bordeaux
52,529.0,,,,,velo-tbm-bordeaux
53,529.0,,,,,velo-tbm-bordeaux
539,529.0,10.0,0.0,0.9867674858223062,0.0,velo-tbm-bordeaux
54,529.0,,,,,velo-tbm-bordeaux
543,529.0,5.0,0.0,0.0,0.0,velo-tbm-bordeaux
55,529.0,,,,,velo-tbm-bordeaux
557,529.0,5.0,0.0,0.0,0.0,velo-tbm-bordeaux
559,529.0,5.0,0.0,0.0,0.0,velo-tbm-bordeaux
56,529.0,,,,,velo-tbm-bordeaux
561,529.0,5.0,0.0,0.0,0.0,velo-tbm-bordeaux
567,529.0,5.0,0.0,1.0,0.0,velo-tbm-bordeaux
57,529.0,15.0,0.994328922495274,0.0,0.0,velo-tbm-bordeaux
58,529.0,25.0,0.0,0.0,0.0,velo-tbm-bordeaux
59,529.0,,,,,velo-tbm-bordeaux
598,529.0,5.0,0.0,0.0,0.0,velo-tbm-bordeaux
599,529.0,10.0,0.0,0.0,0.0,velo-tbm-bordeaux
6,529.0,,,,,velo-tbm-bordeaux
60,529.0,,,,,velo-tbm-bordeaux
604,529.0,5.0,0.0,0.0,0.0,velo-tbm-bordeaux
605,529.0,5.0,0.0,0.0,0.0,velo-tbm-bordeaux
606,529.0,5.0,0.0,1.0,0.0,velo-tbm-bordeaux
61,529.0,,,,,velo-tbm-bordeaux
62,529.0,,,,,velo-tbm-bordeaux
627,529.0,19.0,0.0,0.0,0.0,velo-tbm-bordeaux
629,529.0,5.0,0.07183364839319471,0.0,0.0,velo-tbm-bordeaux
63,529.0,,,,,velo-tbm-bordeaux
633,529.0,5.0,0.0,0.12287334593572778,0.0,velo-tbm-bordeaux
64,529.0,,,,,velo-tbm-bordeaux
65,529.0,,,,,velo-tbm-bordeaux
66,529.0,,,,,velo-tbm-bordeaux
67,529.0,,,,,velo-tbm-bordeaux
672,529.0,9.0,0.0,0.0,0.0,velo-tbm-bordeaux
68,529.0,,,,,velo-tbm-bordeaux
69,529.0,,,,,velo-tbm-bordeaux
7,529.0,,,,,velo-tbm-bordeaux
70,529.0,,,,,velo-tbm-bordeaux
72,529.0,,,,,velo-tbm-bordeaux
73,529.0,,,,,velo-tbm-bordeaux
74,529.0,,,,,velo-tbm-bordeaux
75,529.0,,,,,velo-tbm-bordeaux
76,529.0,,,,,velo-tbm-bordeaux
77,529.0,,,,,velo-tbm-bordeaux
78,529.0,,,,,velo-tbm-bordeaux
79,529.0,,,,,velo-tbm-bordeaux
8,529.0,,,,,velo-tbm-bordeaux
80,529.0,,,,,velo-tbm-bordeaux
81,529.0,33.0,0.0,0.0,0.0,velo-tbm-bordeaux
82,529.0,,,,,velo-tbm-bordeaux
83,529.0,,,,,velo-tbm-bordeaux
84,529.0,24.0,0.0,0.0,0.0,velo-tbm-bordeaux
85,529.0,,,,,velo-tbm-bordeaux
86,529.0,,,,,velo-tbm-bordeaux
87,529.0,,,,,velo-tbm-bordeaux
88,529.0,,,,,velo-tbm-bordeaux
89,529.0,22.0,0.0,0.0,0.0,velo-tbm-bordeaux
9,529.0,,,,,velo-tbm-bordeaux
90,529.0,,,,,velo-tbm-bordeaux
900,529.0,,,,,velo-tbm-bordeaux
901,529.0,2.0,0.0,1.0,0.0,velo-tbm-bordeaux
903,529.0,26.0,0.0,0.0,0.0,velo-tbm-bordeaux
91,529.0,,,,,velo-tbm-bordeaux
92,529.0,,,,,velo-tbm-bordeaux
93,529.0,,,,,velo-tbm-bordeaux
94,529.0,,,,,velo-tbm-bordeaux
95,529.0,,,,,velo-tbm-bordeaux
96,529.0,,,,,velo-tbm-bordeaux
97,529.0,,,,,velo-tbm-bordeaux
98,529.0,,,,,velo-tbm-bordeaux
99,529.0,16.0,1.0,0.0,0.0,velo-tbm-bordeaux
st_d0q8fmq5u9tmfvdh5bq0,529.0,10.0,0.0,0.0,0.0,velonecy60minutes_annecy
st_d0q8h1i5u9tmfvdh5e7g,529.0,10.0,0.0,0.0,0.0,velonecy60minutes_annecy
st_d0q8h1i5u9tmfvdh5e90,529.0,20.0,0.0,0.3005671077504726,0.0,velonecy60minutes_annecy
st_d0q8h1i5u9tmfvdh5eag,529.0,10.0,0.0,0.0,0.0,velonecy60minutes_annecy
st_d0q8h1i5u9tmfvdh5ec0,529.0,10.0,0.0,0.0,0.0,velonecy60minutes_annecy
st_d0q8h1i5u9tmfvdh5edg,529.0,10.0,0.0,0.0,0.0,velonecy60minutes_annecy
st_d0q8h1kmemg60qg4ki0g,529.0,10.0,0.0,0.0,0.0,velonecy60minutes_annecy
st_d0q8h1kmemg60qg4ki20,529.0,20.0,0.0,0.8506616257088847,0.0,velonecy60minutes_annecy
st_d0q8h1q5u9tmfvdh5ef0,529.0,10.0,0.0,0.0,0.0,velonecy60minutes_annecy
st_d0q8h1q5u9tmfvdh5egg,529.0,10.0,0.0,0.0,0.0,velonecy60minutes_annecy
st_d0q8h1q5u9tmfvdh5ei0,529.0,10.0,0.0,0.14744801512287334,0.0,velonecy60minutes_annecy
st_d0q8h1q5u9tmfvdh5ejg,529.0,10.0,1.0,0.0,0.0,velonecy60minutes_annecy
st_d0q8h1q5u9tmfvdh5em0,529.0,10.0,0.0,0.0,0.0,velonecy60minutes_annecy
st_d0q8h1q5u9tmfvdh5eng,529.0,10.0,0.0,0.0,0.0,velonecy60minutes_annecy
st_d0q8h1smemg60qg4ki3g,529.0,10.0,0.0,0.0,0.0,velonecy60minutes_annecy
st_d0q8h1smemg60qg4ki50,529.0,10.0,0.0,0.0661625708884688,0.0,velonecy60minutes_annecy
st_d0q8h1smemg60qg4ki6g,529.0,20.0,0.0,0.5482041587901701,0.0,velonecy60minutes_annecy
st_d0q8h1smemg60qg4ki80,529.0,30.0,0.0,0.29111531190926276,0.0,velonecy60minutes_annecy
st_d0q8h1smemg60qg4ki9g,529.0,10.0,0.0,0.500945179584121,0.0,velonecy60minutes_annecy
st_d0q8h225u9tmfvdh5ep0,529.0,9.0,0.2608695652173913,0.0,0.0,velonecy60minutes_annecy
st_d0q8h225u9tmfvdh5eqg,529.0,10.0,0.0,0.9073724007561437,0.0,velonecy60minutes_annecy
st_d0q8h225u9tmfvdh5es0,529.0,10.0,0.0,0.07183364839319471,0.0,velonecy60minutes_annecy
st_d0q8h225u9tmfvdh5eug,529.0,10.0,0.0,0.06427221172022685,0.0,velonecy60minutes_annecy
st_d0q8h225u9tmfvdh5f00,529.0,10.0,0.0,0.0,0.0,velonecy60minutes_annecy
st_d0q8h225u9tmfvdh5f1g,529.0,20.0,0.0,0.24574669187145556,0.0,velonecy60minutes_annecy
st_d0q8h225u9tmfvdh5f30,529.0,10.0,0.0,0.0,0.0,velonecy60minutes_annecy
st_d0q8h24memg60qg4kib0,529.0,10.0,0.0,0.8090737240075614,0.0,velonecy60minutes_annecy
st_d0q8h24memg60qg4kicg,529.0,10.0,0.0,0.0,0.0,velonecy60minutes_annecy
st_d0q8h24memg60qg4kie0,529.0,20.0,0.0,0.9054820415879017,0.0,velonecy60minutes_annecy
st_d0q8h24memg60qg4kifg,529.0,10.0,0.0,0.0,0.0,velonecy60minutes_annecy
st_d0q8h24memg60qg4kih0,529.0,10.0,0.0,1.0,0.0,velonecy60minutes_annecy
st_d0q8h24memg60qg4kiig,529.0,10.0,0.0,0.0,0.0,velonecy60minutes_annecy
st_d0q8h2a5u9tmfvdh5f4g,529.0,10.0,0.10396975425330812,0.0,0.0,velonecy60minutes_annecy
st_d0q8h2a5u9tmfvdh5f60,529.0,10.0,0.0,0.18714555765595464,0.0,velonecy60minutes_annecy
st_d0q8h2a5u9tmfvdh5f7g,529.0,10.0,0.0,0.0,0.0,velonecy60minutes_annecy
st_d0q8h2a5u9tmfvdh5f90,529.0,10.0,0.0,0.0,0.0,velonecy60minutes_annecy
st_d0q8h2a5u9tmfvdh5fag,529.0,10.0,0.0,0.0,0.0,velonecy60minutes_annecy
st_d0q8h2a5u9tmfvdh5fc0,529.0,10.0,0.0,0.0,0.0,velonecy60minutes_annecy
st_d0q8h2a5u9tmfvdh5fdg,529.0,10.0,0.0,0.14177693761814744,0.0,velonecy60minutes_annecy
st_d0q8h2a5u9tmfvdh5ff0,529.0,10.0,0.0,0.0,0.0,velonecy60minutes_annecy
st_d0q8h2a5u9tmfvdh5fgg,529.0,10.0,0.0,0.0,0.0,velonecy60minutes_annecy
st_d0q8h2cmemg60qg4kik0,529.0,10.0,0.0,0.01890359168241966,0.0,velonecy60minutes_annecy
st_d0q8h2cmemg60qg4kilg,529.0,10.0,0.0,0.0,0.0,velonecy60minutes_annecy
st_d0q8h2cmemg60qg4kin0,529.0,5.0,0.0,0.0,0.0,velonecy60minutes_annecy
st_d0q8h2i5u9tmfvdh5fi0,529.0,10.0,0.0,0.0,0.0,velonecy60minutes_annecy
st_d0q8h2i5u9tmfvdh5fjg,529.0,10.0,0.0,0.8374291115311909,0.0,velonecy60minutes_annecy
st_d0q8h2i5u9tmfvdh5fl0,529.0,10.0,0.0,0.0,0.0,velonecy60minutes_annecy
st_d0q8h2i5u9tmfvdh5fmg,529.0,10.0,0.0,0.0,0.0,velonecy60minutes_annecy
st_d0q8h2i5u9tmfvdh5fo0,529.0,10.0,0.0,0.0,0.0,velonecy60minutes_annecy
st_d0q8h2kmemg60qg4kipg,529.0,10.0,0.0,0.0,0.0,velonecy60minutes_annecy
st_d0q8h2kmemg60qg4kir0,529.0,10.0,0.0,0.062381852551984876,0.0,velonecy60minutes_annecy
st_d0q8h2kmemg60qg4kisg,529.0,10.0,0.0,0.0,0.0,velonecy60minutes_annecy
st_d0q8h2kmemg60qg4kiu0,529.0,10.0,0.0,0.0,0.0,velonecy60minutes_annecy
st_d0q8h2kmemg60qg4kivg,529.0,10.0,0.0,0.0,0.0,velonecy60minutes_annecy
st_d0q8h2kmemg60qg4kj10,529.0,10.0,0.0,0.0,0.0,velonecy60minutes_annecy
st_d0q8h2kmemg60qg4kj2g,529.0,10.0,0.0,0.0,0.0,velonecy60minutes_annecy
st_d0q8h2q5u9tmfvdh5fpg,529.0,10.0,0.0,0.0,0.0,velonecy60minutes_annecy
st_d0q8h2q5u9tmfvdh5fr0,529.0,10.0,0.0,0.054820415879017016,0.0,velonecy60minutes_annecy
st_d0q8h2q5u9tmfvdh5fsg,529.0,10.0,1.0,0.0,0.0,velonecy60minutes_annecy
st_d0q8h2q5u9tmfvdh5fu0,529.0,10.0,0.0,0.0,0.0,velonecy60minutes_annecy
st_d0q8h2q5u9tmfvdh5fvg,529.0,10.0,0.0,0.0,0.0,velonecy60minutes_annecy
st_d0q8h2q5u9tmfvdh5g10,529.0,10.0,0.0,0.0,0.0,velonecy60minutes_annecy
st_d0q8h2q5u9tmfvdh5g2g,529.0,10.0,0.0,0.0,0.0,velonecy60minutes_annecy
st_d0q8h2q5u9tmfvdh5g40,529.0,20.0,0.0,0.07939508506616257,0.0,velonecy60minutes_annecy
st_d0q8h2q5u9tmfvdh5g5g,529.0,10.0,0.0,0.0,0.0,velonecy60minutes_annecy
st_d0q8h2smemg60qg4kj40,529.0,10.0,0.0,0.0,0.0,velonecy60minutes_annecy
st_d0q8h2smemg60qg4kj5g,529.0,10.0,0.0,0.0,0.0,velonecy60minutes_annecy
st_d0q8h2smemg60qg4kj70,529.0,10.0,0.0,0.001890359168241966,0.0,velonecy60minutes_annecy
st_d0q8h325u9tmfvdh5g70,529.0,10.0,0.9773156899810964,0.0,0.0,velonecy60minutes_annecy
st_d0q8h325u9tmfvdh5g8g,529.0,10.0,0.0,0.0,0.0,velonecy60minutes_annecy
st_d0q8h325u9tmfvdh5ga0,529.0,10.0,0.0,0.0,0.0,velonecy60minutes_annecy
st_d0q8h34memg60qg4kj8g,529.0,10.0,0.0,0.0,0.0,velonecy60minutes_annecy
st_d0q8h34memg60qg4kja0,529.0,10.0,0.0,0.0,0.0,velonecy60minutes_annecy
st_d0q8h34memg60qg4kjbg,529.0,10.0,0.0,0.0,0.0,velonecy60minutes_annecy
st_d0q8h34memg60qg4kjd0,529.0,10.0,0.0,0.0,0.0,velonecy60minutes_annecy
st_d0q8h34memg60qg4kjeg,529.0,10.0,0.0,0.22495274102079396,0.0,velonecy60minutes_annecy
st_d0q8h34memg60qg4kjg0,529.0,10.0,0.0,0.0,0.0,velonecy60minutes_annecy
st_d0q8h34memg60qg4kjhg,529.0,10.0,0.0,0.0,0.0,velonecy60minutes_annecy
st_d0q8h34memg60qg4kjj0,529.0,10.0,0.0,0.0,0.0,velonecy60minutes_annecy
st_d52halko7dgs73ca4m2g,529.0,10.0,0.0,0.0,0.0,velonecy60minutes_annecy
cpbfggsqessegmi81c1g,479.0,30.0,0.0,0.615866388308977,0.0,velopop
cpbfggsqessegmi81c3g,479.0,20.0,0.0,0.054279749478079335,0.0,velopop
cpbfggsqessegmi81c60,479.0,20.0,0.0,0.027139874739039668,0.0,velopop
cpbfggsqessegmi81c8g,479.0,20.0,0.0,0.0,0.0,velopop
cpbfggsqessegmi81cag,479.0,20.0,0.0,0.13778705636743216,0.0,velopop
cpbfggsqessegmi81ccg,479.0,30.0,0.0,0.0709812108559499,0.0,velopop
cpbfgh40a5bcngo02s80,479.0,20.0,0.0,0.8538622129436325,0.0,velopop
cpbfgh40a5bcngo02sa0,479.0,20.0,0.0,0.8392484342379958,0.0,velopop
cpbfgh40a5bcngo02sc0,479.0,20.0,0.0,0.0,0.0,velopop
cpbfgh4qessegmi81ceg,479.0,30.0,0.0,0.732776617954071,0.0,velopop
cpbfgh4qessegmi81ci0,479.0,10.0,0.010438413361169102,0.0,0.0,velopop
cpbfgh4qessegmi81cr0,479.0,10.0,0.0,0.4405010438413361,0.0,velopop
cpbfghcqessegmi81d0g,479.0,10.0,0.8183716075156576,0.0,0.0,velopop
cpbfghs0a5bcngo02ssg,479.0,20.0,0.0,0.0,0.0,velopop
cpbfghs0a5bcngo02t6g,479.0,20.0,0.0,0.0,0.0,velopop
cpbfghs0a5bcngo02t9g,479.0,20.0,0.0,0.0,0.0,velopop
cpbfghs0a5bcngo02tbg,479.0,20.0,0.6701461377870563,0.0,0.0,velopop
cpbfghs0a5bcngo02tdg,479.0,20.0,0.8872651356993737,0.0,0.0,velopop
cpbfghsqessegmi81de0,479.0,20.0,0.0,0.0,0.0,velopop
cpbfghsqessegmi81dgg,479.0,20.0,0.0,0.14822546972860126,0.0,velopop
cpbfgi40a5bcngo02tfg,479.0,10.0,0.9916492693110647,0.0,0.0,velopop
cpbfgi40a5bcngo02tlg,479.0,20.0,0.0,0.0,0.0,velopop
cpbfgi4qessegmi81dig,479.0,10.0,0.4572025052192067,0.0,0.0,velopop
cpbfgi4qessegmi81dkg,479.0,10.0,0.0,0.0020876826722338203,0.0,velopop
cpbfgi4qessegmi81dmg,479.0,20.0,0.0,0.0,0.0,velopop
cpbfgi4qessegmi81dog,479.0,20.0,0.0,0.2651356993736952,0.0,velopop
cpbfgi4qessegmi81dqg,479.0,10.0,0.5762004175365344,0.0,0.0,velopop
cpbfgi4qessegmi81dsg,479.0,10.0,0.0,0.0,0.0,velopop
st_d4o1drtbiu5c73b3mlfg,479.0,10.0,0.0,0.0,0.0,velopop
cirqbhsg3q5td18hqi80,528.0,10.0,0.0,0.14772727272727273,0.0,velozef
cirqbicg3q5td18hqisg,528.0,10.0,0.0,0.032196969696969696,0.0,velozef
cirqbisg3q5td18hqjj0,528.0,10.0,0.0,0.8409090909090909,0.0,velozef
cirqbjkg3q5td18hqkbg,528.0,10.0,0.10795454545454546,0.6401515151515151,0.0,velozef
cirqbjsg3q5td18hqkt0,528.0,10.0,0.9375,0.0,0.0,velozef
cirqbksg3q5td18hqlf0,528.0,10.0,0.0,0.0,0.0,velozef
cirqblkg3q5td18hqm7g,528.0,10.0,0.0,0.0,0.0,velozef
cirqbmcg3q5td18hqmt0,528.0,10.0,0.0,0.0,0.0,velozef
cirqbmkg3q5td18hqn8g,528.0,10.0,0.0,0.045454545454545456,0.0,velozef
cirqbn4g3q5td18hqnfg,528.0,10.0,0.0,0.0,0.0,velozef
cirqbnkg3q5td18hqnn0,528.0,10.0,0.5246212121212122,0.0,0.0,velozef
cirqbo4g3q5td18hqo20,528.0,10.0,0.7689393939393939,0.0,0.0,velozef
cirqbokg3q5td18hqob0,528.0,10.0,0.7954545454545454,0.0,0.0,velozef
cirqbp4g3q5td18hqol0,528.0,10.0,0.29734848484848486,0.0,0.0,velozef
cirqbpkg3q5td18hqp1g,528.0,10.0,0.00946969696969697,0.056818181818181816,0.0,velozef
cirqbq4g3q5td18hqph0,528.0,10.0,0.0,0.0,0.0,velozef
cirqbqcg3q5td18hqplg,528.0,10.0,0.0,0.0,0.0,velozef
cirqbqsg3q5td18hqq00,528.0,10.0,0.0,0.0,0.0,velozef
cirqbrcg3q5td18hqq5g,528.0,10.0,0.0,0.0,0.0,velozef
cirqbskg3q5td18hqqmg,528.0,10.0,0.0,0.0,0.0,velozef
cirqbucg3q5td18hqst0,528.0,10.0,0.0,0.9981060606060606,0.0,velozef
cirqbusg3q5td18hqtbg,528.0,10.0,0.0,0.0,0.0,velozef
cirqbvsg3q5td18hqua0,528.0,10.0,0.0,0.9602272727272727,0.0,velozef
cirqc0cg3q5td18hquug,528.0,10.0,0.0,1.0,0.0,velozef
cirqc14g3q5td18hqvj0,528.0,10.0,0.0,0.0,0.0,velozef
cirqc1sg3q5td18hr090,528.0,10.0,0.0,0.0,0.0,velozef
cirqc2cg3q5td18hr120,528.0,10.0,0.0,0.0,0.0,velozef
cirqc2kg3q5td18hr1gg,528.0,10.0,0.0,0.0,0.0,velozef
cirqc34g3q5td18hr1tg,528.0,10.0,0.0,0.0,0.0,velozef
st_d52j4s7qvltc7388p4jg,528.0,10.0,0.0,0.0,0.0,velozef
st_d52j5dco7dgs73ca64r0,528.0,10.0,0.0,0.0,0.0,velozef
st_d52j5hso7dgs73ca64tg,528.0,10.0,0.0,0.0,0.0,velozef
st_d52j5n63bdvs73crb6c0,528.0,10.0,0.0,0.0928030303030303,0.0,velozef
st_d52j60ko7dgs73ca65e0,528.0,10.0,0.0,0.22916666666666666,0.0,velozef
st_d52j69co7dgs73ca65tg,528.0,10.0,0.0,0.0,0.0,velozef
st_d52j6h4o7dgs73ca6680,528.0,10.0,0.0,0.041666666666666664,0.0,velozef
st_d52j6kl4faec738fgu8g,528.0,10.0,0.0,0.0625,0.0,velozef
st_d52j6o2ebjgc73d7avv0,528.0,10.0,0.0928030303030303,0.0,0.0,velozef
st_d52j72nqvltc7388p6mg,528.0,10.0,0.0,0.0,0.0,velozef
st_d52j7e2ebjgc73d7b0ig,528.0,10.0,0.0,0.0,0.0,velozef
c3cthc6ql9dm2f363q4g,479.0,25.0,0.0020876826722338203,0.0,0.0,vilvolt_epinal
c3cthfeql9dm2f363q8g,479.0,15.0,0.0,0.0,0.0,vilvolt_epinal
c3dj6suql9dm2f36ab80,479.0,15.0,0.0,0.0,0.0,vilvolt_epinal
c3dj7quql9dm2f36ac6g,479.0,,,,,vilvolt_epinal
c3dj7t6ql9dm2f36ac80,479.0,15.0,0.0,0.0,0.0,vilvolt_epinal
c3dj8emql9dm2f36aci0,479.0,15.0,0.0,0.0,0.0,vilvolt_epinal
c3dja3uql9dm2f36adgg,479.0,15.0,0.0,0.8183716075156576,0.0,vilvolt_epinal
c3djdr6ql9dm2f36agng,479.0,15.0,0.0,0.0,0.0,vilvolt_epinal
c3djhd6ql9dm2f36ajhg,479.0,15.0,0.0,0.0,0.0,vilvolt_epinal
c3djkkeql9dm2f36an2g,479.0,25.0,0.0,0.0,0.0,vilvolt_epinal
c3e5tauql9dm2f36jd2g,479.0,15.0,0.35490605427974947,0.0,0.0,vilvolt_epinal
c3e5u2eql9dm2f36jde0,479.0,15.0,0.0,0.0,0.0,vilvolt_epinal
c3e5v4mql9dm2f36jeag,479.0,15.0,0.0,0.48851774530271397,0.0,vilvolt_epinal
c3e5vluql9dm2f36jemg,479.0,15.0,0.0,1.0,0.0,vilvolt_epinal
c3e60u6ql9dm2f36jfp0,479.0,15.0,0.0,0.0,0.0,vilvolt_epinal
c46jbqq512j7l36vg6og,479.0,15.0,0.0,0.0,0.0,vilvolt_epinal
c48f6uhpr2fa2ims57qg,479.0,15.0,0.0,0.0,0.0,vilvolt_epinal
c4970s9pr2fa2imskgqg,479.0,15.0,0.0,0.0,0.0,vilvolt_epinal
c4ouju9e7dttv5n7rgcg,479.0,15.0,0.0,0.0,0.0,vilvolt_epinal
c4ro1dhe7dttv5n9otdg,479.0,15.0,0.0,0.0,0.0,vilvolt_epinal
c506unpe7dttv5ndcipg,479.0,15.0,0.0,0.0,0.0,vilvolt_epinal
c51j1dhe7dttv5negs7g,479.0,15.0,0.0,0.0,0.0,vilvolt_epinal
c51kg01e7dttv5neiaig,479.0,15.0,0.0,0.0,0.0,vilvolt_epinal
c55kp6pe7dttv5nhoah0,479.0,15.0,0.0,0.0,0.0,vilvolt_epinal
c55kpn9e7dttv5nhob60,479.0,15.0,0.0,0.0,0.0,vilvolt_epinal
c55kq29e7dttv5nhobu0,479.0,15.0,0.0,0.9498956158663883,0.0,vilvolt_epinal
c5kjdof2eb8lc3a33th0,479.0,15.0,0.0,0.0,0.0,vilvolt_epinal
c5kjenv2eb8lc3a33ung,479.0,15.0,0.0,0.0,0.0,vilvolt_epinal
c5paopv2eb8jgrc1859g,479.0,15.0,0.0,0.0,0.0,vilvolt_epinal
c6flgnapleg0nc4h9qig,479.0,15.0,0.0,0.0,0.0,vilvolt_epinal
c8b08v7ui9nq2a61vqc0,479.0,15.0,0.0,0.0,0.0,vilvolt_epinal
c8b0atfui9nq2a61vsa0,479.0,15.0,0.0,0.0,0.0,vilvolt_epinal
ca167i3m76ja791b1gj0,479.0,15.0,0.0,0.0,0.0,vilvolt_epinal
ca3jfhrm76jchmafs2sg,479.0,15.0,0.0,0.0,0.0,vilvolt_epinal
cb1ukl6ojfqttm90tm6g,479.0,15.0,0.0,0.0,0.0,vilvolt_epinal
cj3rglb0nhco6k0c31kg,479.0,15.0,0.0,0.0,0.0,vilvolt_epinal
cj3rglj0nhco6k0c3210,479.0,15.0,0.0,0.9311064718162839,0.0,vilvolt_epinal
cj3rglj0nhco6k0c32dg,479.0,15.0,0.0,0.0,0.0,vilvolt_epinal
cj3rglj0nhco6k0c32p0,479.0,15.0,0.0,0.9582463465553236,0.0,vilvolt_epinal
cj3rglr0nhco6k0c3360,479.0,15.0,0.0,0.0,0.0,vilvolt_epinal
cj3rglr0nhco6k0c33j0,479.0,15.0,0.0,0.0,0.0,vilvolt_epinal
cj3rglr0nhco6k0c33o0,479.0,15.0,0.0,0.0,0.0,vilvolt_epinal
cj3rgm30nhco6k0c33u0,479.0,15.0,0.0,0.0,0.0,vilvolt_epinal
cj3rgm30nhco6k0c343g,479.0,15.0,0.0,0.0,0.0,vilvolt_epinal
cj3rgm30nhco6k0c34dg,479.0,15.0,0.0,0.0,0.0,vilvolt_epinal
cj3rgmb0nhco6k0c353g,479.0,15.0,0.0,0.0,0.0,vilvolt_epinal
cj3rgmj0nhco6k0c35pg,479.0,15.0,0.0,0.0,0.0,vilvolt_epinal
cjagv6j0nhco6k2akgeg,479.0,15.0,0.0,0.0,0.0,vilvolt_epinal
ckmk9vs14g8bglcmm5d0,479.0,15.0,0.0,0.0,0.0,vilvolt_epinal
ckmkb9s14g8bglcmrun0,479.0,15.0,0.0,0.0,0.0,vilvolt_epinal
ckmkcmk14g8bglcn3gpg,479.0,15.0,0.0,0.0,0.0,vilvolt_epinal
ckmkdgc14g8bglcn8ch0,479.0,15.0,0.0,0.0,0.0,vilvolt_epinal
ckmkedk14g8bglcndb20,479.0,15.0,0.0,0.0,0.0,vilvolt_epinal
ckmkf9s14g8bglcnhne0,479.0,15.0,0.0,0.0,0.0,vilvolt_epinal
ckmkfo414g8bglcnjhbg,479.0,15.0,0.016701461377870562,0.0,0.0,vilvolt_epinal
ckmkgdk14g8bglcnmt1g,479.0,15.0,0.0,0.0,0.0,vilvolt_epinal
ckmkh0s14g8bglcnqacg,479.0,15.0,0.9311064718162839,0.0,0.0,vilvolt_epinal
ckmkhns14g8bglcnto7g,479.0,15.0,0.0,0.0,0.0,vilvolt_epinal
ckmkias14g8bglco156g,479.0,15.0,0.0,0.0,0.0,vilvolt_epinal
ckmkj1k14g8bglco4fd0,479.0,,,,,vilvolt_epinal
ckmkjjs14g8bglco726g,479.0,15.0,0.0,0.0,0.0,vilvolt_epinal
ckmkk9s14g8bglcoailg,479.0,15.0,0.9979123173277662,0.0,0.0,vilvolt_epinal
ckmkktk14g8bglcodeu0,479.0,15.0,0.0,0.0,0.0,vilvolt_epinal
ckmklg414g8bglcogetg,479.0,15.0,0.0,0.0,0.0,vilvolt_epinal
ckmknbc14g8bglcoove0,479.0,15.0,0.0,0.0,0.0,vilvolt_epinal
ckmkuoc14g8bglcptdb0,479.0,15.0,0.0,0.0,0.0,vilvolt_epinal
ckmkvdc14g8bglcq0j2g,479.0,15.0,0.0,0.0,0.0,vilvolt_epinal
ckml01c14g8bglcq47cg,479.0,15.0,0.0,0.008350730688935281,0.0,vilvolt_epinal
ckml0h414g8bglcq71h0,479.0,15.0,0.0,0.0,0.0,vilvolt_epinal
ckml2ds14g8bglcqh5og,479.0,15.0,0.0,0.0,0.0,vilvolt_epinal
cle6np4cjsjn0conscj0,479.0,15.0,0.0,0.0,0.0,vilvolt_epinal
cle719kcjsjn0coovpag,479.0,15.0,0.0,0.0,0.0,vilvolt_epinal
cle725scjsjn0cop38gg,479.0,15.0,0.0,0.0,0.0,vilvolt_epinal
clgc6tkcjsjlaloi7cvg,479.0,15.0,0.0,0.0,0.0,vilvolt_epinal
cq36fevnqauetf6fu6m0,479.0,15.0,0.0,0.0,0.0,vilvolt_epinal
cr8s0apaqnhnbv2opobg,479.0,15.0,0.0,0.0,0.0,vilvolt_epinal
st_cvh7uks3evd9chpie7i0,479.0,15.0,0.0,0.0,0.0,vilvolt_epinal
st_d1lpt8a2iilll6d333ag,479.0,10.0,0.0,0.0,0.0,vilvolt_epinal
st_d1r04fq2iilll6d8gcrg,479.0,10.0,0.0,0.0,0.0,vilvolt_epinal
st_d1vo16gavn8bv05t16l0,479.0,15.0,0.0,0.0,0.0,vilvolt_epinal
st_d1vo4pgavn85131ahea0,479.0,15.0,0.0,0.0,0.0,vilvolt_epinal
st_d1vo70m7b8vlci4p41cg,479.0,15.0,0.0,0.0,0.0,vilvolt_epinal
st_d1vp2vgu8pkb6deur7ig,479.0,15.0,0.0,0.0,0.0,vilvolt_epinal
st_d1vp44gu8pkb6deur90g,479.0,15.0,0.0,0.0,0.0,vilvolt_epinal
st_d1vp628u8pk3krb1v19g,479.0,15.0,0.0,0.0,0.0,vilvolt_epinal
st_d1vp7bgu8pk3krb1v2mg,479.0,15.0,0.0,0.0,0.0,vilvolt_epinal
st_d2i89s8dopaf4u55htpg,479.0,15.0,0.0,0.0,0.0,vilvolt_epinal
st_d2i8bo8v6qg93dgpvls0,479.0,15.0,0.0,0.0,0.0,vilvolt_epinal
st_d2i8ddov6qg93dgpvof0,479.0,15.0,0.0,1.0,0.0,vilvolt_epinal
st_d2isd53i06ls2jftjuig,479.0,15.0,0.0,0.0,0.0,vilvolt_epinal
st_d2isdsji06ls2jftjvo0,479.0,15.0,0.0,0.0,0.0,vilvolt_epinal
st_d2isesbi06ls2jftk190,479.0,15.0,0.0,0.0,0.0,vilvolt_epinal
st_d2isfqji06ls2jftk45g,479.0,15.0,0.0,0.0,0.0,vilvolt_epinal
st_d2ismhri06ls2jftkdig,479.0,15.0,0.0,0.0,0.0,vilvolt_epinal
st_d2isss3i06lsh9fdb8p0,479.0,15.0,0.0,0.0,0.0,vilvolt_epinal
st_d3999jmmbtds73cloiig,479.0,15.0,0.0,0.0,0.0,vilvolt_epinal
st_d399buumbtds739qf480,479.0,30.0,0.0,0.0,0.0,vilvolt_epinal
st_d399coembtds739qf4tg,479.0,15.0,0.0,0.0,0.0,vilvolt_epinal
st_d399ou6mbtds739qfo0g,479.0,30.0,0.0,0.0,0.0,vilvolt_epinal
st_d399pi6mbtds739qfp7g,479.0,30.0,0.0,0.0,0.0,vilvolt_epinal
st_d399qbumbtds73clpcsg,479.0,15.0,0.0,0.0,0.0,vilvolt_epinal
st_d399sommbtds73clpf80,479.0,30.0,0.0,0.0,0.0,vilvolt_epinal
st_d4o079tbiu5c73b3lo50,479.0,15.0,0.0,0.006263048016701462,0.0,vilvolt_epinal
st_d61kqc2le0uc73fupgpg,479.0,15.0,0.0,0.0,0.0,vilvolt_epinal
st_d67kfth5uirc7388hbo0,479.0,15.0,0.0,0.0,0.0,vilvolt_epinal
stn_359Ru7wNRJivQauAxCRYmQ,528.0,20.0,0.0,0.0,0.0,zebullo
stn_4U8c4ND242889TBsG56coW,528.0,30.0,0.0,0.10795454545454546,0.0,zebullo
stn_4qTczhHNCUHcisAJbTqqTB,528.0,8.0,0.0,0.0,0.0,zebullo
stn_5QFpUDtXcrQiEDtuMHjFpJ,528.0,10.0,0.0,0.0,0.0,zebullo
stn_5XudS8MCmYz4D7SCuEbhfj,528.0,10.0,0.0,0.06439393939393939,0.0,zebullo
stn_7XwL3nRVUW9pGoBSt4JCF5,528.0,8.0,0.0,0.0,0.0,zebullo
stn_86VuTwczcMYKAQKaKANJAV,528.0,10.0,0.0,0.26136363636363635,0.0,zebullo
stn_8eDZvCMzEhapPKnGezzx3V,528.0,4.0,0.0,1.0,0.0,zebullo
stn_8ng9yTJ7xf57YXgPTaho6k,528.0,10.0,0.0,0.9071969696969697,0.0,zebullo
stn_AF3xAEKnA8c9ijRjg6Nw73,528.0,4.0,0.0,0.23295454545454544,0.0,zebullo
stn_B3Jaufc7ekdJCaGwX3Vwmn,528.0,8.0,0.0,0.0,0.0,zebullo
stn_BAsFo5RR5jKFWCZaDmNfMZ,528.0,10.0,0.0,0.0,0.0,zebullo
stn_BaC3GGXGoYWyoHYLcowcib,528.0,4.0,0.0,0.2840909090909091,0.0,zebullo
stn_BmUb4yy4P3ihfLr5GfDviQ,528.0,10.0,0.0,0.017045454545454544,0.0,zebullo
stn_Bswwf8ePwmzdsFtjNvV4HM,528.0,10.0,0.0,0.0,0.0,zebullo
stn_CHjjtr4QgLpQGSYiBoTKoo,528.0,10.0,0.0,1.0,0.0,zebullo
stn_DTAgAVWqPKoAuURQrBYJhU,528.0,10.0,0.0,0.0,0.0,zebullo
stn_E9J2GsUrWatAHHSzSwJC2x,528.0,10.0,0.0,0.0,0.0,zebullo
stn_EUzQkJXNtSgETYMQ9o2EvD,528.0,8.0,0.0,1.0,0.0,zebullo
stn_FknRGcFGQur5qxXqdsLAAh,528.0,10.0,0.0,0.0,0.0,zebullo
stn_G5eFDd3KvJNWCXzvtt24Mu,528.0,16.0,0.0,0.0,0.0,zebullo
stn_Gcywbvi4XzKaHUfpShUEnW,528.0,8.0,0.0,0.0,0.0,zebullo
stn_HkSt4hCCUyvYVVxF9Cunoz,528.0,12.0,0.0,0.0,0.0,zebullo
stn_Jh5AaPm3uvU3BH8pPxHWyN,528.0,10.0,0.0,0.0,0.0,zebullo
stn_MNfExJLCsmKhZ3eKYHZiuE,528.0,20.0,0.0,0.0,0.0,zebullo
stn_PMvzWzw3Ajo9ACHVrKZXSu,528.0,10.0,0.0,0.017045454545454544,0.0,zebullo
stn_RHVgyWn98R6qaheA5ZgVYz,528.0,10.0,0.0,0.0,0.0,zebullo
stn_RccEo2kiPhJeC8Zk4P6ar4,528.0,10.0,0.0,0.0,0.0,zebullo
stn_Rh6VJnyp2UBSZC2SgXGpoT,528.0,12.0,0.0,0.0,0.0,zebullo
stn_SGvV4LKWsGchJvrXYo7QNi,528.0,10.0,0.0,0.0,0.0,zebullo
stn_TUUfvgU7hjvxbdVcmeYFXJ,528.0,10.0,0.0,0.0,0.0,zebullo
stn_U9xcptDQQUKr6pZTekcRkr,528.0,5.0,0.0,0.990530303030303,0.0,zebullo
stn_VrvGS5wgqyeo6LzzwPFDnp,528.0,10.0,0.0,0.0,0.0,zebullo
stn_W3vHR3uEbubv39Cw8bYtC6,528.0,10.0,0.0,1.0,0.0,zebullo
stn_Wj2oPcrcLugpT8J7GPeB5Z,528.0,10.0,0.0,0.0,0.0,zebullo
stn_Xr9y3k8odE5Dt3yNXuspjq,528.0,10.0,0.0,1.0,0.0,zebullo
stn_YqWfYLzVZPrfwHoCbc64Td,528.0,6.0,0.0,0.0,0.0,zebullo
stn_ZPQi9pebDjZYLFtxwVAeFn,528.0,10.0,0.0,0.00946969696969697,0.0,zebullo
stn_ZSG7esutShqZwRcRGqSr4o,528.0,12.0,0.0,0.0,0.0,zebullo
stn_anyz2t6LNz9HCSCDxhsneU,528.0,5.0,0.0,0.00946969696969697,0.0,zebullo
stn_bGFP3HHsQPUaEZowwHfJTX,528.0,8.0,0.0,0.9734848484848485,0.0,zebullo
stn_c7MzzG2YbFFsAH4TbvwRGU,528.0,10.0,0.0,0.0,0.0,zebullo
stn_dPEZZ8LN4SVHDDg8JXKyVW,528.0,10.0,0.0,0.0,0.0,zebullo
stn_e3kSaXFqYg89beH8wRE5s2,528.0,30.0,0.0,0.0,0.0,zebullo
stn_eZDwbazC93UQF5nxcrwoHL,528.0,10.0,0.0,0.0,0.0,zebullo
stn_f2gL3bgz4QGEvez9JvTdUR,528.0,10.0,0.0,0.0,0.0,zebullo
stn_fS3s4nDtBz5FzL2amTLNM6,528.0,10.0,0.0,0.0,0.0,zebullo
stn_fobDYytLPSwNXnMBRTQuWd,528.0,10.0,0.0,1.0,0.0,zebullo
stn_gFDugsu9wS9yz8pyUhPusa,528.0,16.0,0.0,0.0,0.0,zebullo
stn_gg6cGZzQShDmmv94fpUjSA,528.0,10.0,0.0,0.0,0.0,zebullo
stn_hK87NcuNGCTDsKBTkarcmn,528.0,6.0,0.0,0.0,0.0,zebullo
stn_ifnaBUMx3fCAcyiqdRncw9,528.0,10.0,0.0,0.0,0.0,zebullo
stn_j9ymeEuSMo59WZwGP8bxwe,528.0,10.0,0.0,0.0,0.0,zebullo
stn_kFK8JufX3SbpBGYXASH4eQ,528.0,3.0,0.0,0.0,0.0,zebullo
stn_kVvKfKparMnmxeRUn7AXVE,528.0,10.0,0.0,0.990530303030303,0.0,zebullo
stn_kdnjtWT9FfRqqCfKqf2UXE,528.0,16.0,0.0,0.0,0.0,zebullo
stn_ko57qyVAw5bwexnZM8rpVD,528.0,10.0,0.0,0.0,0.0,zebullo
stn_mdUWtFgAo6o3LYTWN5JJrX,528.0,10.0,0.0,0.9450757575757576,0.0,zebullo
stn_mdhoxKzERi7u7PFn9PMPbt,528.0,8.0,0.0,0.0,0.0,zebullo
stn_oAwBgmcoWancrtJ5tE3maX,528.0,10.0,0.0,0.6875,0.0,zebullo
stn_w4pyQWnGY6n5D9qangEX5R,528.0,6.0,0.0,0.9621212121212122,0.0,zebullo
stn_zGZ5Fcjtwee4HTo6EBMmBF,528.0,22.0,0.0,0.0,0.0,zebullo
stn_zmiJ6izCt9yyjKQskFmSiW,528.0,36.0,0.0,0.0,0.0,zebullo
