Modèle,R² CV,MAE CV (log)
Gradient Boosting,0.7871040009822223,0.42759263614974463
Random Forest,0.764409418195364,0.4539435774822283
Gravitaire log-linéaire,0.6980246178500532,0.5167214631991071
