variable,n,rho,pvalue,sig,bs_ci_low,bs_ci_high,bs_ci_width,sign_stable
Infra cyclable /km²,45,0.5443525810786014,0.00011086739072884404,***,0.28870330201274813,0.7419670755174208,0.4532637735046727,True
Part diplômés sup.,62,0.530023324642619,9.409619837962674e-06,***,0.31631414154320897,0.6987063307827789,0.3823921892395699,True
Part cadres,62,0.5197130121604847,1.4993584784371475e-05,***,0.28696317665136023,0.6927943503436942,0.40583117369233396,True
Score FUB 2023,34,0.47278301278859153,0.004748469755791025,**,0.10423345650460016,0.7702045249083831,0.665971068403783,True
Part sans voiture,62,0.435965867378862,0.00039725506193951125,***,0.2116473758654891,0.6297753538618093,0.4181279779963202,True
Part vélo domicile-travail,62,0.4289973791648457,0.0005032023964131286,***,0.191839434443425,0.6209230368860562,0.4290836024426312,True
Revenu médian UC,62,0.2951655895855459,0.0198596423261734,*,0.03775956741410464,0.5260147009552347,0.4882551335411301,True
Taux de pauvreté,62,-0.1720368857771418,0.18120791794707616,,-0.4209326300387376,0.09994636501066889,0.5208789950494065,False
Taux de chômage,62,-0.26983586024771467,0.033924716701321744,*,-0.5135272683303737,0.009212023033679136,0.5227392913640528,False
