country,name,system_id,stations,reachable,vehicle_form_factors,a1_cars,a2_placeholder,a3_overcap_ratio,a3_overcap_flag,a4_out_of_perim,a4_outliers,a5_macro_bbox_km2,a5_macro_flag,a6_zero_capacity_pct,capacity_nan_pct,any_anomaly,root_url
AT,Dott Dornbirn,dott-dornbirn,3,True,scooter,False,False,,False,0,0,11.8,False,0.0,100.0,False,https://gbfs.api.ridedott.com/public/v2/dornbirn/gbfs.json
AE,Dott Ras Al Khaimah,dott-ras-al-khaimah,31,True,"bicycle,scooter",False,False,,False,0,0,413.7,False,0.0,100.0,False,https://gbfs.api.ridedott.com/public/v2/ras-al-khaimah/gbfs.json
AT,Dott Bregenz,dott-bregenz,98,True,scooter,False,False,,False,0,2,142.7,False,0.0,100.0,False,https://gbfs.api.ridedott.com/public/v2/bregenz/gbfs.json
AE,Dott Dubai Hills,dott-dubai-hills,7,True,"bicycle,scooter",False,False,,False,0,0,1.1,False,0.0,100.0,False,https://gbfs.api.ridedott.com/public/v2/dubai-hills/gbfs.json
AT,Dott Baden bei Wien,dott-baden-bei-wien,47,True,scooter,False,False,,False,0,1,28.0,False,0.0,100.0,False,https://gbfs.api.ridedott.com/public/v2/baden-bei-wien/gbfs.json
AE,Dott Sharjah,dott-sharjah,38,True,"bicycle,scooter",False,False,,False,0,1,3.7,False,0.0,100.0,False,https://gbfs.api.ridedott.com/public/v2/sharjah/gbfs.json
AT,Dott Feldkirchen bei Graz,dott-feldkirchen-bei-graz,25,True,scooter,False,False,,False,0,0,19.3,False,0.0,100.0,False,https://gbfs.api.ridedott.com/public/v2/feldkirchen-bei-graz/gbfs.json
AE,Dott Dubai,dott-dubai,342,True,"bicycle,scooter",False,False,,False,0,14,6517.5,False,0.0,100.0,False,https://gbfs.api.ridedott.com/public/v2/dubai/gbfs.json
AE,Yaldi,511,0,True,,,,,,,,,,,,,https://yaldi.rideatom.com/gbfs/511/v3.0/gbfs
AE,Dott Abu Dhabi,dott-abu-dhabi,1433,True,scooter,False,False,,False,0,72,5534.7,False,0.0,100.0,False,https://gbfs.api.ridedott.com/public/v2/abu-dhabi/gbfs.json
AT,Dott Saint Anton am Arlberg,dott-sankt-anton-am-arlberg,0,False,,,,,,,,,,,,,https://gbfs.api.ridedott.com/public/v2/sankt-anton-am-arlberg/gbfs.json
AT,Dott Klopein,dott-klopein,0,False,,,,,,,,,,,,,https://gbfs.api.ridedott.com/public/v2/klopein/gbfs.json
AT,city bike Linz,nextbike_al,50,True,"bicycle,cargo_bicycle",True,False,1.02,False,0,2,22.9,False,0.0,2.0,True,https://gbfs.nextbike.net/maps/gbfs/v2/nextbike_al/gbfs.json
AT,Dott Velden-Am-Worthersee,dott-velden-am-worthersee,0,False,,,,,,,,,,,,,https://gbfs.api.ridedott.com/public/v2/velden-am-worthersee/gbfs.json
AT,Dott Klagenfurt,dott-klagenfurt,46,True,scooter,False,False,,False,0,0,48.2,False,0.0,100.0,False,https://gbfs.api.ridedott.com/public/v2/klagenfurt/gbfs.json
AT,Dott Serfaus,dott-serfaus,0,False,,,,,,,,,,,,,https://gbfs.api.ridedott.com/public/v2/serfaus/gbfs.json
AT,Dott Innsbruck,dott-innsbruck,56,True,scooter,False,False,,False,0,3,71.0,False,0.0,100.0,False,https://gbfs.api.ridedott.com/public/v2/innsbruck/gbfs.json
AT,Dott Villach,dott-villach,0,True,,,,,,,,,,,,,https://gbfs.api.ridedott.com/public/v2/villach/gbfs.json
AT,Dott Mödling,dott-modling,68,True,scooter,False,False,,False,0,4,1172.6,False,0.0,100.0,False,https://gbfs.api.ridedott.com/public/v2/modling/gbfs.json
AT,Dott Korneuburg,dott-korneuburg,43,True,scooter,False,False,,False,0,0,13.2,False,0.0,100.0,False,https://gbfs.api.ridedott.com/public/v2/korneuburg/gbfs.json
AT,Dott Linz,dott-linz,153,True,scooter,False,False,,False,0,4,25.1,False,0.0,100.0,False,https://gbfs.api.ridedott.com/public/v2/linz/gbfs.json
AT,Dott Leoben,dott-leoben,46,True,"bicycle,scooter",False,False,,False,0,1,2.8,False,0.0,100.0,False,https://gbfs.api.ridedott.com/public/v2/leoben/gbfs.json
AT,Dott Steyr,dott-steyr,16,True,scooter,False,False,,False,0,0,7.2,False,0.0,100.0,False,https://gbfs.api.ridedott.com/public/v2/steyr/gbfs.json
AT,Dott Wels,dott-wels,47,True,scooter,False,False,,False,0,2,64.8,False,0.0,100.0,False,https://gbfs.api.ridedott.com/public/v2/wels/gbfs.json
AT,EVENTbike - Austria,nextbike_eq,21,True,bicycle,False,False,,False,0,0,835.7,False,0.0,100.0,False,https://gbfs.nextbike.net/maps/gbfs/v2/nextbike_eq/gbfs.json
AT,nextbike Niederösterreich,nextbike_la,244,True,"bicycle,cargo_bicycle",True,True,24.4,True,0,2,24859.6,False,0.0,95.9,True,https://gbfs.nextbike.net/maps/gbfs/v2/nextbike_la/gbfs.json
AT,Stadtrad Innsbruck Austria,nextbike_si,55,True,"bicycle,cargo_bicycle",True,False,1.0,False,0,1,34.5,False,0.0,0.0,True,https://gbfs.nextbike.net/maps/gbfs/v2/nextbike_si/gbfs.json
AT,nextbike Klagenfurt Austria,nextbike_ka,50,True,"bicycle,cargo_bicycle",True,False,1.0,False,0,3,243.5,False,0.0,0.0,True,https://gbfs.nextbike.net/maps/gbfs/v2/nextbike_ka/gbfs.json
AT,Getaround Innsbruck,getaround_innsbruck,0,True,,,,,,,,,,,,,https://getaround.com/gbfs/v3/innsbruck/gbfs
BA,Zenica,nextbike_bz,15,True,bicycle,False,False,1.071,False,0,0,5.1,False,0.0,6.67,False,https://gbfs.nextbike.net/maps/gbfs/v2/nextbike_bz/gbfs.json
AT,Getaround Graz,getaround_graz,0,True,,,,,,,,,,,,,https://getaround.com/gbfs/v3/graz/gbfs
AT,VVT REGIORAD Tirol,nextbike_vt,21,True,"bicycle,cargo_bicycle",True,False,1.0,False,0,0,10.6,False,0.0,0.0,True,https://gbfs.nextbike.net/maps/gbfs/v2/nextbike_vt/gbfs.json
BA,BL bike,nextbike_bj,5,True,bicycle,False,False,1.0,False,0,0,4.6,False,0.0,0.0,False,https://gbfs.nextbike.net/maps/gbfs/v2/nextbike_bj/gbfs.json
BA,nextbike BIH,nextbike_ba,38,True,bicycle,False,False,,False,0,0,8782.8,False,0.0,100.0,False,https://gbfs.nextbike.net/maps/gbfs/v2/nextbike_ba/gbfs.json
AT,WienMobil Rad,nextbike_wr,258,True,bicycle,False,False,1.316,False,0,1,496.4,False,0.0,24.03,False,https://gbfs.nextbike.net/maps/gbfs/v2/nextbike_wr/gbfs.json
BE,Donkey Republic Kortrijk & Leiedal,donkey_kortrijk_leiedal,0,True,,,,,,,,,,,,,https://stables.donkey.bike/api/public/gbfs/3.0/donkey_kortrijk_leiedal/gbfs
BE,Donkey Republic Westhoek,donkey_westhoek,55,True,bicycle,False,False,1.0,False,0,0,160.5,False,0.0,0.0,False,https://stables.donkey.bike/api/public/gbfs/3.0/donkey_westhoek/gbfs.json
AR,MiBiciTuBici,biketobike,99,True,,,False,1.021,False,0,0,148.0,False,2.02,0.0,False,https://www.mibicitubici.gob.ar/opendata/gbfs.json
BE,Blue-bike,bluebike,274,True,bicycle,False,False,1.007,False,0,3,60553.5,True,0.73,0.0,True,https://api.delijn.be/gbfs/gbfs.json
BE,Donkey Republic Antwerp,donkey_antwerp,859,True,bicycle,False,False,1.0,False,0,22,12357.3,False,0.0,0.0,False,https://stables.donkey.bike/api/public/gbfs/3.0/donkey_antwerp/gbfs.json
BE,Donkey Republic Ghent,donkey_gh,600,True,bicycle,False,False,1.002,False,0,9,155.5,False,0.17,0.0,False,https://stables.donkey.bike/api/public/gbfs/3.0/donkey_gh/gbfs.json
AT,Bird Wiener Neustadt,bird-wiener neustadt,0,True,,,,,,,,,,,,,https://mds.bird.co/gbfs/v2/public/wienerneustadt/gbfs.json
BE,Getaround Antwerpen,getaround_antwerpen,0,True,,,,,,,,,,,,,https://getaround.com/gbfs/v3/antwerpen/gbfs
BE,Felyx Brussels,cooltra_brussels,0,True,,,,,,,,,,,,,https://maas.zeus.cooltra.com/gbfs/brussels/3.0/en/gbfs.json
BE,Felyx Antwerp,cooltra_antwerp,0,True,,,,,,,,,,,,,https://maas.zeus.cooltra.com/gbfs/antwerp/3.0/en/gbfs.json
AR,Bike Nordelta,bike_nordelta,21,True,"bicycle,scooter_standing",False,False,1.0,False,0,0,26.4,False,0.0,0.0,False,https://nordelta.publicbikesystem.net/customer/gbfs/v3.0/gbfs.json
BE,Getaround Aalst,getaround_aalst,0,True,,,,,,,,,,,,,https://getaround.com/gbfs/v3/aalst/gbfs
BE,Getaround Beaumont,getaround_beaumont,0,True,,,,,,,,,,,,,https://getaround.com/gbfs/v3/beaumont/gbfs
BE,Bolt Technology OÜ,BoltEU_Brussels,2580,True,"bicycle,scooter_standing",False,False,88.966,True,0,0,345.7,False,0.0,98.88,True,https://mds.bolt.eu/gbfs/3/336/gbfs
BE,Bird Antwerp,bird-antwerp,0,True,,,,,,,,,,,,,https://mds.bird.co/gbfs/v2/public/antwerp/gbfs.json
AE,Careem BIKE,careem_bike,225,True,"bicycle,scooter_standing",False,False,1.027,False,6,13,12226.9,False,2.67,0.0,True,https://careem.publicbikesystem.net/customer/gbfs/v3.0/gbfs.json
BE,Getaround Charleroi,getaround_charleroi,0,True,,,,,,,,,,,,,https://getaround.com/gbfs/v3/charleroi/gbfs
BE,Getaround Leuven,getaround_leuven,0,True,,,,,,,,,,,,,https://getaround.com/gbfs/v3/leuven/gbfs
BE,Getaround Hove,getaround_hove,0,True,,,,,,,,,,,,,https://getaround.com/gbfs/v3/hove/gbfs
BE,Getaround Essen,getaround_essen,0,True,,,,,,,,,,,,,https://getaround.com/gbfs/v3/essen/gbfs
BE,Getaround Gent,getaround_gent,0,True,,,,,,,,,,,,,https://getaround.com/gbfs/v3/gent/gbfs
BE,Getaround Lille,getaround_lille,0,True,,,,,,,,,,,,,https://getaround.com/gbfs/v3/lille/gbfs
BE,Getaround Mechelen,getaround_mechelen,0,True,,,,,,,,,,,,,https://getaround.com/gbfs/v3/mechelen/gbfs
BE,Getaround Seraing,getaround_seraing,0,True,,,,,,,,,,,,,https://getaround.com/gbfs/v3/seraing/gbfs
BE,nextbike BE Vlaamse Rand,nextbike_hf,53,True,bicycle,False,False,,False,0,0,2315.2,False,0.0,100.0,False,https://gbfs.nextbike.net/maps/gbfs/v2/nextbike_hf/gbfs.json
BE,Getaround Waterloo,getaround_waterloo,0,True,,,,,,,,,,,,,https://getaround.com/gbfs/v3/waterloo/gbfs
BE,Pony Charleroi,pony_Charleroi,0,False,,,,,,,,,,,,,https://gbfs.getapony.com/v1/charleroi/en/gbfs.json?key=AIzaSyBMkR2fCYvZZC22Ls5A5wJQRwDERao07Nc
BE,Pony Liège,pony_liège,0,False,,,,,,,,,,,,,https://gbfs.getapony.com/v1/liege/en/gbfs.json?key=AIzaSyBMkR2fCYvZZC22Ls5A5wJQRwDERao07Nc
BE,Pony Brussels,pony_brussels,0,False,,,,,,,,,,,,,https://gbfs.getapony.com/v1/brussels/en/gbfs.json?key=AIzaSyBMkR2fCYvZZC22Ls5A5wJQRwDERao07Nc
BE,Li Bia Velo,namur,27,True,bicycle,False,False,1.0,False,0,0,15.9,False,0.0,0.0,False,https://api.cyclocity.fr/contracts/namur/gbfs/v3/gbfs.json
AR,Ecobici,bike_buenosaires,392,True,"bicycle,scooter_standing",False,False,1.0,False,0,0,308.8,False,0.0,0.0,False,https://buenosaires.publicbikesystem.net/customer/gbfs/v3.0/gbfs.json
BE,VOI Antwerp,voi_Antwerp,2805,True,"bicycle,scooter",False,False,87.656,True,0,164,1480.3,False,0.0,98.86,True,https://api.voiapp.io/gbfs/be/7a4cb689-a2ee-409d-a5fe-49d2e8d50717/v2/gbfs.json
BE,Velo Antwerpen,cc_smartbike_antwerp,322,True,,,False,1.003,False,0,2,178.1,False,0.31,0.0,False,https://gbfs.smartbike.com/antwerp/1.0/gbfs.json
BE,Villo,bruxelles,349,True,bicycle,False,False,1.003,False,0,0,261.4,False,0.29,0.0,False,https://api.cyclocity.fr/contracts/bruxelles/gbfs/v3/gbfs.json
BE,Lime Antwerp,lime_antwerp,1,True,"bicycle,scooter",False,False,,False,0,0,0.0,False,0.0,100.0,False,https://data.lime.bike/api/partners/v2/gbfs/antwerp/gbfs.json
BE,Lime Brussels,lime_brussels,1,True,"bicycle,scooter",False,False,,False,0,0,0.0,False,0.0,100.0,False,https://data.lime.bike/api/partners/v2/gbfs/brussels/gbfs.json
CA,Accès Vélo,saguenay_bike,18,True,"bicycle,scooter_standing",False,True,1.0,False,0,1,586.1,False,0.0,0.0,True,https://saguenay.publicbikesystem.net/customer/gbfs/v3.0/gbfs.json
CA,àVélo,avelo_quebec,226,True,"bicycle,scooter_standing",False,False,1.037,False,1,13,399.5,False,3.54,0.0,True,https://quebec.publicbikesystem.net/customer/gbfs/v3.0/gbfs.json
BR,Bike Itaú - Pernambuco,bike_pe,90,True,"bicycle,scooter_standing",False,False,1.0,False,0,3,279.7,False,0.0,0.0,False,https://recife.publicbikesystem.net/customer/gbfs/v3.0/gbfs.json
CA,Bird Calgary,bird-calgary,0,True,,,,,,,,,,,,,https://mds.bird.co/gbfs/v2/public/calgary/gbfs.json
BR,Bike Itaú - Sampa,bike_sampa,240,True,"bicycle,scooter_standing",False,False,1.0,False,0,0,115.9,False,0.0,0.0,False,https://saopaulo.publicbikesystem.net/customer/gbfs/v3.0/gbfs.json
BR,Rivi Bike,rivi_bike,7,True,"bicycle,scooter_standing",False,False,1.0,False,0,0,5.5,False,0.0,0.0,False,https://riviera.publicbikesystem.net/customer/gbfs/v3.0/gbfs.json
BR,Bike Porto Alegre,bike_poa,90,True,"bicycle,scooter_standing",False,False,1.0,False,0,6,143.6,False,0.0,0.0,False,https://portoalegre.publicbikesystem.net/customer/gbfs/v3.0/gbfs.json
CA,Bird Hamilton,bird-hamilton,0,True,,,,,,,,,,,,,https://mds.bird.co/gbfs/v2/public/hamilton/gbfs.json
CA,Bird Edmonton,bird-edmonton,0,True,,,,,,,,,,,,,https://mds.bird.co/gbfs/v2/public/edmonton/gbfs.json
CA,Bird Leduc,bird-leduc,0,True,,,,,,,,,,,,,https://mds.bird.co/gbfs/v2/public/leduc/gbfs.json
CA,Bird Saskatoon,bird-saskatoon,0,True,,,,,,,,,,,,,https://mds.bird.co/gbfs/v2/public/saskatoon/gbfs.json
BR,Bike Brasilia,bike_brasilia,70,True,"bicycle,scooter_standing",False,False,1.0,False,0,0,65.4,False,0.0,0.0,False,https://brasilia.publicbikesystem.net/customer/gbfs/v3.0/gbfs.json
BR,Bike Itaú - Salvador,bike_salvador,74,True,"bicycle,scooter_standing",False,False,1.0,False,0,2,196.1,False,0.0,0.0,False,https://salvador.publicbikesystem.net/customer/gbfs/v3.0/gbfs.json
CA,Bird Vaughan,bird-vaughan,466,True,"bicycle,scooter",False,False,,False,0,0,193.6,False,0.0,100.0,False,https://mds.bird.co/gbfs/v2/public/vaughan/gbfs.json
CA,Bird Halifax,bird-halifax,622,True,"bicycle,scooter",False,False,,False,0,1,374.9,False,0.0,100.0,False,https://mds.bird.co/gbfs/v2/public/halifax/gbfs.json
CA,Bird Ottawa,bird-ottawa,566,True,"bicycle,scooter",False,False,,False,0,1,93.7,False,0.0,100.0,False,https://mds.bird.co/gbfs/v2/public/ottawa/gbfs.json
CA,Lime Calgary,lime_calgary,1,True,"bicycle,scooter",False,False,,False,0,0,0.0,False,0.0,100.0,False,https://data.lime.bike/api/partners/v2/gbfs/calgary/gbfs.json
CA,Bike Share Toronto,bike_share_toronto,1033,True,"bicycle,scooter_standing",False,False,1.0,False,0,34,1328.9,False,0.0,0.0,False,https://toronto.publicbikesystem.net/customer/gbfs/v3.0/gbfs.json
CA,BIXI Montréal,Bixi_MTL,1059,True,,,False,1.001,False,2,28,8218.8,False,0.09,0.0,True,https://gbfs.velobixi.com/gbfs/gbfs.json
CA,Lime Edmonton,lime_edmonton,1,True,"bicycle,scooter",False,False,,False,0,0,0.0,False,0.0,100.0,False,https://data.lime.bike/api/partners/v2/gbfs/edmonton/gbfs.json
CA,LocoMotion Sherbrooke,locomotion_sherbrooke,0,True,,,,,,,,,,,,,https://locomotion.app/api/gbfs/3.0/sherbrooke/gbfs
CA,LocoMotion Montreal,locomotion_montreal,0,True,,,,,,,,,,,,,https://locomotion.app/api/gbfs/3.0/montreal/gbfs
CA,Lime Kelowna,lime_kelowna,1,True,"bicycle,scooter",False,False,,False,0,0,0.0,False,0.0,100.0,False,https://data.lime.bike/api/partners/v2/gbfs/kelowna/gbfs.json
BR,Bike Estácio,curitiba,51,True,"bicycle,scooter_standing",False,False,1.0,False,0,0,79.3,False,0.0,0.0,False,https://curitiba.publicbikesystem.net/customer/gbfs/v3.0/gbfs.json
CA,Lime Ottawa,lime_ottawa,1,True,"bicycle,scooter",False,False,,False,0,0,0.0,False,0.0,100.0,False,https://data.lime.bike/api/partners/v2/gbfs/ottawa/gbfs.json
CA,Lime Vancouver,lime_vancouver_bc,194,True,"bicycle,scooter",False,False,,False,0,3,96.4,False,0.0,100.0,False,https://data.lime.bike/api/partners/v2/gbfs/vancouver_bc/gbfs.json
CA,Neuron Mobility,neuron_ard,0,False,,,,,,,,,,,,,https://mds.neuron-mobility.com/ard/gbfs/2/
CA,Neuron Mobility,neuron_bmt,0,False,,,,,,,,,,,,,https://mds.neuron-mobility.com/bmt/gbfs/2/
CA,Mobi Bike Share,Mobibikes_CA_Vancouver,264,True,bicycle,False,False,1.011,False,0,5,160.1,False,1.14,0.0,False,https://gbfs.kappa.fifteen.eu/gbfs/2.2/mobi/en/gbfs.json
CA,Neuron Mobility,neuron_kcw,0,False,,,,,,,,,,,,,https://mds.neuron-mobility.com/kcw/gbfs/2/
CA,Neuron Mobility,neuron_yyc,0,False,,,,,,,,,,,,,https://mds.neuron-mobility.com/yyc/gbfs/2/
CA,Neuron Mobility,neuron_yeg,0,False,,,,,,,,,,,,,https://mds.neuron-mobility.com/yeg/gbfs/2/
CA,Neuron Mobility,neuron_yql,0,False,,,,,,,,,,,,,https://mds.neuron-mobility.com/yql/gbfs/2/
CA,Neuron Mobility,neuron_yow,0,False,,,,,,,,,,,,,https://mds.neuron-mobility.com/yow/gbfs/2/
CA,Neuron Mobility,neuron_yqf,0,False,,,,,,,,,,,,,https://mds.neuron-mobility.com/yqf/gbfs/2/
CA,Neuron Mobility,neuron_yqr,0,False,,,,,,,,,,,,,https://mds.neuron-mobility.com/yqr/gbfs/2/
BR,Bike Itaú - Rio,bike_rio,404,True,"bicycle,scooter_standing",False,False,1.0,False,0,16,679.5,False,0.0,0.0,False,https://riodejaneiro.publicbikesystem.net/customer/gbfs/v3.0/gbfs.json
CA,Neuron Mobility,neuron_yve,0,False,,,,,,,,,,,,,https://mds.neuron-mobility.com/yve/gbfs/2/
CA,Neuron Oshawa,neuron_yoo,0,False,,,,,,,,,,,,,https://mds.neuron-mobility.com/yoo/gbfs/2/
CA,Neuron Mobility,neuron_yxe,0,False,,,,,,,,,,,,,https://mds.neuron-mobility.com/yxe/gbfs/2/
CA,Lime Mississauga,lime_mississauga,1,True,"bicycle,scooter",False,False,,False,0,0,0.0,False,0.0,100.0,False,https://data.lime.bike/api/partners/v2/gbfs/mississauga/gbfs.json
CH,2EM Car Sharing,zem_ch,1741,True,car,True,False,,False,3,2,91114.3,True,0.0,100.0,True,https://api.mobidata-bw.de/sharing/gbfs/v3/zem_ch/gbfs
CA,PBSC HQ,pbsn,11,True,"bicycle,scooter_standing",False,False,1.222,False,2,0,138263.1,True,18.18,0.0,True,https://pbsn.publicbikesystem.net/customer/gbfs/v3.0/gbfs.json
CH,Bird Basel,bird-basel,0,True,,,,,,,,,,,,,https://mds.bird.co/gbfs/v2/public/basel/gbfs.json
CH,Bird Biel,bird-biel,0,True,,,,,,,,,,,,,https://mds.bird.co/gbfs/v2/public/biel/gbfs.json
CH,Bird Grenchen,bird-grenchen,0,True,,,,,,,,,,,,,https://mds.bird.co/gbfs/v2/public/grenchen/gbfs.json
CH,Bolt Technology OÜ,bolt_basel,2,True,scooter,False,True,1.0,False,0,0,0.0,False,0.0,0.0,True,https://api.mobidata-bw.de/sharing/gbfs/v3/bolt_basel/gbfs
CH,Bolt Technology OÜ,bolt_zurich,54,True,scooter,False,False,18.0,True,0,0,658.8,False,0.0,94.44,True,https://api.mobidata-bw.de/sharing/gbfs/v3/bolt_zurich/gbfs
CH,Car-ship,car_ship,18,True,car,True,False,,False,0,0,139.4,False,0.0,100.0,True,https://api.mobidata-bw.de/sharing/gbfs/v3/car_ship/gbfs
CH,Bird Winterthur,bird-winterthur,0,True,,,,,,,,,,,,,https://mds.bird.co/gbfs/v2/public/winterthur/gbfs.json
CH,carvelo eCargo-Bike Sharing,carvelo2go_ch,315,True,"bicycle,car,cargo_bicycle",True,False,,False,0,0,84846.3,True,0.0,100.0,True,https://api.mobidata-bw.de/sharing/gbfs/v3/carvelo2go_ch/gbfs
CH,Bird Bulle,bird-bulle,0,True,,,,,,,,,,,,,https://mds.bird.co/gbfs/v2/public/bulle/gbfs.json
CH,Bird Uster,bird-uster,0,True,,,,,,,,,,,,,https://mds.bird.co/gbfs/v2/public/uster/gbfs.json
CH,Donkey EPFL - Lausanne,epfl_lausanne,6,True,bicycle,False,True,1.0,False,0,0,0.5,False,0.0,0.0,True,https://stables.donkey.bike/api/public/gbfs/3.0/epfl_lausanne/gbfs.json
CH,Donkey Republic Sion,donkey_sion,0,True,,,,,,,,,,,,,https://stables.donkey.bike/api/public/gbfs/3.0/donkey_sion/gbfs.json
CH,Donkey Republic Kreuzlingen,donkey_kreuzlingen,20,True,"bicycle,cargo_bicycle",True,False,1.0,False,0,0,60.3,False,0.0,0.0,True,https://stables.donkey.bike/api/public/gbfs/3.0/donkey_kreuzlingen/gbfs.json
CH,Donkey Republic Geneva,donkey_ge,621,True,bicycle,False,False,1.0,False,0,18,348.0,False,0.0,0.0,False,https://stables.donkey.bike/api/public/gbfs/3.0/donkey_ge/gbfs.json
CH,Donkey Republic Yverdon-les-Bains,donkey_yverdon-les-bains,82,True,bicycle,False,False,1.0,False,0,1,204.3,False,0.0,0.0,False,https://stables.donkey.bike/api/public/gbfs/3.0/donkey_yverdon-les-bains/gbfs.json
CH,Bird Kloten,bird-kloten,0,True,,,,,,,,,,,,,https://mds.bird.co/gbfs/v2/public/kloten/gbfs.json
CH,Donkey Republic Neuchâtel,donkey_neuchatel,67,True,"bicycle,other",False,False,1.0,False,0,3,606.6,False,0.0,0.0,False,https://stables.donkey.bike/api/public/gbfs/3.0/donkey_neuchatel/gbfs.json
CH,Bird Zurich,bird-zurich,0,True,,,,,,,,,,,,,https://mds.bird.co/gbfs/v2/public/zurich/gbfs.json
CH,Donkey Republic Thun,donkey_thun,41,True,"bicycle,cargo_bicycle",True,False,1.0,False,0,1,46.8,False,0.0,0.0,True,https://stables.donkey.bike/api/public/gbfs/3.0/donkey_thun/gbfs.json
CH,edrive carsharing,edrivecarsharing_ch,78,True,car,True,False,,False,0,2,30643.7,False,0.0,100.0,True,https://api.mobidata-bw.de/sharing/gbfs/v3/edrivecarsharing_ch/gbfs
CH,Bird Schaffhausen,bird-schaffhausen,88,True,"bicycle,scooter",False,False,,False,0,2,63.5,False,0.0,100.0,False,https://mds.bird.co/gbfs/v2/public/schaffhausen/gbfs.json
CH,Lime Basel,lime_basel,0,True,,,,,,,,,,,,,https://api.mobidata-bw.de/sharing/gbfs/v3/lime_basel/gbfs
CH,Lime Uster,lime_uster,0,True,,,,,,,,,,,,,https://api.mobidata-bw.de/sharing/gbfs/v3/lime_uster/gbfs
CH,invia BikeShare,nextbike_ms,54,True,"bicycle,cargo_bicycle",True,False,1.862,False,0,1,483.7,False,0.0,46.3,True,https://gbfs.nextbike.net/maps/gbfs/v2/nextbike_ms/gbfs.json
CH,Lime Wetzikon,lime_wetzikon,0,False,,,,,,,,,,,,,https://gbfs.prod.sharedmobility.ch/v2/gbfs/lime_wetzikon/gbfs
CH,Lime Winterthur,lime_winterthur,0,False,,,,,,,,,,,,,https://gbfs.prod.sharedmobility.ch/v2/gbfs/lime_winterthur/gbfs
CH,Lime Zurich,lime_zurich,0,True,,,,,,,,,,,,,https://api.mobidata-bw.de/sharing/gbfs/v3/lime_zurich/gbfs
CA,Sobi Hamilton,sobi_hamilton,199,True,,,False,,False,0,4,126.1,False,0.0,100.0,False,https://hamilton.socialbicycles.com/opendata/gbfs.json
CH,Mobility,mobility_ch,1691,True,car,True,False,,False,0,5,99326.0,True,0.0,100.0,True,https://api.mobidata-bw.de/sharing/gbfs/v3/mobility_ch/gbfs
CH,MyBuxi,mybuxi_ch,2118,True,car,True,True,1.0,False,0,44,20776.1,False,0.0,0.0,True,https://api.mobidata-bw.de/sharing/gbfs/v3/mybuxi_ch/gbfs
CH,nextbike Switzerland,nextbike_ch,380,True,bicycle,False,False,380.0,True,0,11,2609.6,False,0.0,99.74,True,https://gbfs.nextbike.net/maps/gbfs/v2/nextbike_ch/gbfs.json
CH,PickeBike Aubonne,pickebike_aubonne,14,True,"bicycle,moped",False,False,,False,0,0,49.4,False,0.0,100.0,False,https://api.mobidata-bw.de/sharing/gbfs/v3/pickebike_aubonne/gbfs
CH,PickeBike Basel,pickebike_basel,79,True,"bicycle,moped",False,False,,False,0,4,689.6,False,0.0,100.0,False,https://api.mobidata-bw.de/sharing/gbfs/v3/pickebike_basel/gbfs
CH,Lime Zug,lime_zug,1,True,"bicycle,scooter",False,False,,False,0,0,0.0,False,0.0,100.0,False,https://data.lime.bike/api/partners/v2/gbfs/zug/gbfs.json
CH,PickeBike Fribourg,pickebike_fribourg,32,True,"bicycle,moped",False,False,,False,0,0,1744.9,False,0.0,100.0,False,https://api.mobidata-bw.de/sharing/gbfs/v3/pickebike_fribourg/gbfs
CH,PubliBike,publibike,0,True,,,,,,,,,,,,,https://api.publibike.ch/v1/gbfs/v2/gbfs.json
CH,Lime Opfikon,lime_opfikon,1,True,"bicycle,scooter",False,False,,False,0,0,0.0,False,0.0,100.0,False,https://data.lime.bike/api/partners/v2/gbfs/opfikon/gbfs.json
CH,Sponti-Car,sponti,0,False,,,,,,,,,,,,,https://gbfs.prod.sharedmobility.ch/v2/gbfs/sponti/gbfs
CH,sharedmobility.ch,sharedmobility.ch,12091,True,,,False,2.608,False,3,1,102909.1,True,0.0,61.66,True,https://www.sharedmobility.ch/gbfs.json
CH,Velospot,velospot_ch,1634,True,"bicycle,scooter_standing",False,False,1.0,False,0,0,58518.5,True,0.0,0.0,True,https://api.mobidata-bw.de/sharing/gbfs/v3/velospot_ch/gbfs
CH,Voi Switzerland,voi_ch,771,True,"bicycle,scooter",False,False,85.667,True,0,0,12549.9,False,0.0,98.83,True,https://api.mobidata-bw.de/sharing/gbfs/v3/voi_ch/gbfs
CH,Share Birrer,share_birrer_ch,21,True,"bike,car",True,False,,False,0,2,11144.9,False,0.0,100.0,True,https://www.share-birrer.ch/gbfs/gbfs.json
BE,Dott Kortrijk,dott-kortrijk,66,True,"bicycle,scooter",False,False,,False,66,0,0.0,False,0.0,100.0,True,https://gbfs.api.ridedott.com/public/v2/kortrijk/gbfs.json
CZ,nextbike Benešov,nextbike_co,26,True,bicycle,False,True,1.0,False,0,1,13.1,False,0.0,0.0,True,https://gbfs.nextbike.net/maps/gbfs/v2/nextbike_co/gbfs.json
CH,Dott Basel,dott-basel,34,True,scooter,False,False,,False,0,0,49.3,False,0.0,100.0,False,https://gbfs.api.ridedott.com/public/v2/basel/gbfs.json
CH,Dott Winterthur,dott-winterthur,66,True,"bicycle,scooter",False,False,,False,66,0,0.0,False,0.0,100.0,True,https://gbfs.api.ridedott.com/public/v2/winterthur/gbfs.json
CZ,nextbike Berounsko,nextbike_td,29,True,bicycle,False,False,1.0,False,0,2,128.5,False,0.0,0.0,False,https://gbfs.nextbike.net/maps/gbfs/v2/nextbike_td/gbfs.json
BE,Dott Aalst,dott-aalst,66,True,"bicycle,scooter",False,False,,False,66,0,0.0,False,0.0,100.0,True,https://gbfs.api.ridedott.com/public/v2/aalst/gbfs.json
CY,nextbike Cyprus,nextbike_cy,316,True,"bicycle,scooter",False,False,3.807,False,0,0,11453.2,False,0.0,73.73,False,https://gbfs.nextbike.net/maps/gbfs/v2/nextbike_cy/gbfs.json
BE,Dott Ghent,dott-ghent,3211,True,bicycle,False,False,,False,0,85,211.8,False,0.0,100.0,False,https://gbfs.api.ridedott.com/public/v2/ghent/gbfs.json
CZ,nextbike Český Brod,nextbike_nd,12,True,bicycle,False,False,,False,0,1,16.6,False,0.0,100.0,False,https://gbfs.nextbike.net/maps/gbfs/v2/nextbike_nd/gbfs.json
CZ,nextbike Dvůr Králové,nextbike_tf,27,True,bicycle,False,False,27.0,True,0,1,28.1,False,0.0,96.3,True,https://gbfs.nextbike.net/maps/gbfs/v2/nextbike_tf/gbfs.json
CZ,nextbike Frýdek-Místek,nextbike_ts,127,True,bicycle,False,False,42.333,True,0,7,219.3,False,0.0,97.64,True,https://gbfs.nextbike.net/maps/gbfs/v2/nextbike_ts/gbfs.json
CH,QuickRent,quickrent.ch,86,True,car,True,False,,False,0,3,37551.7,False,0.0,100.0,True,https://quickrent.ch/sbb/api/v1/gbfs
CH,Dott St. Gallen,dott-st.-gallen,131,True,"bicycle,scooter",False,False,,False,0,6,1330.7,False,0.0,100.0,False,https://gbfs.api.ridedott.com/public/v2/st.-gallen/gbfs.json
CZ,nextbike Brno,nextbike_te,297,True,bicycle,False,False,5.824,True,0,20,440.3,False,0.0,82.83,True,https://gbfs.nextbike.net/maps/gbfs/v2/nextbike_te/gbfs.json
CZ,nextbike Česká Třebová,nextbike_nc,26,True,bicycle,False,False,1.0,False,0,1,21.2,False,0.0,0.0,False,https://gbfs.nextbike.net/maps/gbfs/v2/nextbike_nc/gbfs.json
CZ,nextbike Hradec Králové,nextbike_tl,136,True,bicycle,False,False,3.676,False,0,1,1123.2,False,0.0,72.79,False,https://gbfs.nextbike.net/maps/gbfs/v2/nextbike_tl/gbfs.json
CZ,nextbike Kahan,nextbike_oc,0,False,,,,,,,,,,,,,https://gbfs.nextbike.net/maps/gbfs/v2/nextbike_oc/gbfs.json
CZ,nextbike Hodonín,nextbike_nh,45,True,bicycle,False,True,1.406,False,0,1,21.2,False,0.0,28.89,True,https://gbfs.nextbike.net/maps/gbfs/v2/nextbike_nh/gbfs.json
CZ,nextbike Hořice,nextbike_uf,9,True,bicycle,False,False,,False,0,0,2.4,False,0.0,100.0,False,https://gbfs.nextbike.net/maps/gbfs/v2/nextbike_uf/gbfs.json
CZ,nextbike Hranice,nextbike_na,25,True,bicycle,False,False,,False,0,1,29.3,False,0.0,100.0,False,https://gbfs.nextbike.net/maps/gbfs/v2/nextbike_na/gbfs.json
CZ,nextbike Klášterec nad Ohří,nextbike_ko,22,True,bicycle,False,True,1.0,False,0,1,9.2,False,0.0,0.0,True,https://gbfs.nextbike.net/maps/gbfs/v2/nextbike_ko/gbfs.json
CZ,nextbike Kolín,nextbike_ni,41,True,bicycle,False,False,,False,0,2,86.2,False,0.0,100.0,False,https://gbfs.nextbike.net/maps/gbfs/v2/nextbike_ni/gbfs.json
CZ,nextbike Kladno,nextbike_tk,87,True,bicycle,False,False,2.486,False,0,5,149.4,False,0.0,59.77,False,https://gbfs.nextbike.net/maps/gbfs/v2/nextbike_tk/gbfs.json
CZ,nextbike Krnov,nextbike_tw,51,True,bicycle,False,True,8.5,True,0,4,137.0,False,0.0,88.24,True,https://gbfs.nextbike.net/maps/gbfs/v2/nextbike_tw/gbfs.json
CZ,nextbike Kyjov,nextbike_ky,10,True,bicycle,False,True,1.0,False,0,0,3.3,False,0.0,0.0,True,https://gbfs.nextbike.net/maps/gbfs/v2/nextbike_ky/gbfs.json
CZ,nextbike Liberec,nextbike_xa,51,True,bicycle,False,False,1.062,False,0,0,29.1,False,0.0,5.88,False,https://gbfs.nextbike.net/maps/gbfs/v2/nextbike_xa/gbfs.json
CZ,nextbike Jablonec,nextbike_ud,38,True,bicycle,False,True,4.222,False,0,0,17.7,False,0.0,76.32,True,https://gbfs.nextbike.net/maps/gbfs/v2/nextbike_ud/gbfs.json
CZ,nextbike Most,nextbike_uo,0,False,,,,,,,,,,,,,https://gbfs.nextbike.net/maps/gbfs/v2/nextbike_uo/gbfs.json
CZ,nextbike Jičín,nextbike_nt,26,True,bicycle,False,False,,False,0,3,202.0,False,0.0,100.0,False,https://gbfs.nextbike.net/maps/gbfs/v2/nextbike_nt/gbfs.json
CZ,nextbike Lovosice,nextbike_lo,18,True,bicycle,False,True,1.0,False,0,1,16.2,False,0.0,0.0,True,https://gbfs.nextbike.net/maps/gbfs/v2/nextbike_lo/gbfs.json
CZ,nextbike Lipník nad Bečvou,nextbike_lb,11,True,bicycle,False,False,,False,0,0,3.4,False,0.0,100.0,False,https://gbfs.nextbike.net/maps/gbfs/v2/nextbike_lb/gbfs.json
BE,Dott Liege,dott-liege,922,True,"bicycle,scooter",False,False,,False,0,42,166.8,False,0.0,100.0,False,https://gbfs.api.ridedott.com/public/v2/liege/gbfs.json
CZ,nextbike Mladoboleslavsko,nextbike_tq,146,True,bicycle,False,False,4.562,False,0,16,195.3,False,0.0,78.08,False,https://gbfs.nextbike.net/maps/gbfs/v2/nextbike_tq/gbfs.json
CH,Dott Romanshorn,dott-romanshorn,209,True,"bicycle,scooter",False,False,,False,0,2,1018.1,False,0.0,100.0,False,https://gbfs.api.ridedott.com/public/v2/romanshorn/gbfs.json
CZ,nextbike OlbramoviceVotice,nextbike_cu,20,True,bicycle,False,True,1.111,False,0,0,22.6,False,0.0,10.0,True,https://gbfs.nextbike.net/maps/gbfs/v2/nextbike_cu/gbfs.json
CZ,nextbike Otrokovice,nextbike_ot,17,True,bicycle,False,True,1.0,False,0,0,11.6,False,0.0,0.0,True,https://gbfs.nextbike.net/maps/gbfs/v2/nextbike_ot/gbfs.json
CZ,nextbike Ostrava,nextbike_to,437,True,bicycle,False,False,8.569,True,0,3,536.9,False,0.0,88.33,True,https://gbfs.nextbike.net/maps/gbfs/v2/nextbike_to/gbfs.json
CZ,nextbike Moravská Třebová,nextbike_xc,15,True,bicycle,False,True,3.75,False,0,1,17.0,False,0.0,73.33,True,https://gbfs.nextbike.net/maps/gbfs/v2/nextbike_xc/gbfs.json
CZ,nextbike Neratovice,nextbike_ne,17,True,bicycle,False,True,4.25,False,0,0,5.2,False,0.0,76.47,True,https://gbfs.nextbike.net/maps/gbfs/v2/nextbike_ne/gbfs.json
BE,Dott Brussels,dott-brussels,2477,True,"bicycle,scooter",False,False,,False,0,0,345.7,False,0.0,100.0,False,https://gbfs.api.ridedott.com/public/v2/brussels/gbfs.json
CZ,nextbike Písek,nextbike_ty,62,True,bicycle,False,False,31.0,True,0,3,57.6,False,0.0,96.77,True,https://gbfs.nextbike.net/maps/gbfs/v2/nextbike_ty/gbfs.json
CZ,nextbike Olomouc,nextbike_ti,70,True,bicycle,False,False,,False,0,2,65.1,False,0.0,100.0,False,https://gbfs.nextbike.net/maps/gbfs/v2/nextbike_ti/gbfs.json
CZ,nextbike Opava,nextbike_tj,63,True,bicycle,False,True,15.75,True,0,2,75.1,False,0.0,93.65,True,https://gbfs.nextbike.net/maps/gbfs/v2/nextbike_tj/gbfs.json
CZ,nextbike Praha,nextbike_tg,1488,True,bicycle,False,False,1.023,False,0,78,1207.8,False,0.0,2.28,False,https://gbfs.nextbike.net/maps/gbfs/v2/nextbike_tg/gbfs.json
CZ,nextbike Přerov,nextbike_nr,69,True,bicycle,False,False,1.113,False,0,3,149.6,False,0.0,10.14,False,https://gbfs.nextbike.net/maps/gbfs/v2/nextbike_nr/gbfs.json
CZ,nextbike Roudnice nad Labem,nextbike_rl,17,True,bicycle,False,True,1.0,False,0,0,4.1,False,0.0,0.0,True,https://gbfs.nextbike.net/maps/gbfs/v2/nextbike_rl/gbfs.json
CZ,nextbike Rychnovsko,nextbike_tx,18,True,bicycle,False,False,18.0,True,0,1,53.2,False,0.0,94.44,True,https://gbfs.nextbike.net/maps/gbfs/v2/nextbike_tx/gbfs.json
CZ,nextbike Trutnov,nextbike_xb,36,True,bicycle,False,True,4.0,False,0,0,68.2,False,0.0,75.0,True,https://gbfs.nextbike.net/maps/gbfs/v2/nextbike_xb/gbfs.json
CZ,nextbike Pelhřimov,nextbike_cq,27,True,bicycle,False,True,9.0,True,0,1,20.5,False,0.0,88.89,True,https://gbfs.nextbike.net/maps/gbfs/v2/nextbike_cq/gbfs.json
CZ,nextbike Uherské Hradiště,nextbike_tt,50,True,bicycle,False,False,50.0,True,0,3,38.2,False,0.0,98.0,True,https://gbfs.nextbike.net/maps/gbfs/v2/nextbike_tt/gbfs.json
CZ,nextbike Šumperk,nextbike_ns,19,True,bicycle,False,True,1.0,False,0,0,7.5,False,0.0,0.0,True,https://gbfs.nextbike.net/maps/gbfs/v2/nextbike_ns/gbfs.json
CZ,nextbike Ždár nad Sázavou,nextbike_zs,43,True,bicycle,False,False,,False,0,2,29.0,False,0.0,100.0,False,https://gbfs.nextbike.net/maps/gbfs/v2/nextbike_zs/gbfs.json
CZ,nextbike Třebíč,nextbike_tu,43,True,bicycle,False,False,43.0,True,0,1,17.6,False,0.0,97.67,True,https://gbfs.nextbike.net/maps/gbfs/v2/nextbike_tu/gbfs.json
CZ,nextbike Zlín,nextbike_tv,104,True,bicycle,False,False,8.667,True,0,8,144.1,False,0.0,88.46,True,https://gbfs.nextbike.net/maps/gbfs/v2/nextbike_tv/gbfs.json
CZ,nextbike Valašsko,nextbike_vm,89,True,bicycle,False,False,,False,0,2,889.4,False,0.0,100.0,False,https://gbfs.nextbike.net/maps/gbfs/v2/nextbike_vm/gbfs.json
CZ,nextbike Vrchlabí,nextbike_vr,25,True,bicycle,False,False,1.0,False,0,0,47.1,False,0.0,0.0,False,https://gbfs.nextbike.net/maps/gbfs/v2/nextbike_vr/gbfs.json
DE,AW-bike,nextbike_rh,22,True,bicycle,False,False,,False,0,1,966.4,False,0.0,100.0,False,https://gbfs.nextbike.net/maps/gbfs/v2/nextbike_rh/gbfs.json
DE,Bergisches e-Bike,nextbike_ac,57,True,bicycle,False,False,3.353,False,0,1,1491.5,False,0.0,70.18,False,https://gbfs.nextbike.net/maps/gbfs/v2/nextbike_ac/gbfs.json
DE,Bolt Technology OÜ,bolt_reutlingen_tuebingen,0,True,,,,,,,,,,,,,https://api.mobidata-bw.de/sharing/gbfs/v3/bolt_reutlingen_tuebingen/gbfs
DE,Bikesharing Amprion,nextbike_wp,5,True,bicycle,False,False,,False,0,0,113.3,False,0.0,100.0,False,https://gbfs.nextbike.net/maps/gbfs/v2/nextbike_wp/gbfs.json
DE,ALF - das Affstätter Lastenfahrrad,herrenberg_alf,1,True,cargo_bicycle,True,False,1.0,False,0,0,0.0,False,0.0,0.0,True,https://api.mobidata-bw.de/sharing/gbfs/v3/herrenberg_alf/gbfs
DE,Bolt Technology OÜ,bolt_karlsruhe,27,True,scooter,False,False,1.0,False,0,0,2.9,False,0.0,0.0,False,https://api.mobidata-bw.de/sharing/gbfs/v3/bolt_karlsruhe/gbfs
CL,Bike Itaú - Santiago,bike_santiago,199,True,"bicycle,scooter_standing",False,False,1.0,False,1,5,187.7,False,0.0,0.0,True,https://santiago.publicbikesystem.net/customer/gbfs/v3.0/gbfs.json
DE,Deer,deer,0,False,,,,,,,,,,,,,https://api.mobidata-bw.de/sharing/gbfs/v3/deer/gbfs
DE,Campus Berlin-Buch,nextbike_cb,16,True,bicycle,False,False,1.067,False,0,0,2.8,False,0.0,6.25,False,https://gbfs.nextbike.net/maps/gbfs/v2/nextbike_cb/gbfs.json
DE,Conficars,conficars_ulm,28,True,car,True,False,1.0,False,0,3,1045.6,False,0.0,0.0,True,https://api.mobidata-bw.de/sharing/gbfs/v3/conficars_ulm/gbfs
DE,Carsharing in Wertheim,stadtwerke_wertheim,2,True,car,True,True,1.0,False,0,0,0.0,False,0.0,0.0,True,https://api.mobidata-bw.de/sharing/gbfs/v3/stadtwerke_wertheim/gbfs
CO,Bogotá,bogota_bike,190,True,"bicycle,other,scooter_standing",False,False,1.0,False,0,1,9600460.5,True,0.0,0.0,True,https://bogota.publicbikesystem.net/customer/gbfs/v3.0/gbfs.json
DE,Bolt Technology OÜ,bolt_stuttgart,52,True,scooter,False,False,17.333,True,0,4,220.0,False,0.0,94.23,True,https://api.mobidata-bw.de/sharing/gbfs/v3/bolt_stuttgart/gbfs
DE,Bre.Bike,nextbike_bq,108,True,"bicycle,cargo_bicycle",True,False,1.0,False,0,6,793.8,False,0.0,0.0,True,https://gbfs.nextbike.net/maps/gbfs/v2/nextbike_bq/gbfs.json
DE,CarSharing Renningen,oekostadt_renningen,33,True,car,True,False,1.0,False,0,0,49.0,False,0.0,0.0,True,https://api.mobidata-bw.de/sharing/gbfs/v3/oekostadt_renningen/gbfs
DE,Die Grüne Flotte,gruene-flotte_freiburg,277,True,car,True,False,1.0,False,0,34,35965.0,False,0.0,0.0,True,https://api.mobidata-bw.de/sharing/gbfs/v3/gruene-flotte_freiburg/gbfs
DE,Call a Bike,callabike,1597,True,bicycle,False,False,,False,0,0,497495.8,True,0.0,100.0,True,https://api.mobidata-bw.de/sharing/gbfs/v3/callabike/gbfs
DE,Donkey Kelheim,Kelheim,13,True,"bicycle,cargo_bicycle",True,False,1.0,False,0,1,21.9,False,0.0,0.0,True,https://stables.donkey.bike/api/public/gbfs/3.0/Kelheim/gbfs.json
DE,Donkey Prignitz,Donkey-Prignitz,25,True,,False,False,1.0,False,0,0,415.1,False,0.0,0.0,False,https://stables.donkey.bike/api/public/gbfs/3.0/Donkey-Prignitz/gbfs.json
DE,Donkey KielRegion+Smile24,donkey_kielsmile,202,True,"bicycle,cargo_bicycle",True,False,1.01,False,0,7,3538.6,False,0.99,0.0,True,https://stables.donkey.bike/api/public/gbfs/3.0/donkey_kielsmile/gbfs.json
DE,Donkey Obertraubling,Obertraubling,6,True,"bicycle,cargo_bicycle",True,False,1.0,False,0,0,20.6,False,0.0,0.0,True,https://stables.donkey.bike/api/public/gbfs/3.0/Obertraubling/gbfs.json
DE,Donkey Regensburg,donkey_regensburg_straubing,128,True,"bicycle,cargo_bicycle",True,False,1.0,False,0,6,37578.1,False,0.0,0.0,True,https://stables.donkey.bike/api/public/gbfs/3.0/donkey_regensburg_straubing/gbfs.json
DE,Donkey Ergolding,Ergolding,2,True,"bicycle,cargo_bicycle",True,True,1.0,False,0,0,0.0,False,0.0,0.0,True,https://stables.donkey.bike/api/public/gbfs/3.0/Ergolding/gbfs.json
DE,Donkey Neutraubling,Neutraubling,5,True,"bicycle,cargo_bicycle",True,False,1.0,False,0,0,2.4,False,0.0,0.0,True,https://stables.donkey.bike/api/public/gbfs/3.0/Neutraubling/gbfs.json
DE,Donkey Republic Bamberg,donkey_bamberg,4,True,"bicycle,cargo_bicycle",True,False,1.0,False,0,0,3.4,False,0.0,0.0,True,https://stables.donkey.bike/api/public/gbfs/3.0/Bamberg/gbfs.json
DE,Donkey Republic Schleswig,donkey_schleswig,0,True,,,,,,,,,,,,,https://stables.donkey.bike/api/public/gbfs/3.0/donkey_schleswig/gbfs.json
DE,Donkey Republic Augsburg,Augsburg,13,True,"bicycle,cargo_bicycle",True,False,1.0,False,0,0,11.5,False,0.0,0.0,True,https://stables.donkey.bike/api/public/gbfs/3.0/Augsburg/gbfs.json
DE,Donkey Republic Bayern Komplett,bayern_komplett,170,True,"bicycle,cargo_bicycle",True,False,1.0,False,0,6,39927.5,False,0.0,0.0,True,https://stables.donkey.bike/api/public/gbfs/3.0/bayern_komplett/gbfs.json
DE,Donkey Republic Kiel,donkey_kiel,202,True,"bicycle,cargo_bicycle",True,False,1.01,False,0,7,3538.6,False,0.99,0.0,True,https://stables.donkey.bike/api/public/gbfs/3.0/donkey_kiel/gbfs.json
DE,Bird Ulm,bird-ulm,0,True,,,,,,,,,,,,,https://mds.bird.co/gbfs/v2/public/ulm/gbfs.json
DE,Bird Munich,bird-munich,0,True,,,,,,,,,,,,,https://mds.bird.co/gbfs/v2/public/munich/gbfs.json
DE,Dott Aachen,dott-aachen,21,True,"bicycle,scooter",False,False,,False,0,1,17.1,False,0.0,100.0,False,https://gbfs.api.ridedott.com/public/v2/aachen/gbfs.json
DE,Donkey Republic Munich,donkey_munich,1,True,bicycle,False,False,1.0,False,0,0,0.0,False,0.0,0.0,False,https://stables.donkey.bike/api/public/gbfs/3.0/donkey_munich/gbfs.json
DE,Dott Baunatal,dott-baunatal,66,True,"bicycle,scooter",False,False,,False,0,2,13.7,False,0.0,100.0,False,https://gbfs.api.ridedott.com/public/v2/baunatal/gbfs.json
DE,Donkey Republic Hannover,donkey_hannover,418,True,bicycle,False,False,1.002,False,0,11,162.8,False,0.24,0.0,False,https://stables.donkey.bike/api/public/gbfs/3.0/donkey_hannover/gbfs.json
DE,Donkey Republic Regensburg,donkey_regensburg,92,True,"bicycle,cargo_bicycle",True,False,1.0,False,0,2,28439.8,False,0.0,0.0,True,https://stables.donkey.bike/api/public/gbfs/3.0/donkey_regensburg/gbfs.json
DE,Dott Böblingen,dott-boblingen,8,True,scooter,False,False,,False,0,0,1.2,False,0.0,100.0,False,https://gbfs.api.ridedott.com/public/v2/boblingen/gbfs.json
DE,Dott Bielefeld,dott-bielefeld,28,True,scooter,False,False,,False,0,2,87.5,False,0.0,100.0,False,https://gbfs.api.ridedott.com/public/v2/bielefeld/gbfs.json
DE,Dott Bremerhaven,dott-bremerhaven,0,True,,,,,,,,,,,,,https://gbfs.api.ridedott.com/public/v2/bremerhaven/gbfs.json
DE,Dott Bonn,dott-bonn,3,True,scooter,False,False,,False,0,0,19.9,False,0.0,100.0,False,https://gbfs.api.ridedott.com/public/v2/bonn/gbfs.json
DE,Dott Chemnitz,dott-chemnitz,0,True,,,,,,,,,,,,,https://gbfs.api.ridedott.com/public/v2/chemnitz/gbfs.json
DE,Dott Bremen,dott-bremen,21,True,scooter,False,False,,False,0,0,494.7,False,0.0,100.0,False,https://gbfs.api.ridedott.com/public/v2/bremen/gbfs.json
DE,Dott Brühl,dott-bruhl,78,True,scooter,False,False,,False,0,0,32.8,False,0.0,100.0,False,https://gbfs.api.ridedott.com/public/v2/bruhl/gbfs.json
DE,Dott Bochum,dott-bochum,7,True,scooter,False,False,,False,0,0,33.5,False,0.0,100.0,False,https://gbfs.api.ridedott.com/public/v2/bochum/gbfs.json
DE,Dott Berlin,dott-berlin,584,True,"bicycle,scooter",False,False,,False,0,21,1241.3,False,0.0,100.0,False,https://gbfs.api.ridedott.com/public/v2/berlin/gbfs.json
DE,Dott Brunswick,dott-brunswick,41,True,scooter,False,False,,False,0,2,20.5,False,0.0,100.0,False,https://gbfs.api.ridedott.com/public/v2/brunswick/gbfs.json
DE,Dott Celle,dott-celle,1,True,scooter,False,False,,False,0,0,0.0,False,0.0,100.0,False,https://gbfs.api.ridedott.com/public/v2/celle/gbfs.json
DE,Dott Detmold,dott-detmold,0,True,,,,,,,,,,,,,https://gbfs.api.ridedott.com/public/v2/detmold/gbfs.json
DE,Dott Darmstadt,dott-darmstadt,63,True,"bicycle,scooter",False,False,,False,0,0,39.3,False,0.0,100.0,False,https://gbfs.api.ridedott.com/public/v2/darmstadt/gbfs.json
DE,Dott Dortmund,dott-dortmund,27,True,scooter,False,False,,False,0,3,25.9,False,0.0,100.0,False,https://gbfs.api.ridedott.com/public/v2/dortmund/gbfs.json
DE,Dott Cottbus,dott-cottbus,3,True,scooter,False,False,,False,0,0,0.1,False,0.0,100.0,False,https://gbfs.api.ridedott.com/public/v2/cottbus/gbfs.json
DE,Dott Erfurt,dott-erfurt,0,True,,,,,,,,,,,,,https://gbfs.api.ridedott.com/public/v2/erfurt/gbfs.json
DE,Dott Duisburg,dott-duisburg,1,True,scooter,False,False,,False,0,0,0.0,False,0.0,100.0,False,https://gbfs.api.ridedott.com/public/v2/duisburg/gbfs.json
CH,Dott Rorschach,dott-rorschach,137,True,"bicycle,scooter",False,False,,False,0,12,315.4,False,0.0,100.0,False,https://gbfs.api.ridedott.com/public/v2/rorschach/gbfs.json
DE,Dott Cologne,dott-cologne,135,True,"bicycle,scooter",False,False,,False,0,1,459.0,False,0.0,100.0,False,https://gbfs.api.ridedott.com/public/v2/cologne/gbfs.json
CH,Dott Zurich,dott-zurich,77,True,"bicycle,scooter",False,False,,False,0,0,114.4,False,0.0,100.0,False,https://gbfs.api.ridedott.com/public/v2/zurich/gbfs.json
DE,Dott Elmshorn,dott-elmshorn,20,True,"bicycle,scooter",False,False,,False,0,0,26.5,False,0.0,100.0,False,https://gbfs.api.ridedott.com/public/v2/elmshorn/gbfs.json
DE,Dott Dusseldorf,dott-dusseldorf,281,True,"bicycle,scooter",False,False,,False,0,6,201.0,False,0.0,100.0,False,https://gbfs.api.ridedott.com/public/v2/dusseldorf/gbfs.json
DE,Dott Essen,dott-essen,57,True,scooter,False,False,,False,0,4,26.3,False,0.0,100.0,False,https://gbfs.api.ridedott.com/public/v2/essen/gbfs.json
DE,Dott Erlangen,dott-erlangen,13,True,scooter,False,False,,False,0,0,22.9,False,0.0,100.0,False,https://gbfs.api.ridedott.com/public/v2/erlangen/gbfs.json
DE,Dott Frankfurt,dott-frankfurt,145,True,"bicycle,scooter",False,False,,False,0,12,297.8,False,0.0,100.0,False,https://gbfs.api.ridedott.com/public/v2/frankfurt/gbfs.json
DE,Dott Flensburg,dott-flensburg,30,True,scooter,False,False,,False,0,2,41.0,False,0.0,100.0,False,https://gbfs.api.ridedott.com/public/v2/flensburg/gbfs.json
DE,Dott Gifhorn,dott-gifhorn,0,True,,,,,,,,,,,,,https://gbfs.api.ridedott.com/public/v2/gifhorn/gbfs.json
BE,Dott Charleroi,dott-charleroi,1078,True,scooter,False,False,,False,0,0,235.7,False,0.0,100.0,False,https://gbfs.api.ridedott.com/public/v2/charleroi/gbfs.json
DE,Dott Friedrichshafen,dott-friedrichshafen,36,True,"bicycle,scooter",False,False,,False,0,2,84.3,False,0.0,100.0,False,https://gbfs.api.ridedott.com/public/v2/friedrichshafen/gbfs.json
DE,Dott Gladbeck,dott-gladbeck,10,True,scooter,False,False,,False,0,0,0.7,False,0.0,100.0,False,https://gbfs.api.ridedott.com/public/v2/gladbeck/gbfs.json
DE,Dott Hennef,dott-hennef,0,True,,,,,,,,,,,,,https://gbfs.api.ridedott.com/public/v2/hennef/gbfs.json
DE,Dott Hamm,dott-hamm,1,True,scooter,False,False,,False,0,0,0.0,False,0.0,100.0,False,https://gbfs.api.ridedott.com/public/v2/hamm/gbfs.json
DE,Dott Gera,dott-gera,24,True,"bicycle,scooter",False,False,,False,0,0,3.3,False,0.0,100.0,False,https://gbfs.api.ridedott.com/public/v2/gera/gbfs.json
DE,Dott Heidelberg,dott-heidelberg,19,True,"bicycle,scooter",False,False,,False,0,0,7.4,False,0.0,100.0,False,https://gbfs.api.ridedott.com/public/v2/heidelberg/gbfs.json
DE,Dott Hamburg,dott-hamburg,51,True,"bicycle,scooter",False,False,,False,0,0,871.5,False,0.0,100.0,False,https://gbfs.api.ridedott.com/public/v2/hamburg/gbfs.json
DE,Dott Heilbronn,dott-heilbronn,35,True,"bicycle,scooter",False,False,,False,0,3,110.8,False,0.0,100.0,False,https://gbfs.api.ridedott.com/public/v2/heilbronn/gbfs.json
DE,Dott Hannover,dott-hannover,34,True,scooter,False,False,,False,0,3,323.5,False,0.0,100.0,False,https://gbfs.api.ridedott.com/public/v2/hannover/gbfs.json
DE,Dott Herne,dott-herne,1,True,scooter,False,False,,False,0,0,0.0,False,0.0,100.0,False,https://gbfs.api.ridedott.com/public/v2/herne/gbfs.json
DE,Dott Herford,dott-herford,3,True,scooter,False,False,,False,0,0,0.3,False,0.0,100.0,False,https://gbfs.api.ridedott.com/public/v2/herford/gbfs.json
DE,Dott Jena,dott-jena,0,True,,,,,,,,,,,,,https://gbfs.api.ridedott.com/public/v2/jena/gbfs.json
DE,Dott Hilden,dott-hilden,22,True,"bicycle,scooter",False,False,,False,0,0,11.6,False,0.0,100.0,False,https://gbfs.api.ridedott.com/public/v2/hilden/gbfs.json
DE,Dott Hildesheim,dott-hildesheim,4,True,scooter,False,False,,False,0,0,3.1,False,0.0,100.0,False,https://gbfs.api.ridedott.com/public/v2/hildesheim/gbfs.json
DE,Dott Herten,dott-herten,0,True,,,,,,,,,,,,,https://gbfs.api.ridedott.com/public/v2/herten/gbfs.json
DE,Dott Ingolstadt,dott-ingolstadt,15,True,"bicycle,scooter",False,False,,False,0,1,94.9,False,0.0,100.0,False,https://gbfs.api.ridedott.com/public/v2/ingolstadt/gbfs.json
DE,Dott Karlsruhe,dott-karlsruhe,33,True,scooter,False,False,,False,0,2,21.9,False,0.0,100.0,False,https://gbfs.api.ridedott.com/public/v2/karlsruhe/gbfs.json
DE,Dott Leipzig,dott-leipzig,133,True,scooter,False,False,,False,0,2,172.5,False,0.0,100.0,False,https://gbfs.api.ridedott.com/public/v2/leipzig/gbfs.json
DE,Dott Mainz,dott-mainz,66,True,"bicycle,scooter",False,False,,False,0,2,13.7,False,0.0,100.0,False,https://gbfs.api.ridedott.com/public/v2/mainz/gbfs.json
DE,Dott Kaiserslautern,dott-kaiserslautern,28,True,scooter,False,False,,False,0,2,64.9,False,0.0,100.0,False,https://gbfs.api.ridedott.com/public/v2/kaiserslautern/gbfs.json
DE,Dott Minden,dott-minden,0,True,,,,,,,,,,,,,https://gbfs.api.ridedott.com/public/v2/minden/gbfs.json
DE,Dott Lübeck,dott-lubeck,50,True,scooter,False,False,,False,0,1,12.3,False,0.0,100.0,False,https://gbfs.api.ridedott.com/public/v2/lubeck/gbfs.json
DE,Dott Langenfeld,dott-langenfeld,8,True,"bicycle,scooter",False,False,,False,0,0,10.1,False,0.0,100.0,False,https://gbfs.api.ridedott.com/public/v2/langenfeld/gbfs.json
DE,Dott Kiel,dott-kiel,17,True,scooter,False,False,,False,0,1,66.1,False,0.0,100.0,False,https://gbfs.api.ridedott.com/public/v2/kiel/gbfs.json
DE,Dott Lindau,dott-lindau,35,True,"bicycle,scooter",False,False,,False,0,1,46.8,False,0.0,100.0,False,https://gbfs.api.ridedott.com/public/v2/lindau/gbfs.json
DE,Dott Mannheim,dott-mannheim,195,True,"bicycle,scooter",False,False,,False,0,1,138.5,False,0.0,100.0,False,https://gbfs.api.ridedott.com/public/v2/mannheim/gbfs.json
DE,Dott Kassel,dott-kassel,29,True,scooter,False,False,,False,0,1,4.3,False,0.0,100.0,False,https://gbfs.api.ridedott.com/public/v2/kassel/gbfs.json
DE,Dott Ludwigsburg,dott-ludwigsburg,18,True,scooter,False,False,,False,0,1,33.2,False,0.0,100.0,False,https://gbfs.api.ridedott.com/public/v2/ludwigsburg/gbfs.json
DE,Dott Neumünster,dott-neumunster,0,True,,,,,,,,,,,,,https://gbfs.api.ridedott.com/public/v2/neumunster/gbfs.json
DE,Dott Mulheim an der Ruhr,dott-mulheim-an-der-ruhr,70,True,scooter,False,False,,False,0,6,86.4,False,0.0,100.0,False,https://gbfs.api.ridedott.com/public/v2/mulheim-an-der-ruhr/gbfs.json
DE,Dott Monheim am Rhein,dott-monheim-am-rhein,3,True,"bicycle,scooter",False,False,,False,0,0,0.5,False,0.0,100.0,False,https://gbfs.api.ridedott.com/public/v2/monheim-am-rhein/gbfs.json
DE,Dott Monchengladbach,dott-monchengladbach,3,True,"bicycle,scooter",False,False,,False,0,0,18.2,False,0.0,100.0,False,https://gbfs.api.ridedott.com/public/v2/monchengladbach/gbfs.json
DE,Dott Peine,dott-peine,0,True,,,,,,,,,,,,,https://gbfs.api.ridedott.com/public/v2/peine/gbfs.json
DE,Dott Munich,dott-munich,372,True,"bicycle,scooter",False,False,,False,0,6,1255.3,False,0.0,100.0,False,https://gbfs.api.ridedott.com/public/v2/munich/gbfs.json
DE,Dott Neuss,dott-neuss,16,True,"bicycle,scooter",False,False,,False,0,0,26.9,False,0.0,100.0,False,https://gbfs.api.ridedott.com/public/v2/neuss/gbfs.json
DE,Dott Nuremberg,dott-nuremberg,354,True,scooter,False,False,,False,0,7,117.3,False,0.0,100.0,False,https://gbfs.api.ridedott.com/public/v2/nuremberg/gbfs.json
DE,Dott Pinneberg,dott-pinneberg,66,True,"bicycle,scooter",False,False,,False,0,2,13.7,False,0.0,100.0,False,https://gbfs.api.ridedott.com/public/v2/pinneberg/gbfs.json
DE,Dott Osnabrück,dott-osnabruck,2,True,scooter,False,False,,False,0,0,0.0,False,0.0,100.0,False,https://gbfs.api.ridedott.com/public/v2/osnabruck/gbfs.json
DE,Dott Paderborn,dott-paderborn,26,True,scooter,False,False,,False,0,1,5.6,False,0.0,100.0,False,https://gbfs.api.ridedott.com/public/v2/paderborn/gbfs.json
DE,Dott Rheda-Wiedenbrück,dott-rheda-wiedenbruck,0,True,,,,,,,,,,,,,https://gbfs.api.ridedott.com/public/v2/rheda-wiedenbruck/gbfs.json
DE,Dott Rheine,dott-rheine,0,True,,,,,,,,,,,,,https://gbfs.api.ridedott.com/public/v2/rheine/gbfs.json
DE,Dott Münster,dott-munster,397,True,scooter,False,False,,False,0,8,96.3,False,0.0,100.0,False,https://gbfs.api.ridedott.com/public/v2/munster/gbfs.json
DE,Dott Reutlingen,dott-reutlingen,12,True,"bicycle,scooter",False,False,,False,0,0,12.5,False,0.0,100.0,False,https://gbfs.api.ridedott.com/public/v2/reutlingen/gbfs.json
DE,Dott Rüsselsheim,dott-russelsheim,66,True,"bicycle,scooter",False,False,,False,0,2,13.7,False,0.0,100.0,False,https://gbfs.api.ridedott.com/public/v2/russelsheim/gbfs.json
DE,Dott Salzgitter,dott-salzgitter,0,True,,,,,,,,,,,,,https://gbfs.api.ridedott.com/public/v2/salzgitter/gbfs.json
DE,Dott Rostock,dott-rostock,5,True,scooter,False,False,,False,0,0,44.2,False,0.0,100.0,False,https://gbfs.api.ridedott.com/public/v2/rostock/gbfs.json
DE,Dott Potsdam,dott-potsdam,6,True,"bicycle,scooter",False,False,,False,0,0,21.2,False,0.0,100.0,False,https://gbfs.api.ridedott.com/public/v2/potsdam/gbfs.json
DE,Dott Saarbrücken,dott-saarbrucken,34,True,"bicycle,scooter",False,False,,False,0,0,65.6,False,0.0,100.0,False,https://gbfs.api.ridedott.com/public/v2/saarbrucken/gbfs.json
DE,Dott Schwäbisch Gmünd,dott-schwabisch-gmund,66,True,"bicycle,scooter",False,False,,False,0,2,13.7,False,0.0,100.0,False,https://gbfs.api.ridedott.com/public/v2/schwabisch-gmund/gbfs.json
DE,Dott Recklinghausen,dott-recklinghausen,13,True,scooter,False,False,,False,0,0,31.6,False,0.0,100.0,False,https://gbfs.api.ridedott.com/public/v2/recklinghausen/gbfs.json
DE,Dott Regensburg,dott-regensburg,40,True,"bicycle,scooter",False,False,,False,0,2,11.5,False,0.0,100.0,False,https://gbfs.api.ridedott.com/public/v2/regensburg/gbfs.json
DE,Dott Troisdorf,dott-troisdorf,1,True,scooter,False,False,,False,0,0,0.0,False,0.0,100.0,False,https://gbfs.api.ridedott.com/public/v2/troisdorf/gbfs.json
DE,Dott Stuttgart,dott-stuttgart,61,True,scooter,False,False,,False,0,2,175.9,False,0.0,100.0,False,https://gbfs.api.ridedott.com/public/v2/stuttgart/gbfs.json
DE,Dott Sankt Augustin,dott-sankt-augustin,40,True,scooter,False,False,,False,0,0,53.6,False,0.0,100.0,False,https://gbfs.api.ridedott.com/public/v2/sankt-augustin/gbfs.json
DE,Dott Solingen,dott-solingen,6,True,"bicycle,scooter",False,False,,False,0,0,26.9,False,0.0,100.0,False,https://gbfs.api.ridedott.com/public/v2/solingen/gbfs.json
DE,Dott Zwickau,dott-zwickau,0,True,,,,,,,,,,,,,https://gbfs.api.ridedott.com/public/v2/zwickau/gbfs.json
DE,Dott Tübingen,dott-tubingen,10,True,"bicycle,scooter",False,False,,False,0,0,9.6,False,0.0,100.0,False,https://gbfs.api.ridedott.com/public/v2/tubingen/gbfs.json
DE,Dott Überlingen,dott-uberlingen,12,True,"bicycle,scooter",False,False,,False,0,0,15.0,False,0.0,100.0,False,https://gbfs.api.ridedott.com/public/v2/uberlingen/gbfs.json
DE,Dott Ulm,dott-ulm,14,True,"bicycle,scooter",False,False,,False,0,0,83.7,False,0.0,100.0,False,https://gbfs.api.ridedott.com/public/v2/ulm/gbfs.json
DE,Dott Wiesbaden,dott-wiesbaden,65,True,"bicycle,scooter",False,False,,False,0,2,56.9,False,0.0,100.0,False,https://gbfs.api.ridedott.com/public/v2/wiesbaden/gbfs.json
DE,Dott Wuppertal,dott-wuppertal,66,True,"bicycle,scooter",False,False,,False,0,2,13.7,False,0.0,100.0,False,https://gbfs.api.ridedott.com/public/v2/wuppertal/gbfs.json
DE,Dott Wolfsburg,dott-wolfsburg,25,True,scooter,False,False,,False,0,0,80.6,False,0.0,100.0,False,https://gbfs.api.ridedott.com/public/v2/wolfsburg/gbfs.json
DE,EDEKA Grünheide,nextbike_ed,18,True,bicycle,False,False,1.0,False,0,0,64.5,False,0.0,0.0,False,https://gbfs.nextbike.net/maps/gbfs/v2/nextbike_ed/gbfs.json
DE,franke,freibe,0,True,,,,,,,,,,,,,https://api.mobidata-bw.de/sharing/gbfs/v3/freibe/gbfs
DE,franke,lube,0,True,,,,,,,,,,,,,https://api.mobidata-bw.de/sharing/gbfs/v3/lube/gbfs
DE,Eifel e-Bike,nextbike_eb,56,True,bicycle,False,False,2.8,False,0,0,2525.2,False,0.0,64.29,False,https://gbfs.nextbike.net/maps/gbfs/v2/nextbike_eb/gbfs.json
DE,flux Bikesharing,nextbike_ev,17,True,"bicycle,cargo_bicycle",True,False,1.0,False,0,0,235.0,False,0.0,0.0,True,https://gbfs.nextbike.net/maps/gbfs/v2/nextbike_ev/gbfs.json
DE,Flinkster,flinkster_carsharing,84,True,car,True,False,1.0,False,0,0,640996.6,True,0.0,0.0,True,https://api.mobidata-bw.de/sharing/gbfs/v3/flinkster_carsharing/gbfs
DE,Frelo,nextbike_df,161,True,"bicycle,cargo_bicycle",True,False,1.032,False,0,6,1850.3,False,0.0,3.11,True,https://gbfs.nextbike.net/maps/gbfs/v2/nextbike_df/gbfs.json
DE,FaRe - das Bananologen Lastenrad,herrenberg_fare,1,True,cargo_bicycle,True,False,1.0,False,0,0,0.0,False,0.0,0.0,True,https://api.mobidata-bw.de/sharing/gbfs/v3/herrenberg_fare/gbfs
DE,Einfach Unterwegs,einfach_unterwegs,25,True,"bicycle,car,cargo_bicycle",True,False,1.136,False,0,1,28620.4,False,0.0,12.0,True,https://api.mobidata-bw.de/sharing/gbfs/v3/einfach_unterwegs/gbfs
DE,EinfachMobil,nextbike_eh,91,True,"bicycle,cargo_bicycle,other",True,False,1.338,False,0,1,1355.3,False,0.0,25.27,True,https://gbfs.nextbike.net/maps/gbfs/v2/nextbike_eh/gbfs.json
DE,Getaround Essen,getaround_essen,0,True,,,,,,,,,,,,,https://getaround.com/gbfs/v3/essen/gbfs
DE,Ford Carsharing (Autohaus Baur),ford_carsharing_autohausbaur,36,True,car,True,False,,False,0,0,2979.8,False,0.0,100.0,True,https://api.mobidata-bw.de/sharing/gbfs/v3/ford_carsharing_autohausbaur/gbfs
DE,Ford Carsharing (Autohaus Kauderer),ford_carsharing_autohauskauderer,1,True,car,True,False,,False,0,0,0.0,False,0.0,100.0,True,https://api.mobidata-bw.de/sharing/gbfs/v3/ford_carsharing_autohauskauderer/gbfs
DE,Getaround Hamburg,getaround_hamburg,0,True,,,,,,,,,,,,,https://getaround.com/gbfs/v3/hamburg/gbfs
DE,Graben - ready4green,nextbike_da,2,True,bicycle,False,False,,False,0,0,0.0,False,0.0,100.0,False,https://gbfs.nextbike.net/maps/gbfs/v2/nextbike_da/gbfs.json
DE,euregiobike,nextbike_an,46,True,bicycle,False,False,1.643,False,0,2,140.9,False,0.0,39.13,False,https://gbfs.nextbike.net/maps/gbfs/v2/nextbike_an/gbfs.json
DE,Heraeus Hanau,nextbike_hg,0,False,,,,,,,,,,,,,https://gbfs.nextbike.net/maps/gbfs/v2/nextbike_hg/gbfs.json
DE,HelBi (Kreis Soest),nextbike_hb,81,True,"bicycle,cargo_bicycle",True,False,1.209,False,0,0,1282.9,False,0.0,17.28,True,https://gbfs.nextbike.net/maps/gbfs/v2/nextbike_hb/gbfs.json
DE,Getaround Berlin,getaround_berlin,0,True,,,,,,,,,,,,,https://getaround.com/gbfs/v3/berlin/gbfs
DE,Hopp Konstanz,hopp_konstanz,0,True,,,,,,,,,,,,,https://api.mobidata-bw.de/sharing/gbfs/v3/hopp_konstanz/gbfs
DE,Gülf - das Gültsteiner Lastenrad,herrenberg_guelf,1,True,cargo_bicycle,True,False,1.0,False,0,0,0.0,False,0.0,0.0,True,https://api.mobidata-bw.de/sharing/gbfs/v3/herrenberg_guelf/gbfs
DE,KVB Rad,nextbike_kg,261,True,bicycle,False,False,29.0,True,0,2,907.3,False,0.0,96.55,True,https://gbfs.nextbike.net/maps/gbfs/v2/nextbike_kg/gbfs.json
DE,Getaround Troisdorf,getaround_troisdorf,0,True,,,,,,,,,,,,,https://getaround.com/gbfs/v3/troisdorf/gbfs
DE,Getaround Leverkusen,getaround_leverkusen,0,True,,,,,,,,,,,,,https://getaround.com/gbfs/v3/leverkusen/gbfs
DE,Getaround Norderstedt,getaround_norderstedt,0,True,,,,,,,,,,,,,https://getaround.com/gbfs/v3/norderstedt/gbfs
DE,Landkreis Nordsachsen,nextbike_lc,18,True,bicycle,False,False,,False,0,0,7.0,False,0.0,100.0,False,https://gbfs.nextbike.net/maps/gbfs/v2/nextbike_lc/gbfs.json
DE,Getaround Pulheim,getaround_pulheim,0,True,,,,,,,,,,,,,https://getaround.com/gbfs/v3/pulheim/gbfs
DE,Getaround Velbert,getaround_velbert,0,True,,,,,,,,,,,,,https://getaround.com/gbfs/v3/velbert/gbfs
DE,KVV.nextbike,nextbike_fg,117,True,"bicycle,cargo_bicycle",True,False,3.441,False,0,5,2181.2,False,0.0,70.94,True,https://gbfs.nextbike.net/maps/gbfs/v2/nextbike_fg/gbfs.json
DE,Lime Stuttgart,lime_stuttgart,0,False,,,,,,,,,,,,,https://api.mobidata-bw.de/sharing/gbfs/v3/lime_stuttgart/gbfs
DE,esel.ac,esel_ac,0,True,,,,,,,,,,,,,https://di.esel.ac/gbfs/gbfs.json
DE,HERTLEIN Carsharing,hertlein_carsharing,3,True,car,True,False,1.0,False,0,0,3.6,False,0.0,0.0,True,https://api.mobidata-bw.de/sharing/gbfs/v3/hertlein_carsharing/gbfs
DE,LaRa to go,lara_to_go,17,True,cargo_bicycle,True,False,1.062,False,0,1,661.0,False,0.0,5.88,True,https://api.mobidata-bw.de/sharing/gbfs/v3/lara_to_go/gbfs
DE,Lime Stuttgart-Konstanz,lime_bw,0,True,,,,,,,,,,,,,https://api.mobidata-bw.de/sharing/gbfs/v3/lime_bw/gbfs
DE,LastenVelo Freiburg,lastenvelo_fr,45,True,cargo_bicycle,True,False,,False,0,0,752.8,False,0.0,100.0,True,https://api.mobidata-bw.de/sharing/gbfs/v3/lastenvelo_fr/gbfs
DE,metropolradruhr,nextbike_mr,18,True,cargo_bicycle,True,False,,False,0,0,170.4,False,0.0,100.0,True,https://gbfs.nextbike.net/maps/gbfs/v2/nextbike_mr/gbfs.json
DE,mobic,nextbike_re,157,True,bicycle,False,True,78.5,True,0,0,1856.7,False,0.0,98.73,True,https://gbfs.nextbike.net/maps/gbfs/v2/nextbike_re/gbfs.json
DE,Mikar,mikar,178,True,car,True,False,,False,0,7,455072.2,True,0.0,100.0,True,https://api.mobidata-bw.de/sharing/gbfs/v3/mikar/gbfs
DE,Mein konrad,nextbike_kk,37,True,"bicycle,cargo_bicycle",True,False,,False,0,2,110.6,False,0.0,100.0,True,https://gbfs.nextbike.net/maps/gbfs/v2/nextbike_kk/gbfs.json
DE,moin mobil Achim,nextbike_am,35,True,"bicycle,cargo_bicycle",True,False,1.029,False,0,1,84911.5,True,0.0,2.86,True,https://gbfs.nextbike.net/maps/gbfs/v2/nextbike_am/gbfs.json
DE,movemix_bike,nextbike_mx,89,True,"bicycle,cargo_bicycle",True,False,1.011,False,0,3,148.4,False,0.0,1.12,True,https://gbfs.nextbike.net/maps/gbfs/v2/nextbike_mx/gbfs.json
DE,meinSiggi,nextbike_dg,65,True,bicycle,False,False,,False,0,0,348.1,False,0.0,100.0,False,https://gbfs.nextbike.net/maps/gbfs/v2/nextbike_dg/gbfs.json
DE,NEW MöBus nextbike,nextbike_sn,54,True,bicycle,False,False,1.742,False,0,7,570.7,False,0.0,42.59,False,https://gbfs.nextbike.net/maps/gbfs/v2/nextbike_sn/gbfs.json
DE,MOBIbike,nextbike_dx,542,True,"bicycle,cargo_bicycle",True,False,7.425,True,0,2,643.4,False,0.0,86.53,True,https://gbfs.nextbike.net/maps/gbfs/v2/nextbike_dx/gbfs.json
DE,MyRadl,nextbike_ml,756,True,bicycle,False,False,,False,0,28,3405.1,False,0.0,100.0,False,https://gbfs.nextbike.net/maps/gbfs/v2/nextbike_ml/gbfs.json
DE,nextbike Frankfurt,nextbike_ff,0,False,,,,,,,,,,,,,https://gbfs.nextbike.net/maps/gbfs/v2/nextbike_ff/gbfs.json
DE,Naturenergie sharing,naturenergie_sharing,318,True,"car,cargo_bicycle",True,False,1.0,False,0,22,22756.8,False,0.0,0.0,True,https://api.mobidata-bw.de/sharing/gbfs/v3/naturenergie_sharing/gbfs
DE,nextbike Düsseldorf,nextbike_dd,296,True,bicycle,False,False,296.0,True,0,9,375.2,False,0.0,99.66,True,https://gbfs.nextbike.net/maps/gbfs/v2/nextbike_dd/gbfs.json
DE,nextbike Gießen,nextbike_ng,60,True,"bicycle,cargo_bicycle",True,False,1.0,False,0,1,50.1,False,0.0,0.0,True,https://gbfs.nextbike.net/maps/gbfs/v2/nextbike_ng/gbfs.json
DE,nextbike Leipzig,nextbike_le,150,True,bicycle,False,False,1.786,False,0,1,218.7,False,0.0,44.0,False,https://gbfs.nextbike.net/maps/gbfs/v2/nextbike_le/gbfs.json
DE,nextbike Kassel,nextbike_dk,65,True,bicycle,False,False,1.0,False,0,0,85.8,False,0.0,0.0,False,https://gbfs.nextbike.net/maps/gbfs/v2/nextbike_dk/gbfs.json
DE,nextbike Marburg,nextbike_nm,57,True,"bicycle,cargo_bicycle",True,False,28.5,True,0,1,27.7,False,0.0,96.49,True,https://gbfs.nextbike.net/maps/gbfs/v2/nextbike_nm/gbfs.json
DE,nextbike Gütersloh,nextbike_dj,5,True,bicycle,False,False,,False,0,0,2.0,False,0.0,100.0,False,https://gbfs.nextbike.net/maps/gbfs/v2/nextbike_dj/gbfs.json
DE,nextbike Hannover,nextbike_dh,120,True,bicycle,False,False,,False,0,4,178.0,False,0.0,100.0,False,https://gbfs.nextbike.net/maps/gbfs/v2/nextbike_dh/gbfs.json
DE,nextbike Norderstedt,nextbike_nn,19,True,"bicycle,cargo_bicycle",True,False,1.118,False,0,0,42.9,False,0.0,10.53,True,https://gbfs.nextbike.net/maps/gbfs/v2/nextbike_nn/gbfs.json
DE,nextbike Rüsselsheim am Main,nextbike_do,16,True,"bicycle,cargo_bicycle",True,False,2.667,False,0,0,13.9,False,0.0,62.5,True,https://gbfs.nextbike.net/maps/gbfs/v2/nextbike_do/gbfs.json
DE,OLi-Bike,nextbike_wo,0,False,,,,,,,,,,,,,https://gbfs.nextbike.net/maps/gbfs/v2/nextbike_wo/gbfs.json
DE,nextbike Wiesbaden,nextbike_wn,35,True,bicycle,False,False,11.667,True,0,0,26.4,False,0.0,91.43,True,https://gbfs.nextbike.net/maps/gbfs/v2/nextbike_wn/gbfs.json
DE,Roche - Bike,nextbike_rr,12,True,bicycle,False,False,,False,0,0,0.9,False,0.0,100.0,False,https://gbfs.nextbike.net/maps/gbfs/v2/nextbike_rr/gbfs.json
DE,nextbike Berlin,nextbike_bn,1546,True,bicycle,False,False,1.003,False,0,34,1241.8,False,0.0,0.32,False,https://gbfs.nextbike.net/maps/gbfs/v2/nextbike_bn/gbfs.json
DE,Potsdam Rad,nextbike_dc,149,True,bicycle,False,False,1.552,False,0,8,770.4,False,0.0,35.57,False,https://gbfs.nextbike.net/maps/gbfs/v2/nextbike_dc/gbfs.json
DE,OberSchwabenMobil CarSharing,oberschwabenmobil,7,True,car,True,False,1.0,False,0,0,326.8,False,0.0,0.0,True,https://api.mobidata-bw.de/sharing/gbfs/v3/oberschwabenmobil/gbfs
DE,SAP Walldorf,nextbike_ds,16,True,bicycle,False,False,,False,0,0,2.0,False,0.0,100.0,False,https://gbfs.nextbike.net/maps/gbfs/v2/nextbike_ds/gbfs.json
DE,S11-Bike,nextbike_sv,5,True,bicycle,False,False,,False,0,0,45.0,False,0.0,100.0,False,https://gbfs.nextbike.net/maps/gbfs/v2/nextbike_sv/gbfs.json
DE,SEEFAHRER E-Carsharing,seefahrer_ecarsharing,10,True,"car,cargo_bicycle",True,False,5.0,False,0,0,143.1,False,0.0,80.0,True,https://api.mobidata-bw.de/sharing/gbfs/v3/seefahrer_ecarsharing/gbfs
DE,RegioRadStuttgart,regiorad_stuttgart,233,True,bicycle,False,False,,False,0,8,4872.6,False,0.0,100.0,False,https://api.mobidata-bw.de/sharing/gbfs/v3/regiorad_stuttgart/gbfs
DE,Stadtmobil Rhein-Neckar,stadtmobil_rhein-neckar,472,True,car,True,False,1.0,False,0,16,6356.4,False,0.0,0.0,True,https://api.mobidata-bw.de/sharing/gbfs/v3/stadtmobil_rhein-neckar/gbfs
DE,Stadtmobil Stuttgart,stadtmobil_stuttgart,334,True,car,True,False,1.0,False,0,16,3296.0,False,0.0,0.0,True,https://api.mobidata-bw.de/sharing/gbfs/v3/stadtmobil_stuttgart/gbfs
DE,StadtRad Greifswald,nextbike_ug,25,True,bicycle,False,False,1.0,False,0,1,59.7,False,0.0,0.0,False,https://gbfs.nextbike.net/maps/gbfs/v2/nextbike_ug/gbfs.json
DE,Stadtmobil Karlsruhe,stadtmobil_karlsruhe,590,True,car,True,False,1.0,False,0,41,10469.7,False,0.0,0.0,True,https://api.mobidata-bw.de/sharing/gbfs/v3/stadtmobil_karlsruhe/gbfs
DE,stadtRad - das stadtnavi Lastenrad,herrenberg_stadtrad,1,True,cargo_bicycle,True,False,1.0,False,0,0,0.0,False,0.0,0.0,True,https://api.mobidata-bw.de/sharing/gbfs/v3/herrenberg_stadtrad/gbfs
DE,StadtRadHamburg,stadtrad_hamburg,0,False,,,,,,,,,,,,,https://apis.deutschebahn.com/db-api-marketplace/apis/shared-mobility-gbfs/v2/de/StadtRadHamburg/gbfs
DE,Stella,stella,0,True,,,,,,,,,,,,,https://api.mobidata-bw.de/sharing/gbfs/v3/stella/gbfs
DE,StadtRADLueneburg,stadtrad_lueneburg,0,False,,,,,,,,,,,,,https://apis.deutschebahn.com/db-api-marketplace/apis/shared-mobility-gbfs/v2/de/StadtRADLueneburg/gbfs
DE,Lime Frankfurt,lime_frankfurt,1,True,"bicycle,scooter",False,False,,False,0,0,0.0,False,0.0,100.0,False,https://data.lime.bike/api/partners/v2/gbfs/frankfurt/gbfs.json
DE,Stadtwerk Tauberfranken,stadtwerk_tauberfranken,13,True,car,True,False,1.0,False,0,0,1807.6,False,0.0,0.0,True,https://api.mobidata-bw.de/sharing/gbfs/v3/stadtwerk_tauberfranken/gbfs
DE,UsedomRad,nextbike_ur,98,True,"bicycle,cargo_bicycle,scooter",True,False,1.0,False,0,0,1662.6,False,0.0,0.0,True,https://gbfs.nextbike.net/maps/gbfs/v2/nextbike_ur/gbfs.json
DE,Lime Oberhausen,lime_oberhausen,1,True,"bicycle,scooter",False,False,,False,0,0,0.0,False,0.0,100.0,False,https://data.lime.bike/api/partners/v2/gbfs/oberhausen/gbfs.json
DE,Lime Hamburg,lime_hamburg,1,True,"bicycle,scooter",False,False,,False,0,0,0.0,False,0.0,100.0,False,https://data.lime.bike/api/partners/v2/gbfs/hamburg/gbfs.json
DE,VAG_Rad,nextbike_dv,120,True,"bicycle,cargo_bicycle",True,False,1.188,False,0,0,751.8,False,0.0,15.83,True,https://gbfs.nextbike.net/maps/gbfs/v2/nextbike_dv/gbfs.json
DE,TeilAuto Biberach,teilauto_biberach,11,True,car,True,False,1.0,False,0,1,7494.4,False,0.0,0.0,True,https://api.mobidata-bw.de/sharing/gbfs/v3/teilauto_biberach/gbfs
DE,TeilAuto Neckar-Alb,teilauto_neckar-alb,171,True,"car,cargo_bicycle",True,False,1.0,False,0,7,1121.5,False,0.0,0.0,True,https://api.mobidata-bw.de/sharing/gbfs/v3/teilauto_neckar-alb/gbfs
DE,TeilAuto Schwäbisch Hall,teilauto_schwaebisch_hall,11,True,car,True,False,1.0,False,0,0,11.8,False,0.0,0.0,True,https://api.mobidata-bw.de/sharing/gbfs/v3/teilauto_schwaebisch_hall/gbfs
DE,Veloleo,nextbike_dn,151,True,bicycle,False,False,,False,0,4,207.4,False,0.0,100.0,False,https://gbfs.nextbike.net/maps/gbfs/v2/nextbike_dn/gbfs.json
DE,swabi - augsburg,swabi,526,True,bicycle,False,False,1.0,False,0,6,196.8,False,0.0,0.0,False,https://gbfs.partners.fifteen.eu/gbfs/2.2/swabi/en/gbfs.json
DE,welo,nextbike_wa,293,True,"bicycle,cargo_bicycle",True,False,7.513,True,0,6,3437.4,False,0.0,86.69,True,https://gbfs.nextbike.net/maps/gbfs/v2/nextbike_wa/gbfs.json
DE,WinsenRad,nextbike_wd,21,True,bicycle,False,False,1.615,False,0,0,31.7,False,0.0,38.1,False,https://gbfs.nextbike.net/maps/gbfs/v2/nextbike_wd/gbfs.json
DE,Voi,voi_de,438,True,scooter,False,False,4.337,False,0,0,11323.4,False,0.0,76.94,False,https://api.mobidata-bw.de/sharing/gbfs/v3/voi_de/gbfs
DE,VRNnextbike,nextbike_vn,384,True,"bicycle,cargo_bicycle",True,False,2.157,False,0,15,6381.9,False,0.0,53.65,True,https://gbfs.nextbike.net/maps/gbfs/v2/nextbike_vn/gbfs.json
DE,Zeus Bamberg,zeus_bamberg,0,True,,,,,,,,,,,,,https://zeus.city/api/v1/mds/gbfs/bamberg/gbfs.json
DE,zeo Carsharing,zeo_bruchsal,61,True,car,True,False,,False,0,0,1233.0,False,0.0,100.0,True,https://api.mobidata-bw.de/sharing/gbfs/v3/zeo_bruchsal/gbfs
DE,Zeus Castrop Rauxel,zeus_castrop-rauxel,0,True,,,,,,,,,,,,,https://zeus.city/api/v1/mds/gbfs/castrop-rauxel/gbfs.json
DE,Zeus Duisburg,zeus_duisburg,0,True,,,,,,,,,,,,,https://zeus.city/api/v1/mds/gbfs/duisburg/gbfs.json
DE,Zeus Hagen,zeus_hagen,0,True,,,,,,,,,,,,,https://zeus.city/api/v1/mds/gbfs/hagen/gbfs.json
DE,westBike,nextbike_gh,20,True,bicycle,False,False,1.0,False,0,0,520.8,False,0.0,0.0,False,https://gbfs.nextbike.net/maps/gbfs/v2/nextbike_gh/gbfs.json
DE,swu2go Carsharing,swu2go,0,False,,,,,,,,,,,,,https://ixsi.swu.de/gbfs.json
DE,Zeus Heilbronn,zeus_heilbronn,0,True,,,,,,,,,,,,,https://zeus.city/api/v1/mds/gbfs/heilbronn/gbfs.json
DE,Zeus Heidelberg,zeus_heidelberg,0,True,,,,,,,,,,,,,https://zeus.city/api/v1/mds/gbfs/heidelberg/gbfs.json
DE,Zeus Freiburg,zeus_freiburg im breisgau,0,True,,,,,,,,,,,,,https://zeus.city/api/v1/mds/gbfs/freiburg%20im%20breisgau/gbfs.json
DE,Lime Wuppertal,lime_wuppertal,1,True,"bicycle,scooter",False,False,,False,0,0,0.0,False,0.0,100.0,False,https://data.lime.bike/api/partners/v2/gbfs/wuppertal/gbfs.json
DE,Zeus Gera,zeus_gera,0,True,,,,,,,,,,,,,https://zeus.city/api/v1/mds/gbfs/gera/gbfs.json
DE,Zeus Hemmingen,zeus_hemmingen,0,True,,,,,,,,,,,,,https://zeus.city/api/v1/mds/gbfs/hemmingen/gbfs.json
DE,Zeus Goppingen,zeus_goppingen,0,True,,,,,,,,,,,,,https://zeus.city/api/v1/mds/gbfs/goppingen/gbfs.json
DE,Zeus Friedberg,zeus_friedberg,0,True,,,,,,,,,,,,,https://zeus.city/api/v1/mds/gbfs/friedberg/gbfs.json
DE,Zeus Kempten,zeus_kempten,0,True,,,,,,,,,,,,,https://zeus.city/api/v1/mds/gbfs/kempten/gbfs.json
DE,Zeus Limburgerhof,zeus_limburgerhof,0,True,,,,,,,,,,,,,https://zeus.city/api/v1/mds/gbfs/limburgerhof/gbfs.json
DE,Zeus Konstanz,zeus_konstanz,0,True,,,,,,,,,,,,,https://zeus.city/api/v1/mds/gbfs/konstanz/gbfs.json
DE,Yoio Freiburg,71,0,True,,,,,,,,,,,,,https://yoio.rideatom.com/gbfs/71/v3.0/gbfs
DE,Zeus Neustadt,zeus_neustadt,0,True,,,,,,,,,,,,,https://zeus.city/api/v1/mds/gbfs/neustadt/gbfs.json
DE,Zeus Marburg,zeus_marburg,0,True,,,,,,,,,,,,,https://zeus.city/api/v1/mds/gbfs/marburg/gbfs.json
DE,wupsiRad Leverkusen,nextbike_dw,121,True,"bicycle,cargo_bicycle",True,True,30.25,True,0,1,296.2,False,0.0,96.69,True,https://gbfs.nextbike.net/maps/gbfs/v2/nextbike_dw/gbfs.json
DE,Yoio Erfurt,159,0,True,,,,,,,,,,,,,https://yoio.rideatom.com/gbfs/159/v3.0/gbfs
DE,Zeus Pforzheim,zeus_pforzheim,0,True,,,,,,,,,,,,,https://zeus.city/api/v1/mds/gbfs/pforzheim/gbfs.json
DE,Zeus Regensburg,zeus_regensburg,0,True,,,,,,,,,,,,,https://zeus.city/api/v1/mds/gbfs/regensburg/gbfs.json
DE,Zeus Hattingen,zeus_hattingen,0,True,,,,,,,,,,,,,https://zeus.city/api/v1/mds/gbfs/hattingen/gbfs.json
DE,Zeus Renningen-Malmsheim,zeus_renningen-malmsheim,0,True,,,,,,,,,,,,,https://zeus.city/api/v1/mds/gbfs/renningen-malmsheim/gbfs.json
DE,Zeus Reutlingen,zeus_reutlingen,0,True,,,,,,,,,,,,,https://zeus.city/api/v1/mds/gbfs/reutlingen/gbfs.json
DE,Zeus Russelsheim,zeus_russelsheim,0,True,,,,,,,,,,,,,https://zeus.city/api/v1/mds/gbfs/russelsheim/gbfs.json
DE,Zeus Schweinfurt,zeus_schweinfurt,0,True,,,,,,,,,,,,,https://zeus.city/api/v1/mds/gbfs/schweinfurt/gbfs.json
DE,Zeus Straubing,zeus_straubing,0,True,,,,,,,,,,,,,https://zeus.city/api/v1/mds/gbfs/straubing/gbfs.json
DE,Zeus Villingen-Schwenningen,zeus_villingen-schwenningen,0,True,,,,,,,,,,,,,https://zeus.city/api/v1/mds/gbfs/villingen-schwenningen/gbfs.json
DE,Zeus Herne,zeus_herne,0,True,,,,,,,,,,,,,https://zeus.city/api/v1/mds/gbfs/herne/gbfs.json
DE,Zeus Wurzburg,zeus_wurzburg,0,True,,,,,,,,,,,,,https://zeus.city/api/v1/mds/gbfs/wurzburg/gbfs.json
DE,Zeus Jena,zeus_jena,0,True,,,,,,,,,,,,,https://zeus.city/api/v1/mds/gbfs/jena/gbfs.json
DE,Zeus Ludwigsburg,zeus_ludwigsburg,0,True,,,,,,,,,,,,,https://zeus.city/api/v1/mds/gbfs/ludwigsburg/gbfs.json
DE,Yoio Göttingen,9,1,True,"bicycle,scooter",False,False,,False,0,0,0.0,False,0.0,100.0,False,https://yoio.rideatom.com/gbfs/9/v3.0/gbfs
DE,Zeus Tuttlingen,zeus_tuttlingen,0,True,,,,,,,,,,,,,https://zeus.city/api/v1/mds/gbfs/tuttlingen/gbfs.json
DE,Zeus Tubingen,zeus_tubingen,0,True,,,,,,,,,,,,,https://zeus.city/api/v1/mds/gbfs/tubingen/gbfs.json
DE,Zeus Schwäbisch Gmünd,zeus_schwabisch gmund,0,True,,,,,,,,,,,,,https://zeus.city/api/v1/mds/gbfs/schwabisch%20gmund/gbfs.json
DK,Donkey Republic Aalborg,donkey_aalborg,55,True,bicycle,False,False,1.0,False,0,3,101.7,False,0.0,0.0,False,https://stables.donkey.bike/api/public/gbfs/3.0/donkey_aalborg/gbfs.json
DK,Donkey Republic Glostrup,donkey_glostrup,9,True,bicycle,False,False,1.0,False,0,0,22.9,False,0.0,0.0,False,https://stables.donkey.bike/api/public/gbfs/3.0/donkey_glostrup/gbfs.json
DK,Donkey Republic Ballerup,donkey_ballerup,33,True,bicycle,False,False,1.0,False,0,1,457.0,False,0.0,0.0,False,https://stables.donkey.bike/api/public/gbfs/3.0/donkey_ballerup/gbfs.json
DK,Donkey Republic Rødvig,donkey_roedvig,0,True,,,,,,,,,,,,,https://stables.donkey.bike/api/public/gbfs/3.0/donkey_roedvig/gbfs.json
DK,Donkey Republic Herning,donkey_herning,0,True,,,,,,,,,,,,,https://stables.donkey.bike/api/public/gbfs/3.0/donkey_herning/gbfs.json
DK,Donkey Republic Aarhus,donkey_aarhus,355,True,bicycle,False,False,1.006,False,0,16,209.8,False,0.56,0.0,False,https://stables.donkey.bike/api/public/gbfs/3.0/donkey_aarhus/gbfs.json
DK,Donkey Republic Bandholm,donkey_bandholm,0,True,,,,,,,,,,,,,https://stables.donkey.bike/api/public/gbfs/3.0/donkey_bandholm/gbfs.json
DK,Donkey Republic Odense,donkey_odense,355,True,,False,False,1.0,False,0,5,442.8,False,0.0,0.0,False,https://stables.donkey.bike/api/public/gbfs/3.0/donkey_odense/gbfs.json
ES,BBK Klimabizi,nextbike_ey,0,False,,,,,,,,,,,,,https://gbfs.nextbike.net/maps/gbfs/v2/nextbike_ey/gbfs.json
DK,Donkey Republic Lalandia (Rødby),donkey_lalandia,0,True,,,,,,,,,,,,,https://stables.donkey.bike/api/public/gbfs/3.0/donkey_lalandia/gbfs.json
DK,Dott Frederikssund,dott-frederikssund,37,True,bicycle,False,False,,False,0,1,91.9,False,0.0,100.0,False,https://gbfs.api.ridedott.com/public/v2/frederikssund/gbfs.json
ES,AMBici,nextbike_bs,237,True,bicycle,False,False,1.0,False,0,0,863.8,False,0.0,0.0,False,https://gbfs.nextbike.net/maps/gbfs/v2/nextbike_bs/gbfs.json
DK,Donkey Republic Middelfart,donkey_middelfart,0,True,,,,,,,,,,,,,https://stables.donkey.bike/api/public/gbfs/3.0/donkey_middelfart/gbfs.json
DK,Donkey Republic Klampenborg,donkey_klampenborg,3,True,bicycle,False,False,1.0,False,0,0,3.6,False,0.0,0.0,False,https://stables.donkey.bike/api/public/gbfs/3.0/donkey_klampenborg/gbfs.json
DK,Dott Roskilde,dott-roskilde,75,True,bicycle,False,False,,False,0,4,74.4,False,0.0,100.0,False,https://gbfs.api.ridedott.com/public/v2/roskilde/gbfs.json
DK,Dott Region Hovedstaden,dott-region-h,1147,True,bicycle,False,False,,False,0,1,1279.2,False,0.0,100.0,False,https://gbfs.api.ridedott.com/public/v2/region-h/gbfs.json
DK,Donkey Republic Store Heddinge,donkey_store_heddinge,6,True,bicycle,False,False,1.0,False,0,0,231.8,False,0.0,0.0,False,https://stables.donkey.bike/api/public/gbfs/3.0/donkey_store_heddinge/gbfs.json
ES,bibo,nextbike_by,37,True,bicycle,False,False,3.083,False,0,0,37.5,False,0.0,67.57,False,https://gbfs.nextbike.net/maps/gbfs/v2/nextbike_by/gbfs.json
ES,biciArteixo,nextbike_aa,8,True,bicycle,False,False,1.0,False,0,0,30.8,False,0.0,0.0,False,https://gbfs.nextbike.net/maps/gbfs/v2/nextbike_aa/gbfs.json
DE,AB mit Lara,5534922f6997f4d861ce1b33f2efce21a470c22,16,True,,,False,,False,,,,,0.0,100.0,,https://abmitlara.de/wp-json/commonsbooking/v1/gbfs.json
ES,BiciMislata,nextbike_ad,21,True,bicycle,False,False,1.167,False,0,2,40.2,False,0.0,14.29,False,https://gbfs.nextbike.net/maps/gbfs/v2/nextbike_ad/gbfs.json
ES,BiciPalma,nextbike_ea,91,True,bicycle,False,False,1.011,False,0,4,111.3,False,0.0,1.1,False,https://gbfs.nextbike.net/maps/gbfs/v2/nextbike_ea/gbfs.json
DK,Donkey Republic Hillerød,donkey_hillerod,1,True,bicycle,False,False,1.0,False,0,0,0.0,False,0.0,0.0,False,https://stables.donkey.bike/api/public/gbfs/3.0/donkey_hillerod/gbfs
DK,Donkey Republic Frederikshavn,donkey_frederikshavn,5,True,bicycle,False,False,1.0,False,0,0,5.5,False,0.0,0.0,False,https://stables.donkey.bike/api/public/gbfs/3.0/donkey_frederikshavn/gbfs.json
DK,Dott Copenhagen,dott-copenhagen,7696,True,bicycle,False,False,,False,0,103,235.5,False,0.0,100.0,False,https://gbfs.api.ridedott.com/public/v2/copenhagen/gbfs.json
DK,Donkey Republic Copenhagen,donkey_copenhagen,2604,True,bicycle,False,False,1.002,False,0,11,353.2,False,0.19,0.0,False,https://stables.donkey.bike/api/public/gbfs/3.0/donkey_copenhagen/gbfs.json
ES,Bicing,bike_barcelona,544,True,"bicycle,scooter_standing",False,False,1.006,False,0,1,158.5,False,0.55,0.0,False,https://barcelona.publicbikesystem.net/customer/gbfs/v3.0/gbfs.json
ES,Bicicoruña,acoruna,84,True,"bicycle,scooter_standing",False,False,1.063,False,3,2,42.0,False,5.95,0.0,True,https://acoruna.publicbikesystem.net/customer/gbfs/v3.0/gbfs.json
ES,BicinRivas,rivas,42,True,"bicycle,scooter_standing",False,False,1.0,False,0,0,29.2,False,0.0,0.0,False,https://rivas.publicbikesystem.net/customer/gbfs/v3.0/gbfs.json
ES,Cooltra Barcelona,barcelona,0,True,,,,,,,,,,,,,https://maas.zeus.cooltra.com/gbfs/barcelona/3.0/en/gbfs.json
ES,bicimad,bicimad_madrid,636,True,"bicycle,scooter_standing",False,False,1.005,False,0,3,602.2,False,0.47,0.0,False,https://madrid.publicbikesystem.net/customer/gbfs/v3.0/gbfs.json
ES,bizkaibizi (Spain),nextbike_bw,105,True,bicycle,False,False,1.0,False,0,2,179.3,False,0.0,0.0,False,https://gbfs.nextbike.net/maps/gbfs/v2/nextbike_bw/gbfs.json
ES,Bizi,zaragoza,276,True,"bicycle,scooter_standing",False,False,1.0,False,0,0,136.9,False,0.0,0.0,False,https://zaragoza.publicbikesystem.net/customer/gbfs/v3.0/gbfs.json
ES,Bilbao Bizi,bilbao,48,True,"bicycle,scooter_standing",False,False,1.0,False,0,0,37.8,False,0.0,0.0,False,https://bilbao.publicbikesystem.net/customer/gbfs/v3.0/gbfs.json
ES,Dott Ibiza,dott-ibiza,0,False,,,,,,,,,,,,,https://gbfs.api.ridedott.com/public/v2/ibiza/gbfs.json
ES,Dott Estepona,dott-estepona,47,True,"bicycle,scooter",False,False,,False,0,0,1194.3,False,0.0,100.0,False,https://gbfs.api.ridedott.com/public/v2/estepona/gbfs.json
ES,Dott Grado,dott-grado,66,True,"bicycle,scooter",False,False,,False,66,0,0.0,False,0.0,100.0,True,https://gbfs.api.ridedott.com/public/v2/grado/gbfs.json
ES,Dbizi,sansebastian,70,True,"bicycle,scooter_standing",False,False,1.0,False,0,1,42.6,False,0.0,0.0,False,https://sansebastian.publicbikesystem.net/customer/gbfs/v3.0/gbfs.json
ES,Bird Gijón,bird-gijón,0,True,,,,,,,,,,,,,https://mds.bird.co/gbfs/v2/public/gijon/gbfs.json
ES,Dott Lorca,dott-lorca,168,True,"bicycle,scooter",False,False,,False,0,11,85.1,False,0.0,100.0,False,https://gbfs.api.ridedott.com/public/v2/lorca/gbfs.json
ES,Donkey Republic Barcelona,donkey_barcelona,1471,True,bicycle,False,False,1.001,False,0,8,100.9,False,0.14,0.0,False,https://stables.donkey.bike/api/public/gbfs/3.0/donkey_barcelona/gbfs.json
ES,Dott Tarragona,dott-tarragona,107,True,"bicycle,scooter",False,False,,False,0,6,40.4,False,0.0,100.0,False,https://gbfs.api.ridedott.com/public/v2/tarragona/gbfs.json
ES,Dott Tenerife,dott-tenerife,172,True,scooter,False,False,,False,172,0,0.0,False,0.0,100.0,True,https://gbfs.api.ridedott.com/public/v2/tenerife/gbfs.json
ES,Dott Tenerife-Sur,dott-tenerife-sur,171,True,scooter,False,False,,False,171,0,0.0,False,0.0,100.0,True,https://gbfs.api.ridedott.com/public/v2/tenerife-sur/gbfs.json
ES,Getaround Alcobendas,getaround_alcobendas,0,True,,,,,,,,,,,,,https://getaround.com/gbfs/v3/alcobendas/gbfs
ES,Bird Antigua,bird-antigua,0,True,,,,,,,,,,,,,https://mds.bird.co/gbfs/v2/public/antigua/gbfs.json
ES,Getaround Aranjuez,getaround_aranjuez,0,True,,,,,,,,,,,,,https://getaround.com/gbfs/v3/aranjuez/gbfs
ES,Getaround Barcelona,getaround_barcelona,0,True,,,,,,,,,,,,,https://getaround.com/gbfs/v3/barcelona/gbfs
ES,Getaround Alicante,getaround_alicante,0,True,,,,,,,,,,,,,https://getaround.com/gbfs/v3/alicante/gbfs
ES,Bird Adeje,bird-adeje,200,True,"bicycle,scooter",False,False,,False,200,0,0.0,False,0.0,100.0,True,https://mds.bird.co/gbfs/v2/public/adeje/gbfs.json
ES,Bird Zaragoza,bird zaragoza,0,True,,,,,,,,,,,,,https://mds.bird.co/gbfs/v2/public/zaragoza/gbfs.json
ES,Bird Murcia,bird-murcia,0,True,,,,,,,,,,,,,https://mds.bird.co/gbfs/v2/public/murcia/gbfs.json
ES,Bird Pájara,bird-pájara,0,True,,,,,,,,,,,,,https://mds.bird.co/gbfs/v2/public/pajara/gbfs.json
ES,Getaround Benidorm,getaround_benidorm,0,True,,,,,,,,,,,,,https://getaround.com/gbfs/v3/benidorm/gbfs
ES,Ganxeta,ganxeta_reus,24,True,bicycle,False,False,1.0,False,0,1,9.1,False,0.0,0.0,False,https://gbfs.ganxeta.cat/v2/gbfs.json
ES,Getaround Candelaria,getaround_candelaria,0,True,,,,,,,,,,,,,https://getaround.com/gbfs/v3/candelaria/gbfs
ES,Getaround Granada,getaround_granada,0,True,,,,,,,,,,,,,https://getaround.com/gbfs/v3/granada/gbfs
ES,Getaround Coslada,getaround_coslada,0,True,,,,,,,,,,,,,https://getaround.com/gbfs/v3/coslada/gbfs
ES,Getaround Castelldefels,getaround_castelldefels,0,True,,,,,,,,,,,,,https://getaround.com/gbfs/v3/castelldefels/gbfs
ES,Getaround Fuenlabrada,getaround_fuenlabrada,0,True,,,,,,,,,,,,,https://getaround.com/gbfs/v3/fuenlabrada/gbfs
ES,Getaround Madrid,getaround_madrid,0,True,,,,,,,,,,,,,https://getaround.com/gbfs/v3/madrid/gbfs
ES,Getaround Mao,getaround_mao,0,True,,,,,,,,,,,,,https://getaround.com/gbfs/v3/mao/gbfs
ES,Getaround Granollers,getaround_granollers,0,True,,,,,,,,,,,,,https://getaround.com/gbfs/v3/granollers/gbfs
ES,Getaround Getafe,getaround_getafe,0,True,,,,,,,,,,,,,https://getaround.com/gbfs/v3/getafe/gbfs
ES,Getaround Majadahonda,getaround_majadahonda,0,True,,,,,,,,,,,,,https://getaround.com/gbfs/v3/majadahonda/gbfs
ES,Getaround Paterna,getaround_paterna,0,True,,,,,,,,,,,,,https://getaround.com/gbfs/v3/paterna/gbfs
ES,Getaround Parla,getaround_parla,0,True,,,,,,,,,,,,,https://getaround.com/gbfs/v3/parla/gbfs
ES,Getaround Sabadell,getaround_sabadell,0,True,,,,,,,,,,,,,https://getaround.com/gbfs/v3/sabadell/gbfs
ES,Getaround Badalona,getaround_badalona,0,True,,,,,,,,,,,,,https://getaround.com/gbfs/v3/badalona/gbfs
ES,Lovesharing (Canary Islands),nextbike_ls,15,True,bicycle,False,False,1.0,False,15,0,0.0,False,0.0,0.0,True,https://gbfs.nextbike.net/maps/gbfs/v2/nextbike_ls/gbfs.json
ES,moxsi (Las Palmas de Gran Canaria),nextbike_el,64,True,bicycle,False,False,1.0,False,64,0,0.0,False,0.0,0.0,True,https://gbfs.nextbike.net/maps/gbfs/v2/nextbike_el/gbfs.json
ES,Getaround Sevilla,getaround_sevilla,0,True,,,,,,,,,,,,,https://getaround.com/gbfs/v3/sevilla/gbfs
ES,Getaround Torremolinos,getaround_torremolinos,0,True,,,,,,,,,,,,,https://getaround.com/gbfs/v3/torremolinos/gbfs
ES,Ontibici,nextbike_oy,0,False,,,,,,,,,,,,,https://gbfs.nextbike.net/maps/gbfs/v2/nextbike_oy/gbfs.json
ES,Getaround Valencia,getaround_valencia,0,True,,,,,,,,,,,,,https://getaround.com/gbfs/v3/valencia/gbfs
ES,Getaround Viladecans,getaround_viladecans,0,True,,,,,,,,,,,,,https://getaround.com/gbfs/v3/viladecans/gbfs
ES,Getaround Valdemoro,getaround_valdemoro,0,True,,,,,,,,,,,,,https://getaround.com/gbfs/v3/valdemoro/gbfs
ES,Getaround Torrent,getaround_torrent,0,True,,,,,,,,,,,,,https://getaround.com/gbfs/v3/torrent/gbfs
ES,Bird Madrid,bird-madrid,0,True,,,,,,,,,,,,,https://mds.bird.co/gbfs/v2/public/madrid/gbfs.json
ES,nextbike BiciLOG,nextbike_ej,35,True,bicycle,False,False,1.0,False,0,0,21.8,False,0.0,0.0,False,https://gbfs.nextbike.net/maps/gbfs/v2/nextbike_ej/gbfs.json
ES,nextbike León,nextbike_sl,51,True,bicycle,False,False,1.0,False,0,1,47.4,False,0.0,0.0,False,https://gbfs.nextbike.net/maps/gbfs/v2/nextbike_sl/gbfs.json
ES,TUeBICI,nextbike_ek,42,True,bicycle,False,False,1.0,False,0,0,50.5,False,0.0,0.0,False,https://gbfs.nextbike.net/maps/gbfs/v2/nextbike_ek/gbfs.json
ES,TORRENTBICI,nextbike_en,20,True,bicycle,False,False,1.667,False,0,1,8.3,False,0.0,40.0,False,https://gbfs.nextbike.net/maps/gbfs/v2/nextbike_en/gbfs.json
FI,Donkey Republic Hämeenlinna,donkey_haemeenlinna,0,True,,,,,,,,,,,,,https://stables.donkey.bike/api/public/gbfs/3.0/donkey_haemeenlinna/gbfs.json
FI,Donkey Republic Hamina,donkey_hamina,0,True,,,,,,,,,,,,,https://stables.donkey.bike/api/public/gbfs/3.0/donkey_hamina/gbfs.json
FI,Donkey Republic Hyvinkää,donkey_hyvinkaa,0,True,,,,,,,,,,,,,https://stables.donkey.bike/api/public/gbfs/3.0/donkey_hyvinkaa/gbfs
ES,Valladolid,BIKI_valladolid,104,True,"bicycle,scooter_standing",False,False,1.0,False,0,3,180.8,False,0.0,0.0,False,https://valladolid.publicbikesystem.net/customer/gbfs/v3.0/gbfs.json
FI,Donkey Republic Iisalmi,donkey_iisalmi,14,True,bicycle,False,False,1.0,False,0,0,20.7,False,0.0,0.0,False,https://stables.donkey.bike/api/public/gbfs/3.0/donkey_iisalmi/gbfs.json
FI,Donkey Republic Kotka,donkey_kotka,47,True,bicycle,False,False,1.0,False,0,0,112.6,False,0.0,0.0,False,https://stables.donkey.bike/api/public/gbfs/3.0/donkey_kotka/gbfs.json
FI,Donkey Republic Kouvola,donkey_kouvola,22,True,bicycle,False,False,1.0,False,0,1,173.0,False,0.0,0.0,False,https://stables.donkey.bike/api/public/gbfs/3.0/donkey_kouvola/gbfs.json
FI,Donkey Republic Imatra,donkey_imatra,15,True,bicycle,False,False,1.0,False,0,0,104.1,False,0.0,0.0,False,https://stables.donkey.bike/api/public/gbfs/3.0/donkey_imatra/gbfs.json
FI,Donkey Republic Mikkeli,donkey_mikkeli,9,True,bicycle,False,False,1.0,False,0,0,14.2,False,0.0,0.0,False,https://stables.donkey.bike/api/public/gbfs/3.0/donkey_mikkeli/gbfs.json
FI,Donkey Republic Lappeenranta,donkey_lappeenranta,34,True,bicycle,False,False,1.0,False,0,1,55.4,False,0.0,0.0,False,https://stables.donkey.bike/api/public/gbfs/3.0/donkey_lappeenranta/gbfs.json
FI,Donkey Republic Porvoo,donkey_porvoo,40,True,bicycle,False,False,1.0,False,0,1,64.2,False,0.0,0.0,False,https://stables.donkey.bike/api/public/gbfs/3.0/donkey_porvoo/gbfs.json
FI,Dott Ekenäs,dott-tammisaari,50,True,scooter,False,False,,False,0,1,24.0,False,0.0,100.0,False,https://gbfs.api.ridedott.com/public/v2/tammisaari/gbfs.json
FI,Dott Espoo,dott-espoo,205,True,scooter,False,False,,False,0,0,250.3,False,0.0,100.0,False,https://gbfs.api.ridedott.com/public/v2/espoo/gbfs.json
ES,Sevici,seville,245,True,bicycle,False,False,1.0,False,0,5,132.1,False,0.0,0.0,False,https://api.cyclocity.fr/contracts/seville/gbfs/v3/gbfs.json
FI,Donkey Republic Turku,donkey_turku,257,True,"bicycle,cargo_bicycle",True,False,1.0,False,0,5,313.9,False,0.0,0.0,True,https://stables.donkey.bike/api/public/gbfs/3.0/donkey_turku/gbfs.json
FI,Dott Hameenlinna,dott-hameenlinna,66,True,"bicycle,scooter",False,False,,False,66,0,0.0,False,0.0,100.0,True,https://gbfs.api.ridedott.com/public/v2/hameenlinna/gbfs.json
FI,Dott Hanko,dott-hanko,0,True,,,,,,,,,,,,,https://gbfs.api.ridedott.com/public/v2/hanko/gbfs.json
FI,Donkey Republic Raasepori,donkey_raasepori,7,True,bicycle,False,False,1.0,False,0,0,445.2,False,0.0,0.0,False,https://stables.donkey.bike/api/public/gbfs/3.0/donkey_raasepori/gbfs
FI,Donkey Republic Mäntsälä,donkey_maentsaelae,9,True,bicycle,False,False,1.0,False,0,0,7.4,False,0.0,0.0,False,https://stables.donkey.bike/api/public/gbfs/3.0/donkey_maentsaelae/gbfs.json
FI,Dott Imatra,dott-imatra,0,True,,,,,,,,,,,,,https://gbfs.api.ridedott.com/public/v2/imatra/gbfs.json
FI,Dott Jakobstad,dott-jakobstad,0,True,,,,,,,,,,,,,https://gbfs.api.ridedott.com/public/v2/jakobstad/gbfs.json
FI,Dott Hyvinkaa,dott-hyvinkaa,6,True,scooter,False,False,,False,0,0,6.4,False,0.0,100.0,False,https://gbfs.api.ridedott.com/public/v2/hyvinkaa/gbfs.json
FI,Dott Hamina,dott-hamina,15,True,scooter,False,False,,False,0,0,19.0,False,0.0,100.0,False,https://gbfs.api.ridedott.com/public/v2/hamina/gbfs.json
FI,Dott Helsinki,dott-helsinki,565,True,scooter,False,False,,False,0,39,288.6,False,0.0,100.0,False,https://gbfs.api.ridedott.com/public/v2/helsinki/gbfs.json
ES,Valenbisi,valence,277,True,bicycle,False,False,1.0,False,0,1,40545.8,False,0.0,0.0,False,https://api.cyclocity.fr/contracts/valence/gbfs/v3/gbfs.json
FI,Dott Jyvaskyla,dott-jyvaskyla,66,True,"bicycle,scooter",False,False,,False,66,0,0.0,False,0.0,100.0,True,https://gbfs.api.ridedott.com/public/v2/jyvaskyla/gbfs.json
FI,Dott Joensuu,dott-joensuu,66,True,"bicycle,scooter",False,False,,False,66,0,0.0,False,0.0,100.0,True,https://gbfs.api.ridedott.com/public/v2/joensuu/gbfs.json
FI,Donkey Republic Riihimäki,donkey_riihimaki,38,True,bicycle,False,False,1.0,False,0,0,52.2,False,0.0,0.0,False,https://stables.donkey.bike/api/public/gbfs/3.0/donkey_riihimaki/gbfs
FI,Dott Kajaani,dott-kajaani,66,True,"bicycle,scooter",False,False,,False,66,0,0.0,False,0.0,100.0,True,https://gbfs.api.ridedott.com/public/v2/kajaani/gbfs.json
FI,Dott Kaarina,dott-kaarina,66,True,"bicycle,scooter",False,False,,False,66,0,0.0,False,0.0,100.0,True,https://gbfs.api.ridedott.com/public/v2/kaarina/gbfs.json
FI,Dott Jarvenpaa,dott-jarvenpaa,40,True,scooter,False,False,,False,0,2,2.2,False,0.0,100.0,False,https://gbfs.api.ridedott.com/public/v2/jarvenpaa/gbfs.json
FI,Dott Kangasala,dott-kangasala,66,True,"bicycle,scooter",False,False,,False,66,0,0.0,False,0.0,100.0,True,https://gbfs.api.ridedott.com/public/v2/kangasala/gbfs.json
FI,Bird Helsinki,bird-helsinki,0,True,,,,,,,,,,,,,https://mds.bird.co/gbfs/v2/public/helsinki/gbfs.json
FI,Dott Kerava,dott-kerava,21,True,scooter,False,False,,False,0,0,1.0,False,0.0,100.0,False,https://gbfs.api.ridedott.com/public/v2/kerava/gbfs.json
FI,Dott Kirkkonummi,dott-kirkkonummi,1,True,scooter,False,False,,False,0,0,0.0,False,0.0,100.0,False,https://gbfs.api.ridedott.com/public/v2/kirkkonummi/gbfs.json
FI,Dott Klaukkala,dott-klaukkala,1,True,scooter,False,False,,False,0,0,0.0,False,0.0,100.0,False,https://gbfs.api.ridedott.com/public/v2/klaukkala/gbfs.json
FI,Dott Kokkola,dott-kokkola,13,True,scooter,False,False,,False,0,1,68.4,False,0.0,100.0,False,https://gbfs.api.ridedott.com/public/v2/kokkola/gbfs.json
FI,Dott Kotka,dott-kotka,2,True,scooter,False,False,,False,0,0,0.0,False,0.0,100.0,False,https://gbfs.api.ridedott.com/public/v2/kotka/gbfs.json
FI,Dott Kouvola,dott-kouvola,0,True,,,,,,,,,,,,,https://gbfs.api.ridedott.com/public/v2/kouvola/gbfs.json
FI,Dott Kuopio,dott-kuopio,66,True,"bicycle,scooter",False,False,,False,66,0,0.0,False,0.0,100.0,True,https://gbfs.api.ridedott.com/public/v2/kuopio/gbfs.json
FI,Dott Mikkeli,dott-mikkeli,66,True,"bicycle,scooter",False,False,,False,66,0,0.0,False,0.0,100.0,True,https://gbfs.api.ridedott.com/public/v2/mikkeli/gbfs.json
FI,Dott Lappeenranta,dott-lappeenranta,3,True,scooter,False,False,,False,0,0,16.3,False,0.0,100.0,False,https://gbfs.api.ridedott.com/public/v2/lappeenranta/gbfs.json
FI,Dott Lempaala,dott-lempaala,66,True,"bicycle,scooter",False,False,,False,66,0,0.0,False,0.0,100.0,True,https://gbfs.api.ridedott.com/public/v2/lempaala/gbfs.json
FI,Dott Myyrmaki,dott-myyrmaki,66,True,"bicycle,scooter",False,False,,False,66,0,0.0,False,0.0,100.0,True,https://gbfs.api.ridedott.com/public/v2/myyrmaki/gbfs.json
FI,Dott Lahti,dott-lahti,98,True,scooter,False,False,,False,0,0,9.5,False,0.0,100.0,False,https://gbfs.api.ridedott.com/public/v2/lahti/gbfs.json
FI,Dott Naantali,dott-naantali,66,True,"bicycle,scooter",False,False,,False,66,0,0.0,False,0.0,100.0,True,https://gbfs.api.ridedott.com/public/v2/naantali/gbfs.json
FI,Dott Rauma,dott-rauma,0,True,,,,,,,,,,,,,https://gbfs.api.ridedott.com/public/v2/rauma/gbfs.json
FI,Dott Nokia,dott-nokia,1,True,scooter,False,False,,False,0,0,0.0,False,0.0,100.0,False,https://gbfs.api.ridedott.com/public/v2/nokia/gbfs.json
FI,Dott Salo,dott-salo,0,True,,,,,,,,,,,,,https://gbfs.api.ridedott.com/public/v2/salo/gbfs.json
FI,Dott Raisio,dott-raisio,66,True,"bicycle,scooter",False,False,,False,66,0,0.0,False,0.0,100.0,True,https://gbfs.api.ridedott.com/public/v2/raisio/gbfs.json
ES,Bird Barcelona,bird-barcelona,3603,True,"bicycle,scooter",False,False,,False,0,9,183.7,False,0.0,100.0,False,https://mds.bird.co/gbfs/v2/public/barcelona/gbfs.json
FI,Dott Porvoo,dott-porvoo,5,True,scooter,False,False,,False,0,0,1.2,False,0.0,100.0,False,https://gbfs.api.ridedott.com/public/v2/porvoo/gbfs.json
FI,Dott Vaasa,dott-vaasa,0,True,,,,,,,,,,,,,https://gbfs.api.ridedott.com/public/v2/vaasa/gbfs.json
FI,Dott Seinajoki,dott-seinajoki,66,True,"bicycle,scooter",False,False,,False,66,0,0.0,False,0.0,100.0,True,https://gbfs.api.ridedott.com/public/v2/seinajoki/gbfs.json
ES,Dott La-Manga,dott-la-manga,21,True,"bicycle,scooter",False,False,,False,0,0,31.6,False,0.0,100.0,False,https://gbfs.api.ridedott.com/public/v2/la-manga/gbfs.json
FI,Dott Riihimäki,dott-riihimaki,1,True,scooter,False,False,,False,0,0,0.0,False,0.0,100.0,False,https://gbfs.api.ridedott.com/public/v2/riihimaki/gbfs.json
FI,Dott Turku,dott-turku,66,True,"bicycle,scooter",False,False,,False,66,0,0.0,False,0.0,100.0,True,https://gbfs.api.ridedott.com/public/v2/turku/gbfs.json
FI,Dott Vantaa,dott-vantaa,29,True,scooter,False,False,,False,0,1,21.6,False,0.0,100.0,False,https://gbfs.api.ridedott.com/public/v2/vantaa/gbfs.json
ES,Dott Murcia,dott-murcia,400,True,"bicycle,scooter",False,False,,False,0,6,135.6,False,0.0,100.0,False,https://gbfs.api.ridedott.com/public/v2/murcia/gbfs.json
FI,Dott Tampere,dott-tampere,275,True,scooter,False,False,,False,0,8,104.6,False,0.0,100.0,False,https://gbfs.api.ridedott.com/public/v2/tampere/gbfs.json
FI,Joe Rauma,475,0,True,,,,,,,,,,,,,https://joe.rideatom.com/gbfs/v2_2/en/gbfs?id=475
GB,Beryl - Eastleigh,beryl_eastleigh,13,True,"bicycle,scooter",False,False,1.0,False,0,0,10.5,False,0.0,0.0,False,https://beryl-gbfs-production.web.app/v2_2/Eastleigh/gbfs.json
GB,Beryl - Canterbury,beryl_canterbury,25,True,"bicycle,scooter",False,False,1.0,False,0,0,15.4,False,0.0,0.0,False,https://beryl-gbfs-production.web.app/v2_2/Canterbury/gbfs.json
GB,Beryl - Hereford,beryl_hereford,73,True,"bicycle,scooter",False,False,1.0,False,0,1,73.4,False,0.0,0.0,False,https://beryl-gbfs-production.web.app/v2_2/Hereford/gbfs.json
GB,Beryl - Plymouth,beryl_plymouth,133,True,"bicycle,scooter",False,False,1.0,False,0,0,209.2,False,0.0,0.0,False,https://beryl-gbfs-production.web.app/v2_2/Plymouth/gbfs.json
GB,Beryl - Norwich,beryl_norwich,205,True,"bicycle,scooter",False,False,1.0,False,0,12,407.7,False,0.0,0.0,False,https://beryl-gbfs-production.web.app/v2_2/Norwich/gbfs.json
GB,Beryl - Leeds,beryl_leeds,94,True,"bicycle,scooter",False,False,1.0,False,0,2,91.8,False,0.0,0.0,False,https://beryl-gbfs-production.web.app/v2_2/Leeds/gbfs.json
GB,Beryl - Isle of Wight,beryl_isle_of_wight,88,True,"bicycle,scooter",False,False,1.0,False,0,0,359.4,False,0.0,0.0,False,https://gbfs.beryl.cc/v2_2/Isle_of_Wight/gbfs.json
GB,Beryl - Hertsmere,beryl_hertsmere,27,True,"bicycle,scooter",False,False,1.0,False,0,0,12.2,False,0.0,0.0,False,https://beryl-gbfs-production.web.app/v2_2/Hertsmere/gbfs.json
GB,Beryl - Guildford,beryl_guildford,39,True,"bicycle,scooter",False,False,1.0,False,0,1,43.4,False,0.0,0.0,False,https://beryl-gbfs-production.web.app/v2_2/Guildford/gbfs.json
GB,Beryl - Hackney Cargo Bike,beryl_hackney_cargo_bike,4,True,"bicycle,scooter",False,True,1.0,False,0,0,9.6,False,0.0,0.0,True,https://gbfs.beryl.cc/v2_2/Hackney_Cargo_Bike/gbfs.json
GB,Beryl - BCP,beryl_bcp,400,True,"bicycle,scooter",False,False,1.0,False,0,6,452.6,False,0.0,0.0,False,https://beryl-gbfs-production.web.app/v2_2/BCP/gbfs.json
GB,Beryl - Bradford,beryl_bradford,32,True,"bicycle,scooter",False,False,1.0,False,0,0,32.6,False,0.0,0.0,False,https://beryl-gbfs-production.web.app/v2_2/Bradford/gbfs.json
GB,Beryl - Portsmouth,beryl_portsmouth,104,True,"bicycle,scooter",False,False,1.0,False,0,0,77.7,False,0.0,0.0,False,https://gbfs.beryl.cc/v2_2/Portsmouth/gbfs.json
GB,Donkey Republic Charlbury,donkey_charlbury,0,True,,,,,,,,,,,,,https://stables.donkey.bike/api/public/gbfs/3.0/donkey_charlbury/gbfs.json
GB,Beryl - Greater Manchester,beryl_greater_manchester,286,True,"bicycle,scooter",False,False,1.117,False,0,0,106.2,False,10.49,0.0,False,https://beryl-gbfs-production.web.app/v2_2/Greater_Manchester/gbfs.json
GB,Donkey Republic Cheltenham Spa,donkey_cheltenham_spa,0,True,,,,,,,,,,,,,https://stables.donkey.bike/api/public/gbfs/3.0/donkey_cheltenham_spa/gbfs.json
GB,Donkey Republic Henley On Thames,donkey_henley_on_thames,0,True,,,,,,,,,,,,,https://stables.donkey.bike/api/public/gbfs/3.0/donkey_henley_on_thames/gbfs.json
GB,Donkey Republic Kingham,donkey_kingham,0,True,,,,,,,,,,,,,https://stables.donkey.bike/api/public/gbfs/3.0/donkey_kingham/gbfs.json
GB,Donkey Republic Cirencester,donkey_cirencester,1,True,bicycle,False,False,1.0,False,0,0,0.0,False,0.0,0.0,False,https://stables.donkey.bike/api/public/gbfs/3.0/donkey_cirencester/gbfs.json
GB,Donkey Republic Moreton In Marsh,donkey_moreton_in_marsh,0,True,,,,,,,,,,,,,https://stables.donkey.bike/api/public/gbfs/3.0/donkey_moreton_in_marsh/gbfs.json
GB,Donkey Republic Milton Park,donkey_miltonpark,0,True,,,,,,,,,,,,,https://stables.donkey.bike/api/public/gbfs/3.0/donkey_miltonpark/gbfs
GB,Donkey Republic Northleach,donkey_northleach,0,True,,,,,,,,,,,,,https://stables.donkey.bike/api/public/gbfs/3.0/donkey_northleach/gbfs.json
GB,Donkey Republic Plymouth,donkey_plymouth,0,True,,,,,,,,,,,,,https://stables.donkey.bike/api/public/gbfs/3.0/donkey_plymouth/gbfs.json
GB,Donkey Republic Oxford,donkey_oxford,25,True,bicycle,False,False,1.0,False,0,2,248.1,False,0.0,0.0,False,https://stables.donkey.bike/api/public/gbfs/3.0/donkey_oxford/gbfs.json
GB,Donkey Republic Stroud,donkey_stroud,0,True,,,,,,,,,,,,,https://stables.donkey.bike/api/public/gbfs/3.0/donkey_stroud/gbfs.json
GB,Beryl - Brighton,beryl_brighton,108,True,"bicycle,scooter",False,False,1.0,False,0,2,153.6,False,0.0,0.0,False,https://beryl-gbfs-production.web.app/v2_2/Brighton/gbfs.json
GB,Donkey Republic The Cotswold Water Park,donkey_the_cotswold_water_park,0,True,,,,,,,,,,,,,https://stables.donkey.bike/api/public/gbfs/3.0/donkey_the_cotswold_water_park/gbfs.json
GB,Donkey Republic Tetbury,donkey_tetbury,0,True,,,,,,,,,,,,,https://stables.donkey.bike/api/public/gbfs/3.0/donkey_tetbury/gbfs.json
GB,Donkey Republic Whichford,donkey_whichford,0,True,,,,,,,,,,,,,https://stables.donkey.bike/api/public/gbfs/3.0/donkey_whichford/gbfs.json
GB,Beryl - Southampton,beryl_southampton,105,True,"bicycle,scooter",False,False,1.0,False,0,0,69.5,False,0.0,0.0,False,https://gbfs.beryl.cc/v2_2/Southampton/gbfs.json
GB,Dott Braintree,dott-braintree,66,True,"bicycle,scooter",False,False,,False,66,0,0.0,False,0.0,100.0,True,https://gbfs.api.ridedott.com/public/v2/braintree/gbfs.json
GB,Dott Bath,dott-bath,232,True,"bicycle,scooter",False,False,,False,0,7,73.5,False,0.0,100.0,False,https://gbfs.api.ridedott.com/public/v2/bath/gbfs.json
GB,Donkey Republic Worthing,donkey_worthing,9,True,bicycle,False,False,1.0,False,0,0,4.9,False,0.0,0.0,False,https://stables.donkey.bike/api/public/gbfs/3.0/donkey_worthing/gbfs.json
GB,Dott Chelmsford,dott-chelmsford,66,True,"bicycle,scooter",False,False,,False,66,0,0.0,False,0.0,100.0,True,https://gbfs.api.ridedott.com/public/v2/chelmsford/gbfs.json
GB,Dott brunel-university,dott-brunel-university,8,True,bicycle,False,False,,False,0,0,7.6,False,0.0,100.0,False,https://gbfs.api.ridedott.com/public/v2/brunel-university/gbfs.json
GB,Santander Cycles - Milton Keynes,nextbike_ku,0,False,,,,,,,,,,,,,https://gbfs.nextbike.net/maps/gbfs/v2/nextbike_ku/gbfs.json
GB,Dott Bristol,dott-bristol,1254,True,"bicycle,scooter",False,False,,False,0,42,610.1,False,0.0,100.0,False,https://gbfs.api.ridedott.com/public/v2/bristol/gbfs.json
GB,Beryl - Watford,beryl_watford,97,True,"bicycle,scooter",False,False,1.0,False,0,2,79.5,False,0.0,0.0,False,https://beryl-gbfs-production.web.app/v2_2/Watford/gbfs.json
GB,Zeus Cheltenham,zeus_cheltenham,0,True,,,,,,,,,,,,,https://zeus.city/api/v1/mds/gbfs/cheltenham/gbfs.json
GB,Dott Colchester,dott-colchester,556,True,bicycle,False,False,,False,0,8,200.0,False,0.0,100.0,False,https://gbfs.api.ridedott.com/public/v2/colchester/gbfs.json
GB,Zeus Gloucester,zeus_gloucester,0,True,,,,,,,,,,,,,https://zeus.city/api/v1/mds/gbfs/gloucester/gbfs.json
GB,Dott Nottingham,dott-nottingham,385,True,scooter,False,False,,False,0,0,213.0,False,0.0,100.0,False,https://gbfs.api.ridedott.com/public/v2/nottingham/gbfs.json
GB,Beryl - Worcester,beryl_worcester,56,True,"bicycle,scooter",False,False,1.0,False,0,1,56.2,False,0.0,0.0,False,https://beryl-gbfs-production.web.app/v2_2/Worcester/gbfs.json
GB,Dott Milton Keynes,dott-milton-keynes,1854,True,"bicycle,scooter",False,False,,False,0,0,299.1,False,0.0,100.0,False,https://gbfs.api.ridedott.com/public/v2/milton-keynes/gbfs.json
GB,Bolt Liverpool,BoltEU_Liverpool,1566,True,"bicycle,scooter_standing",False,False,1.48,False,0,27,297.2,False,0.51,31.93,False,https://mds.bolt.eu/gbfs/3/412/gbfs
GB,Zeus Sunderland,zeus_sunderland,0,True,,,,,,,,,,,,,https://zeus.city/api/v1/mds/gbfs/sunderland/gbfs.json
GB,Swansea University Cycles,nextbike_uu,8,True,bicycle,False,False,1.143,False,0,0,85.5,False,0.0,12.5,False,https://gbfs.nextbike.net/maps/gbfs/v2/nextbike_uu/gbfs.json
GB,WESTcargo powered by nextbike,nextbike_we,4,True,cargo_bicycle,True,False,,False,0,0,281.6,False,0.0,100.0,True,https://gbfs.nextbike.net/maps/gbfs/v2/nextbike_we/gbfs.json
GB,Beryl - West Midlands,beryl_west_midlands,257,True,"bicycle,scooter",False,False,1.0,False,0,0,1828.0,False,0.0,0.0,False,https://beryl-gbfs-production.web.app/v2_2/West_Midlands/gbfs.json
GR,Dott Athens,dott-athens,0,True,,,,,,,,,,,,,https://gbfs.api.ridedott.com/public/v2/athens/gbfs.json
GB,Zeus Yeovil,zeus_yeovil,0,True,,,,,,,,,,,,,https://zeus.city/api/v1/mds/gbfs/yeovil/gbfs.json
GR,Bike Sharing Elliniko – Argyroupoli,nextbike_gu,8,True,bicycle,False,False,1.0,False,0,0,3.2,False,0.0,0.0,False,https://gbfs.nextbike.net/maps/gbfs/v2/nextbike_gu/gbfs.json
GR,Bike Sharing Palaio Faliro,nextbike_gy,7,True,bicycle,False,False,1.0,False,0,0,3.6,False,0.0,0.0,False,https://gbfs.nextbike.net/maps/gbfs/v2/nextbike_gy/gbfs.json
GR,Dott Thessaloniki,dott-thessaloniki,118,True,scooter,False,False,,False,0,0,421.5,False,0.0,100.0,False,https://gbfs.api.ridedott.com/public/v2/thessaloniki/gbfs.json
GR,Bike Sharing Glyfada,nextbike_gx,8,True,bicycle,False,False,1.0,False,0,0,8.3,False,0.0,0.0,False,https://gbfs.nextbike.net/maps/gbfs/v2/nextbike_gx/gbfs.json
GR,Bike Sharing Alimos,nextbike_gv,6,True,bicycle,False,False,1.0,False,0,0,7.6,False,0.0,0.0,False,https://gbfs.nextbike.net/maps/gbfs/v2/nextbike_gv/gbfs.json
GB,Neuron Mobility,neuron_ncl,0,False,,,,,,,,,,,,,https://mds.neuron-mobility.com/ncl/gbfs/2/
HR,Dalmacija (Croatia),nextbike_se,3,True,,False,False,,False,0,0,4.0,False,0.0,100.0,False,https://gbfs.nextbike.net/maps/gbfs/v2/nextbike_se/gbfs.json
HR,Bajs Zagreb (Croatia),nextbike_hd,200,True,bicycle,False,False,1.0,False,0,7,549.4,False,0.0,0.0,False,https://gbfs.nextbike.net/maps/gbfs/v2/nextbike_hd/gbfs.json
HR,Grad Velika Gorica (Croatia),nextbike_cg,0,False,,,,,,,,,,,,,https://gbfs.nextbike.net/maps/gbfs/v2/nextbike_cg/gbfs.json
GB,nextbike Stirling,nextbike_uk,10,True,bicycle,False,False,1.111,False,0,0,23.5,False,0.0,10.0,False,https://gbfs.nextbike.net/maps/gbfs/v2/nextbike_uk/gbfs.json
HR,Grad Drniš (Croatia),nextbike_gd,6,True,,False,False,1.0,False,0,0,115.8,False,0.0,0.0,False,https://gbfs.nextbike.net/maps/gbfs/v2/nextbike_gd/gbfs.json
HR,Grad Ivanić-Grad (Croatia),nextbike_ig,5,True,,False,False,,False,0,0,19.0,False,0.0,100.0,False,https://gbfs.nextbike.net/maps/gbfs/v2/nextbike_ig/gbfs.json
HR,Grad Karlovac (Croatia),nextbike_kc,13,True,,False,False,,False,0,0,2.9,False,0.0,100.0,False,https://gbfs.nextbike.net/maps/gbfs/v2/nextbike_kc/gbfs.json
HR,eMobi,nextbike_em,26,True,bicycle,False,False,1.04,False,0,1,146.5,False,0.0,3.85,False,https://gbfs.nextbike.net/maps/gbfs/v2/nextbike_em/gbfs.json
HR,Grad Križevci,nextbike_gk,15,True,bicycle,False,False,,False,0,0,6.8,False,0.0,100.0,False,https://gbfs.nextbike.net/maps/gbfs/v2/nextbike_gk/gbfs.json
HR,Grad Split,nextbike_gt,100,True,bicycle,False,False,1.667,False,0,7,765.9,False,0.0,40.0,False,https://gbfs.nextbike.net/maps/gbfs/v2/nextbike_gt/gbfs.json
HR,Grad Sisak (Croatia),nextbike_cs,5,True,,False,False,1.0,False,0,0,9.3,False,0.0,0.0,False,https://gbfs.nextbike.net/maps/gbfs/v2/nextbike_cs/gbfs.json
HR,Grad Šibenik (Croatia),nextbike_bc,11,True,bicycle,False,False,,False,0,0,6.8,False,0.0,100.0,False,https://gbfs.nextbike.net/maps/gbfs/v2/nextbike_bc/gbfs.json
HR,Grad Vinkovci (Croatia),nextbike_cm,5,True,,False,False,,False,0,0,9.4,False,0.0,100.0,False,https://gbfs.nextbike.net/maps/gbfs/v2/nextbike_cm/gbfs.json
HR,Grad Slavonski Brod (Croatia),nextbike_sb,10,True,bicycle,False,False,,False,0,0,17.5,False,0.0,100.0,False,https://gbfs.nextbike.net/maps/gbfs/v2/nextbike_sb/gbfs.json
HR,Grad Vukovar (Croatia),nextbike_vu,2,True,,False,False,1.0,False,0,0,0.0,False,0.0,0.0,False,https://gbfs.nextbike.net/maps/gbfs/v2/nextbike_vu/gbfs.json
HR,Grad Zadar (Croatia),nextbike_zd,8,True,bicycle,False,False,1.6,False,0,0,22.7,False,0.0,37.5,False,https://gbfs.nextbike.net/maps/gbfs/v2/nextbike_zd/gbfs.json
HR,Grad Zaprešić (Croatia),nextbike_sg,7,True,bicycle,False,False,,False,0,0,6.2,False,0.0,100.0,False,https://gbfs.nextbike.net/maps/gbfs/v2/nextbike_sg/gbfs.json
HR,Hvar (Croatia),nextbike_ol,2,True,,False,True,1.0,False,0,0,0.0,False,0.0,0.0,True,https://gbfs.nextbike.net/maps/gbfs/v2/nextbike_ol/gbfs.json
HR,Jastrebarsko (Croatia),nextbike_cj,1,True,,False,False,1.0,False,0,0,0.0,False,0.0,0.0,False,https://gbfs.nextbike.net/maps/gbfs/v2/nextbike_cj/gbfs.json
HR,Općina Brinje (Croatia),nextbike_br,2,True,,False,False,,False,0,0,0.0,False,0.0,100.0,False,https://gbfs.nextbike.net/maps/gbfs/v2/nextbike_br/gbfs.json
HR,Porec bike share (Croatia),nextbike_cv,6,True,,False,False,,False,0,0,2.6,False,0.0,100.0,False,https://gbfs.nextbike.net/maps/gbfs/v2/nextbike_cv/gbfs.json
HR,nextbike Croatia,nextbike_hr,52,True,"bicycle,scooter",False,False,8.667,True,0,5,156182.3,True,0.0,88.46,True,https://gbfs.nextbike.net/maps/gbfs/v2/nextbike_hr/gbfs.json
HU,Dott Miskolc,dott-miskolc,0,False,,,,,,,,,,,,,https://gbfs.api.ridedott.com/public/v2/miskolc/gbfs.json
GB,Beryl - Cornwall,beryl_cornwall,109,True,"bicycle,scooter",False,False,1.0,False,0,0,3467.4,False,0.0,0.0,False,https://beryl-gbfs-production.web.app/v2_2/Cornwall/gbfs.json
HU,Dott Dunaujvaros,dott-dunaujvaros,23,True,scooter,False,False,,False,0,0,0.9,False,0.0,100.0,False,https://gbfs.api.ridedott.com/public/v2/dunaujvaros/gbfs.json
GB,Beryl - Weymouth,beryl_weymouth,32,True,"bicycle,scooter",False,False,1.0,False,0,0,141.6,False,0.0,0.0,False,https://beryl-gbfs-production.web.app/v2_2/Weymouth/gbfs.json
HU,Dott Godollo,dott-godollo,80,True,scooter,False,False,,False,0,2,45.4,False,0.0,100.0,False,https://gbfs.api.ridedott.com/public/v2/godollo/gbfs.json
HU,Dott Gyor,dott-gyor,229,True,scooter,False,False,,False,0,11,209.8,False,0.0,100.0,False,https://gbfs.api.ridedott.com/public/v2/gyor/gbfs.json
HU,Dott Budapest,dott-budapest,981,True,scooter,False,False,,False,0,9,125.8,False,0.0,100.0,False,https://gbfs.api.ridedott.com/public/v2/budapest/gbfs.json
GB,Beryl - Wool,beryl_wool,7,True,"bicycle,scooter",False,False,1.0,False,0,0,10.7,False,0.0,0.0,False,https://gbfs.beryl.cc/v2_2/Wool/gbfs.json
HU,Donkey Republic Budapest,donkey_budapest,97,True,bicycle,False,False,1.0,False,0,1,33.3,False,0.0,0.0,False,https://stables.donkey.bike/api/public/gbfs/3.0/donkey_budapest/gbfs.json
HU,Dott Siófok,dott-siofok,52,True,scooter,False,False,,False,0,3,73.3,False,0.0,100.0,False,https://gbfs.api.ridedott.com/public/v2/siofok/gbfs.json
HU,Dott Pápa,dott-papa,50,True,scooter,False,False,,False,0,1,79.6,False,0.0,100.0,False,https://gbfs.api.ridedott.com/public/v2/papa/gbfs.json
HU,Dott Hatvan,dott-hatvan,32,True,scooter,False,False,,False,0,1,47.0,False,0.0,100.0,False,https://gbfs.api.ridedott.com/public/v2/hatvan/gbfs.json
IL,Dott Herzliya,dott-herzliya,66,True,"bicycle,scooter",False,False,,False,0,2,13.7,False,0.0,100.0,False,https://gbfs.api.ridedott.com/public/v2/herzliya/gbfs.json
GB,Beryl - Stevenage,beryl_stevenage,47,True,"bicycle,scooter",False,False,1.0,False,0,0,38.3,False,0.0,0.0,False,https://beryl-gbfs-production.web.app/v2_2/Stevenage/gbfs.json
IT,Cooltra Turin,turin,0,True,,,,,,,,,,,,,https://maas.zeus.cooltra.com/gbfs/turin/3.0/en/gbfs.json
IL,Dott Tel-Aviv,dott-tel-aviv,1590,True,scooter,False,False,,False,0,88,341.9,False,0.0,100.0,False,https://gbfs.api.ridedott.com/public/v2/tel-aviv/gbfs.json
IE,Bleeper Bikes,e6cb78c4-5ba5-4414-a2a2-bbf1ed91f76c,0,False,,,,,,,,,,,,,https://data.smartdublin.ie/bleeperbike-api/gbfs
IE,Moby Dublin,mobymoby_dublin,0,True,,,,,,,,,,,,,https://api.sharebike.com/public-api-service/gbfs/v2/moby_dublin/gbfs.json
IS,Donkey Republic Reykjavik,donkey_reykjavik,1,True,bicycle,False,False,1.0,False,0,0,0.0,False,0.0,0.0,False,https://stables.donkey.bike/api/public/gbfs/3.0/donkey_reykjavik/gbfs.json
IT,Dott Arezzo,dott-arezzo,67,True,scooter,False,False,,False,0,4,13.1,False,0.0,100.0,False,https://gbfs.api.ridedott.com/public/v2/arezzo/gbfs.json
IT,Dott Bari,dott-bari,61,True,scooter,False,False,,False,0,3,134.8,False,0.0,100.0,False,https://gbfs.api.ridedott.com/public/v2/bari/gbfs.json
IL,Bird Israel,bird-israel,0,True,,,,,,,,,,,,,https://mds.bird.co/gbfs/v2/public/israel/gbfs.json
IL,Bird Tel Aviv,bird-tel-aviv,0,True,,,,,,,,,,,,,https://mds.bird.co/gbfs/v2/public/tel-aviv/gbfs.json
IT,Dott Catania,dott-catania,7,True,scooter,False,False,,False,0,0,41.2,False,0.0,100.0,False,https://gbfs.api.ridedott.com/public/v2/catania/gbfs.json
IT,Dott Ferrara,dott-ferrara,250,True,"bicycle,scooter",False,False,,False,0,4,18.3,False,0.0,100.0,False,https://gbfs.api.ridedott.com/public/v2/ferrara/gbfs.json
IT,Dott Bergamo,dott-bergamo,746,True,"bicycle,scooter",False,False,,False,0,0,60.2,False,0.0,100.0,False,https://gbfs.api.ridedott.com/public/v2/bergamo/gbfs.json
IT,Dott Cagliari,dott-cagliari,179,True,scooter,False,False,,False,0,0,72.7,False,0.0,100.0,False,https://gbfs.api.ridedott.com/public/v2/cagliari/gbfs.json
IT,Dott Jesolo,dott-jesolo,100,True,"bicycle,scooter",False,False,,False,0,1,98.4,False,0.0,100.0,False,https://gbfs.api.ridedott.com/public/v2/jesolo/gbfs.json
IT,Dott Lecco,dott-lecco,61,True,"bicycle,scooter",False,False,,False,0,3,30.2,False,0.0,100.0,False,https://gbfs.api.ridedott.com/public/v2/lecco/gbfs.json
IT,Dott Modena,dott-modena,0,True,,,,,,,,,,,,,https://gbfs.api.ridedott.com/public/v2/modena/gbfs.json
IT,Bird Milan,bird-milan,0,True,,,,,,,,,,,,,https://mds.bird.co/gbfs/v2/public/milan/gbfs.json
IT,Bird Rome,bird-rome,0,True,,,,,,,,,,,,,https://mds.bird.co/gbfs/v2/public/rome/gbfs.json
IT,Amicarnapoli,amicarnapoli,0,False,,,,,,,,,,,,,https://www.amicarnapoli.it/gbfs/gbfs.json
IT,Bird Florence,bird-florence,0,True,,,,,,,,,,,,,https://mds.bird.co/gbfs/v2/public/florence/gbfs.json
IT,Dott Monza,dott-monza,235,True,"bicycle,scooter",False,False,,False,0,1,168.4,False,0.0,100.0,False,https://gbfs.api.ridedott.com/public/v2/monza/gbfs.json
IE,Dublinbikes,dublin,117,True,bicycle,False,False,1.0,False,0,0,29.1,False,0.0,0.0,False,https://api.cyclocity.fr/contracts/dublin/gbfs/v3/gbfs.json
IT,Dott Padua,dott-padua,62,True,"bicycle,scooter",False,False,,False,0,3,91.9,False,0.0,100.0,False,https://gbfs.api.ridedott.com/public/v2/padua/gbfs.json
IT,Dott Rome,dott-rome,81,True,"bicycle,scooter",False,False,,False,0,0,811.9,False,0.0,100.0,False,https://gbfs.api.ridedott.com/public/v2/rome/gbfs.json
IT,Dott Trento,dott-trento,1179,True,scooter,False,False,,False,0,58,44.4,False,0.0,100.0,False,https://gbfs.api.ridedott.com/public/v2/trento/gbfs.json
IE,Beryl Belfast,beryl_belfast,61,True,"bicycle,scooter",False,False,1.0,False,0,0,65.4,False,0.0,0.0,False,https://beryl-gbfs-production.web.app/v2_2/Belfast/gbfs.json
IT,Dott Palermo,dott-palermo,54,True,scooter,False,False,,False,0,0,72.2,False,0.0,100.0,False,https://gbfs.api.ridedott.com/public/v2/palermo/gbfs.json
IT,Zeus Anzio,zeus_anzio,0,True,,,,,,,,,,,,,https://zeus.city/api/v1/mds/gbfs/anzio/gbfs.json
IT,Dott Reggio Emilia,dott-reggio-emilia,2,True,scooter,False,False,,False,0,0,0.0,False,0.0,100.0,False,https://gbfs.api.ridedott.com/public/v2/reggio-emilia/gbfs.json
IT,Zeus Augusta,zeus_augusta,0,True,,,,,,,,,,,,,https://zeus.city/api/v1/mds/gbfs/augusta/gbfs.json
IT,Dott Varese,dott-varese,153,True,"bicycle,scooter",False,False,,False,0,1,65.5,False,0.0,100.0,False,https://gbfs.api.ridedott.com/public/v2/varese/gbfs.json
IT,Zeus Mazara,zeus_mazara,0,True,,,,,,,,,,,,,https://zeus.city/api/v1/mds/gbfs/mazara/gbfs.json
IT,Fa.Mo.Se,nextbike_fa,25,True,bicycle,False,False,4.167,False,0,0,236.0,False,0.0,76.0,False,https://gbfs.nextbike.net/maps/gbfs/v2/nextbike_fa/gbfs.json
IT,Dott Turin,dott-turin,2264,True,"bicycle,scooter",False,False,,False,0,113,664.9,False,0.0,100.0,False,https://gbfs.api.ridedott.com/public/v2/turin/gbfs.json
IT,Dott Verona,dott-verona,1835,True,"bicycle,scooter",False,False,,False,0,29,97.0,False,0.0,100.0,False,https://gbfs.api.ridedott.com/public/v2/verona/gbfs.json
IT,Nextbike the World,nextbike_wh,3,True,bicycle,False,False,,False,0,0,11.3,False,0.0,100.0,False,https://gbfs.nextbike.net/maps/gbfs/v2/nextbike_wh/gbfs.json
IT,nextbike Bergamo,nextbike_ib,76,True,bicycle,False,False,1.854,False,0,0,53.9,False,0.0,46.05,False,https://gbfs.nextbike.net/maps/gbfs/v2/nextbike_ib/gbfs.json
IT,Verona Bike,verona-bike,40,True,bicycle,False,False,1.0,False,0,0,46.2,False,0.0,0.0,False,https://gbfs.urbansharing.com/bikeverona.it/gbfs.json
IT,Dott Milan,dott-milan,11199,True,"bicycle,scooter",False,False,,False,0,439,333.8,False,0.0,100.0,False,https://gbfs.api.ridedott.com/public/v2/milan/gbfs.json
IT,Milan Bikemi,milan-bikemi,320,True,bicycle,False,False,1.0,False,0,4,157.6,False,0.0,0.0,False,https://gbfs.urbansharing.com/bikemi.com/gbfs.json
LI,LIEmobil Liechtenstein,liemobil_liechtenstein,36,True,bicycle,False,False,,False,0,0,194.3,False,0.0,100.0,False,https://api.mobidata-bw.de/sharing/gbfs/v3/liemobil_liechtenstein/gbfs
JP,kotobike,kotobike,0,False,,,,,,,,,,,,,https://app.kotobike.jp/api/exposed/v2/gbfs/gbfs.json
LV,nextbike LV,nextbike_lv,44,True,,False,False,1.517,False,0,0,369.6,False,0.0,34.09,False,https://gbfs.nextbike.net/maps/gbfs/v2/nextbike_lv/gbfs.json
LI,Donkey Republic Liechtenstein,donkey_li,7,True,bicycle,False,False,1.0,False,0,0,5.8,False,0.0,0.0,False,https://stables.donkey.bike/api/public/gbfs/3.0/donkey_li/gbfs.json
MY,Zeus Kuala Lumpur,zeus_kuala lumpur,0,True,,,,,,,,,,,,,https://zeus.city/api/v1/mds/gbfs/kuala%20lumpur/gbfs.json
JP,CyclOcity,toyama,24,True,bicycle,False,False,1.043,False,0,0,9.5,False,4.17,0.0,False,https://api.cyclocity.fr/contracts/toyama/gbfs/v3/gbfs.json
LT,Cyclocity,vilnius,36,True,bicycle,False,False,1.0,False,0,0,24.6,False,0.0,0.0,False,https://api.cyclocity.fr/contracts/vilnius/gbfs/v3/gbfs.json
NL,Check Technologies,check_amersfoort,0,True,,,,,,,,,,,,,https://api.ridecheck.app/gbfs/v3/amersfoort/gbfs.json
NL,Check Technologies,check_almere,0,True,,,,,,,,,,,,,https://api.ridecheck.app/gbfs/v3/almere/gbfs.json
NL,Check Technologies,check_amsterdam,0,True,,,,,,,,,,,,,https://api.ridecheck.app/gbfs/v3/amsterdam/gbfs.json
NL,Check Technologies,check_delft,0,True,,,,,,,,,,,,,https://api.ridecheck.app/gbfs/v3/delft/gbfs.json
NL,Check Technologies,check_breda,0,True,,,,,,,,,,,,,https://api.ridecheck.app/gbfs/v3/breda/gbfs.json
LU,Vel'OH!,luxembourg,146,True,bicycle,False,False,1.0,False,0,5,323.2,False,0.0,0.0,False,https://api.cyclocity.fr/contracts/luxembourg/gbfs/v3/gbfs.json
NL,Check Technologies,check_denbosch,0,True,,,,,,,,,,,,,https://api.ridecheck.app/gbfs/v3/denbosch/gbfs.json
NL,Check Technologies,check_eindhoven,0,True,,,,,,,,,,,,,https://api.ridecheck.app/gbfs/v3/eindhoven/gbfs.json
NL,Check Technologies,check_denhaag,0,True,,,,,,,,,,,,,https://api.ridecheck.app/gbfs/v3/denhaag/gbfs.json
NL,Check Technologies,check_groningen,0,True,,,,,,,,,,,,,https://api.ridecheck.app/gbfs/v3/groningen/gbfs.json
NL,Check Technologies,check_haarlem,0,True,,,,,,,,,,,,,https://api.ridecheck.app/gbfs/v3/haarlem/gbfs.json
NL,Check Technologies,check_hilversum,0,True,,,,,,,,,,,,,https://api.ridecheck.app/gbfs/v3/hilversum/gbfs.json
NL,Check Technologies,check_leeuwarden,0,True,,,,,,,,,,,,,https://api.ridecheck.app/gbfs/v3/leeuwarden/gbfs.json
NL,Check Technologies,check_tilburg,0,True,,,,,,,,,,,,,https://api.ridecheck.app/gbfs/v3/tilburg/gbfs.json
NL,Check Technologies,check_rijswijk,0,True,,,,,,,,,,,,,https://api.ridecheck.app/gbfs/v3/rijswijk/gbfs.json
NL,Check Technologies,check_rotterdam,0,True,,,,,,,,,,,,,https://api.ridecheck.app/gbfs/v3/rotterdam/gbfs.json
NL,Check Technologies,check_schiedam,0,True,,,,,,,,,,,,,https://api.ridecheck.app/gbfs/v3/schiedam/gbfs.json
NL,Check Technologies,check_nijmegen,0,True,,,,,,,,,,,,,https://api.ridecheck.app/gbfs/v3/nijmegen/gbfs.json
MC,MonaBike,mona_bike,59,True,"bicycle,scooter_standing",False,False,1.073,False,0,1,10.0,False,6.78,0.0,False,https://monaco.publicbikesystem.net/customer/gbfs/v3.0/gbfs.json
NL,Check Technologies,check_vlaardingen,0,True,,,,,,,,,,,,,https://api.ridecheck.app/gbfs/v3/vlaardingen/gbfs.json
NL,Check Voorburg,check_voorburg,0,True,,,,,,,,,,,,,https://api.ridecheck.app/gbfs/v3/voorburg/gbfs.json
NL,Check Technologies,check_zwolle,0,True,,,,,,,,,,,,,https://api.ridecheck.app/gbfs/v3/zwolle/gbfs.json
NL,Check Technologies,check_lansingerland,0,True,,,,,,,,,,,,,https://api.ridecheck.app/gbfs/v3/lansingerland/gbfs.json
IT,Lime Naples,lime_naples,1,True,"bicycle,scooter",False,False,,False,0,0,0.0,False,0.0,100.0,False,https://data.lime.bike/api/partners/v2/gbfs/naples/gbfs.json
IT,Lime Bari,lime_bari,1,True,"bicycle,scooter",False,False,,False,0,0,0.0,False,0.0,100.0,False,https://data.lime.bike/api/partners/v2/gbfs/bari/gbfs.json
IL,Lime Tel Aviv,lime_tel_aviv,1,True,"bicycle,scooter",False,False,,False,0,0,0.0,False,0.0,100.0,False,https://data.lime.bike/api/partners/v2/gbfs/tel_aviv/gbfs.json
NL,Donkey Republic Amsterdam,donkey_am,33,True,bicycle,False,False,1.0,False,0,1,1327.5,False,0.0,0.0,False,https://stables.donkey.bike/api/public/gbfs/3.0/donkey_am/gbfs.json
NL,Cykl,CKL,14,True,,,False,,False,0,1,19.0,False,0.0,100.0,False,https://www.cykl.nl/gbfs/gbfs.json
NL,Donkey Republic Dordrecht,donkey_dordrecht,162,True,bicycle,False,False,1.0,False,0,3,455.0,False,0.0,0.0,False,https://stables.donkey.bike/api/public/gbfs/3.0/donkey_dordrecht/gbfs.json
NL,Donkey Republic Qbuzz,donkey_qbuzz,162,True,bicycle,False,False,1.0,False,0,3,455.0,False,0.0,0.0,False,https://stables.donkey.bike/api/public/gbfs/3.0/donkey_qbuzz/gbfs.json
NL,Donkey Republic Rotterdam/Den Haag,donkey_rotterdam_den_haag,4,True,bicycle,False,False,1.0,False,0,0,48.4,False,0.0,0.0,False,https://stables.donkey.bike/api/public/gbfs/3.0/donkey_rotterdam_den_haag/gbfs.json
NL,Donkey Republic Gorinchem,donkey_gorinchem,251,True,bicycle,False,False,1.0,False,0,6,834.0,False,0.0,0.0,False,https://stables.donkey.bike/api/public/gbfs/3.0/donkey_gorinchem/gbfs.json
NL,Donkey Republic Rivierenland,donkey_rivierenland,3,True,bicycle,False,False,1.0,False,0,0,159.4,False,0.0,0.0,False,https://stables.donkey.bike/api/public/gbfs/3.0/donkey_rivierenland/gbfs.json
NL,Donkey Republic Katwijk,donkey_katwijk,384,True,bicycle,False,False,1.0,False,0,2,2191.3,False,0.0,0.0,False,https://stables.donkey.bike/api/public/gbfs/3.0/donkey_katwijk/gbfs.json
NL,Donkey Republic Rotterdam,donkey_rt,4,True,bicycle,False,False,1.0,False,0,0,48.4,False,0.0,0.0,False,https://stables.donkey.bike/api/public/gbfs/3.0/donkey_rt/gbfs.json
NL,Donkey Republic Den Haag,donkey_den_haag,678,True,bicycle,False,False,1.0,False,0,12,522.1,False,0.0,0.0,False,https://stables.donkey.bike/api/public/gbfs/3.0/donkey_den_haag/gbfs.json
NL,Dott Utrecht,dott-utrecht,66,True,"bicycle,scooter",False,False,,False,66,0,0.0,False,0.0,100.0,True,https://gbfs.api.ridedott.com/public/v2/utrecht/gbfs.json
NL,Donkey Republic Utrechtse Heuvelrug,donkey_utrechtse_heuvelrug,0,True,,,,,,,,,,,,,https://stables.donkey.bike/api/public/gbfs/3.0/donkey_utrechtse_heuvelrug/gbfs.json
NL,Felyx Amsterdam,cooltra_amsterdam,0,True,,,,,,,,,,,,,https://maas.zeus.cooltra.com/gbfs/amsterdam/3.0/en/gbfs.json
NL,Dott Eindhoven,dott-eindhoven,118,True,bicycle,False,False,,False,0,2,146.5,False,0.0,100.0,False,https://gbfs.api.ridedott.com/public/v2/eindhoven/gbfs.json
NL,Donkey Republic Utrecht,donkey_ut,25,True,bicycle,False,False,1.0,False,0,1,399.8,False,0.0,0.0,False,https://stables.donkey.bike/api/public/gbfs/3.0/donkey_ut/gbfs.json
NL,Felyx Breda,cooltra_breda,0,True,,,,,,,,,,,,,https://maas.zeus.cooltra.com/gbfs/breda/3.0/en/gbfs.json
NL,Felyx Arnhem,cooltra_arnhem,0,True,,,,,,,,,,,,,https://maas.zeus.cooltra.com/gbfs/arnhem/3.0/en/gbfs.json
NL,Dott Veldhoven,dott-veldhoven,25,True,bicycle,False,False,,False,0,0,13.9,False,0.0,100.0,False,https://gbfs.api.ridedott.com/public/v2/veldhoven/gbfs.json
NL,Felyx Haarlem,cooltra_haarlem,0,True,,,,,,,,,,,,,https://maas.zeus.cooltra.com/gbfs/haarlem/3.0/en/gbfs.json
NL,Felyx Den Bosch,cooltra_den_bosch,0,True,,,,,,,,,,,,,https://maas.zeus.cooltra.com/gbfs/den_bosch/3.0/en/gbfs.json
NL,Felyx The Hague,cooltra_the_hague,0,True,,,,,,,,,,,,,https://maas.zeus.cooltra.com/gbfs/the_hague/3.0/en/gbfs.json
NL,Felyx Eindhoven,cooltra_eindhoven,0,True,,,,,,,,,,,,,https://maas.zeus.cooltra.com/gbfs/eindhoven/3.0/en/gbfs.json
NL,Felyx Enschede,cooltra_enschede,0,True,,,,,,,,,,,,,https://maas.zeus.cooltra.com/gbfs/enschede/3.0/en/gbfs.json
NL,Felyx Delft,cooltra_delft,0,True,,,,,,,,,,,,,https://maas.zeus.cooltra.com/gbfs/delft/3.0/en/gbfs.json
NL,Felyx Tilburg,cooltra_tilburg,0,True,,,,,,,,,,,,,https://maas.zeus.cooltra.com/gbfs/tilburg/3.0/en/gbfs.json
NL,Felyx Groningen,cooltra_groningen,0,True,,,,,,,,,,,,,https://maas.zeus.cooltra.com/gbfs/groningen/3.0/en/gbfs.json
NL,Felyx Rotterdam,cooltra_rotterdam,0,True,,,,,,,,,,,,,https://maas.zeus.cooltra.com/gbfs/rotterdam/3.0/en/gbfs.json
NL,Felyx Zwolle,cooltra_zwolle,0,True,,,,,,,,,,,,,https://maas.zeus.cooltra.com/gbfs/zwolle/3.0/en/gbfs.json
NL,Felyx Nijmegen,cooltra_nijmegen,0,True,,,,,,,,,,,,,https://maas.zeus.cooltra.com/gbfs/nijmegen/3.0/en/gbfs.json
NO,Bolt Arpsborg,boltsarpsborg,0,True,,,,,,,,,,,,,https://api.entur.io/mobility/v2/gbfs/v3/boltsarpsborg/gbfs
NO,Bolt Bergen,boltbergen,0,False,,,,,,,,,,,,,https://api.entur.io/mobility/v2/gbfs/v3/boltbergen/gbfs
NL,NS OV Fiets,ns_ov_fiets,291,True,,,False,,False,0,3,105796.4,True,0.0,100.0,True,http://gbfs.openov.nl/ovfiets/gbfs.json
NO,Bergen City Bike,bergen-city-bike,97,True,bicycle,False,False,1.0,False,0,1,50.7,False,0.0,0.0,False,https://gbfs.urbansharing.com/bergenbysykkel.no/gbfs.json
NO,Bolt Gjovik,boltgjovik,0,False,,,,,,,,,,,,,https://api.entur.io/mobility/v2/gbfs/v3/boltgjovik/gbfs
NO,Bolt Kristiansand,boltkristiansand,0,False,,,,,,,,,,,,,https://api.entur.io/mobility/v2/gbfs/v3/boltkristiansand/gbfs
NO,Bolt Fredrikstad,boltfredrikstad,0,False,,,,,,,,,,,,,https://api.entur.io/mobility/v2/gbfs/v3/boltfredrikstad/gbfs
NO,Bolt Drammen,boltdrammen,0,False,,,,,,,,,,,,,https://api.entur.io/mobility/v2/gbfs/v3/boltdrammen/gbfs
NO,Bolt Lillehammer,boltlillehammer,0,False,,,,,,,,,,,,,https://api.entur.io/mobility/v2/gbfs/v3/boltlillehammer/gbfs
NO,Bolt Hamar,bolthamar,0,False,,,,,,,,,,,,,https://api.entur.io/mobility/v2/gbfs/v3/bolthamar/gbfs
NO,Dott As,dott-as,0,False,,,,,,,,,,,,,https://gbfs.api.ridedott.com/public/v2/as/gbfs.json
NO,Dott Asker,dott-asker,0,False,,,,,,,,,,,,,https://gbfs.api.ridedott.com/public/v2/asker/gbfs.json
NL,GoAbout,goabout,44,True,,,False,,False,,,,,0.0,100.0,,https://gbfs.goabout.com/2/gbfs.json
NO,Dott Drammen,dott-drammen,0,False,,,,,,,,,,,,,https://gbfs.api.ridedott.com/public/v2/drammen/gbfs.json
NO,Dott Lillestrøm,dott-lillestrøm,0,False,,,,,,,,,,,,,https://gbfs.api.ridedott.com/public/v2/lillestrøm/gbfs.json
NO,Bolt Lillestrom,boltlillestrom,0,False,,,,,,,,,,,,,https://api.entur.io/mobility/v2/gbfs/v3/boltlillestrom/gbfs
NO,Bolt Oslo,boltoslo,0,False,,,,,,,,,,,,,https://api.entur.io/mobility/v2/gbfs/v3/boltoslo/gbfs
NO,Dott Ullensaker,dott-ullensaker,0,False,,,,,,,,,,,,,https://gbfs.api.ridedott.com/public/v2/ullensaker/gbfs.json
NO,Dott Bodø,dott-bodø,66,True,"bicycle,scooter",False,False,,False,66,0,0.0,False,0.0,100.0,True,https://gbfs.api.ridedott.com/public/v2/bodø/gbfs.json
NO,Dott Sandefjord,dott-sandefjord,66,True,"bicycle,scooter",False,False,,False,66,0,0.0,False,0.0,100.0,True,https://gbfs.api.ridedott.com/public/v2/sandefjord/gbfs.json
NO,Dott Malvik,dott-malvik,7,True,"bicycle,scooter",False,False,,False,0,0,63.3,False,0.0,100.0,False,https://gbfs.api.ridedott.com/public/v2/malvik/gbfs.json
NO,Farte Bysykkel,fartebysykkel,0,False,,,,,,,,,,,,,https://api.entur.io/mobility/v2/gbfs/v3/fartebysykkel/gbfs
NO,Dott Melhus,dott-melhus,10,True,"bicycle,scooter",False,False,,False,0,0,13.4,False,0.0,100.0,False,https://gbfs.api.ridedott.com/public/v2/melhus/gbfs.json
NO,Dott Trondheim,dott-trondheim,128,True,scooter,False,False,,False,0,6,92.5,False,0.0,100.0,False,https://gbfs.api.ridedott.com/public/v2/trondheim/gbfs.json
NO,Dott Stjørdal,dott-stjørdal,30,True,"bicycle,scooter",False,False,,False,0,0,15.9,False,0.0,100.0,False,https://gbfs.api.ridedott.com/public/v2/stjørdal/gbfs.json
NO,Bysykkel,lillestrom,7,True,bicycle,False,False,1.0,False,0,0,82.3,False,0.0,0.0,False,https://api.cyclocity.fr/contracts/lillestrom/gbfs/v3/gbfs.json
MX,Mibici Guadalajara,mibici_guadalajara,369,True,"bicycle,scooter_standing",False,False,1.005,False,0,1,155.6,False,0.54,0.0,False,https://guadalajara.publicbikesystem.net/customer/gbfs/v3.0/gbfs.json
MX,Ecobici,MEX,677,True,,,False,1.0,False,0,0,128.2,False,0.0,0.0,False,https://gbfs.mex.lyftbikes.com/gbfs/gbfs.json
NO,Getaround Arendal,getaround_arendal,0,True,,,,,,,,,,,,,https://getaround.com/gbfs/v3/arendal/gbfs
NO,Getaround Alesund,getaround_alesund,0,True,,,,,,,,,,,,,https://getaround.com/gbfs/v3/alesund/gbfs
NO,Getaround Alta,getaround_alta,0,True,,,,,,,,,,,,,https://getaround.com/gbfs/v3/alta/gbfs
NO,Getaround Drammen,getaround_drammen,0,True,,,,,,,,,,,,,https://getaround.com/gbfs/v3/drammen/gbfs
NO,Getaround Fredrikstad,getaround_fredrikstad,0,True,,,,,,,,,,,,,https://getaround.com/gbfs/v3/fredrikstad/gbfs
NO,Getaround Asker,getaround_asker,0,True,,,,,,,,,,,,,https://getaround.com/gbfs/v3/asker/gbfs
NO,Getaround Bodo,getaround_bodo,0,True,,,,,,,,,,,,,https://getaround.com/gbfs/v3/bodo/gbfs
NO,Getaround Baerum,getaround_baerum,0,True,,,,,,,,,,,,,https://getaround.com/gbfs/v3/baerum/gbfs
NO,Getaround Bergen,getaround_bergen,0,True,,,,,,,,,,,,,https://getaround.com/gbfs/v3/bergen/gbfs
NO,Getaround Evenes,getaround_evenes,0,True,,,,,,,,,,,,,https://getaround.com/gbfs/v3/evenes/gbfs
NO,Getaround Gardermoen,getaround_gardermoen,0,True,,,,,,,,,,,,,https://getaround.com/gbfs/v3/gardermoen/gbfs
NO,Getaround Harstad,getaround_harstad,0,True,,,,,,,,,,,,,https://getaround.com/gbfs/v3/harstad/gbfs
NO,Getaround Lillehammer,getaround_lillehammer,0,True,,,,,,,,,,,,,https://getaround.com/gbfs/v3/lillehammer/gbfs
NO,Getaround Leknes,getaround_leknes,0,True,,,,,,,,,,,,,https://getaround.com/gbfs/v3/leknes/gbfs
NO,Getaround Kirkenes,getaround_kirkenes,0,True,,,,,,,,,,,,,https://getaround.com/gbfs/v3/kirkenes/gbfs
NO,Getaround Kristiansand,getaround_kristiansand,0,True,,,,,,,,,,,,,https://getaround.com/gbfs/v3/kristiansand/gbfs
NO,Getaround Lorenskog,getaround_lorenskog,0,True,,,,,,,,,,,,,https://getaround.com/gbfs/v3/lorenskog/gbfs
NO,Getaround Lillestrom,getaround_lillestrom,0,True,,,,,,,,,,,,,https://getaround.com/gbfs/v3/lillestrom/gbfs
NO,Getaround Molde,getaround_molde,0,True,,,,,,,,,,,,,https://getaround.com/gbfs/v3/molde/gbfs
NO,Getaround Narvik,getaround_narvik,0,True,,,,,,,,,,,,,https://getaround.com/gbfs/v3/narvik/gbfs
NO,Getaround Moss,getaround_moss,0,True,,,,,,,,,,,,,https://getaround.com/gbfs/v3/moss/gbfs
NO,Getaround Nesodden,getaround_nesodden,0,True,,,,,,,,,,,,,https://getaround.com/gbfs/v3/nesodden/gbfs
NO,Getaround Oslo,getaround_oslo,0,True,,,,,,,,,,,,,https://getaround.com/gbfs/v3/oslo/gbfs
NO,Getaround Ski,getaround_ski,0,True,,,,,,,,,,,,,https://getaround.com/gbfs/v3/ski/gbfs
NO,Getaround Porsgrunn,getaround_porsgrunn,0,True,,,,,,,,,,,,,https://getaround.com/gbfs/v3/porsgrunn/gbfs
JP,docomo bike share service,docomo-cycle-tokyo,1820,True,,,False,1.001,False,0,16,941.9,False,0.11,0.0,False,https://api-public.odpt.org/api/v4/gbfs/docomo-cycle-tokyo/gbfs.json
NO,Getaround Sandefjord,getaround_sandefjord,0,True,,,,,,,,,,,,,https://getaround.com/gbfs/v3/sandefjord/gbfs
NO,Getaround Skien,getaround_skien,0,True,,,,,,,,,,,,,https://getaround.com/gbfs/v3/skien/gbfs
NO,Getaround Stavanger,getaround_stavanger,0,True,,,,,,,,,,,,,https://getaround.com/gbfs/v3/stavanger/gbfs
NO,Getaround Sandvika,getaround_sandvika,0,True,,,,,,,,,,,,,https://getaround.com/gbfs/v3/sandvika/gbfs
NO,Hertz Bildeling,hertzbildeling,0,False,,,,,,,,,,,,,https://api.entur.io/mobility/v2/gbfs/v3/hertzbildeling/gbfs
NO,Getaround Stjordal,getaround_stjordal,0,True,,,,,,,,,,,,,https://getaround.com/gbfs/v3/stjordal/gbfs
NO,Getaround Strommen,getaround_strommen,0,True,,,,,,,,,,,,,https://getaround.com/gbfs/v3/strommen/gbfs
NO,Getaround Trondheim,getaround_trondheim,0,True,,,,,,,,,,,,,https://getaround.com/gbfs/v3/trondheim/gbfs
NO,Kolumbus Bysykkel,kolumbusbysykkel,0,False,,,,,,,,,,,,,https://api.entur.io/mobility/v2/gbfs/v3/kolumbusbysykkel/gbfs
NO,Getaround Tonsberg,getaround_tonsberg,0,True,,,,,,,,,,,,,https://getaround.com/gbfs/v3/tonsberg/gbfs
NO,Getaround Tromso,getaround_tromso,0,True,,,,,,,,,,,,,https://getaround.com/gbfs/v3/tromso/gbfs
NO,Ryde Sarpsborg,rydesarpsborg,0,False,,,,,,,,,,,,,https://api.entur.io/mobility/v2/gbfs/v3/rydesarpsborg/gbfs
NO,Ryde Sandefjord,rydesandefjord,0,False,,,,,,,,,,,,,https://api.entur.io/mobility/v2/gbfs/v3/rydesandefjord/gbfs
NO,Hyre,hyrenorge,0,True,,,,,,,,,,,,,https://api.entur.io/mobility/v2/gbfs/v3/hyrenorge/gbfs
NO,Ryde Skien,rydeskien,0,False,,,,,,,,,,,,,https://api.entur.io/mobility/v2/gbfs/v3/rydeskien/gbfs
NO,Otto,otto,0,False,,,,,,,,,,,,,https://api.entur.io/mobility/v2/gbfs/v3/otto/gbfs
NO,Ryde Porsgrunn,rydeporsgrunn,0,False,,,,,,,,,,,,,https://api.entur.io/mobility/v2/gbfs/v3/rydeporsgrunn/gbfs
NO,Ryde Tønsberg,rydetonsberg,0,False,,,,,,,,,,,,,https://api.entur.io/mobility/v2/gbfs/v3/rydetonsberg/gbfs
NO,Oslo Bysykkel,oslobysykkel,0,False,,,,,,,,,,,,,https://api.entur.io/mobility/v2/gbfs/v3/oslobysykkel/gbfs
NO,Ryde Stavanger,rydestavanger,0,False,,,,,,,,,,,,,https://api.entur.io/mobility/v2/gbfs/v3/rydestavanger/gbfs
NO,Ryde Tromsø,rydetromso,0,False,,,,,,,,,,,,,https://api.entur.io/mobility/v2/gbfs/v3/rydetromso/gbfs
NO,Ryde Fredrikstad,rydefredrikstad,0,False,,,,,,,,,,,,,https://api.entur.io/mobility/v2/gbfs/v3/rydefredrikstad/gbfs
NO,Ryde_Oslo,rydeoslo,0,False,,,,,,,,,,,,,https://api.entur.io/mobility/v2/gbfs/v3/rydeoslo/gbfs
NO,Ryde Trondheim,rydetrondheim,0,False,,,,,,,,,,,,,https://api.entur.io/mobility/v2/gbfs/v3/rydetrondheim/gbfs
NO,Voi Arendal,voiarendal,0,False,,,,,,,,,,,,,https://api.entur.io/mobility/v2/gbfs/v3/voiarendal/gbfs
NO,Zeus Oslo,zeus_oslo,0,True,,,,,,,,,,,,,https://zeus.city/api/v1/mds/gbfs/oslo/gbfs.json
NO,Voi Bergen,voibergen,0,False,,,,,,,,,,,,,https://api.entur.io/mobility/v2/gbfs/v3/voibergen/gbfs
NO,Voi Kristiansand,voikristiansand,0,False,,,,,,,,,,,,,https://api.entur.io/mobility/v2/gbfs/v3/voikristiansand/gbfs
NO,Voi Lillestrom,voilillestrom,0,False,,,,,,,,,,,,,https://api.entur.io/mobility/v2/gbfs/v3/voilillestrom/gbfs
NO,Voi Fredrikstad,voifredrikstad,0,False,,,,,,,,,,,,,https://api.entur.io/mobility/v2/gbfs/v3/voifredrikstad/gbfs
NO,Voi Stavanger,voistavanger,0,False,,,,,,,,,,,,,https://api.entur.io/mobility/v2/gbfs/v3/voistavanger/gbfs
NO,Voi Oslo,voioslo,0,False,,,,,,,,,,,,,https://api.entur.io/mobility/v2/gbfs/v3/voioslo/gbfs
NO,Trondheim Bysykkel,trondheimbysykkel,0,False,,,,,,,,,,,,,https://api.entur.io/mobility/v2/gbfs/v3/trondheimbysykkel/gbfs
NO,Voi Trondheim,voitrondheim,0,False,,,,,,,,,,,,,https://api.entur.io/mobility/v2/gbfs/v3/voitrondheim/gbfs
PL,Dott Bialogard,dott-bialogard,46,True,scooter,False,False,,False,0,2,23.2,False,0.0,100.0,False,https://gbfs.api.ridedott.com/public/v2/bialogard/gbfs.json
PL,Chełmski Rower,nextbike_cw,17,True,"bicycle,cargo_bicycle",True,True,1.0,False,0,1,133.5,False,0.0,0.0,True,https://gbfs.nextbike.net/maps/gbfs/v2/nextbike_cw/gbfs.json
PL,Dott Bielawa,dott-bielawa,66,True,"bicycle,scooter",False,False,,False,66,0,0.0,False,0.0,100.0,True,https://gbfs.api.ridedott.com/public/v2/bielawa/gbfs.json
JP,docomo bike share service,docomo-cycle,5898,True,,,False,1.008,False,0,278,4163876.8,True,0.78,0.0,True,https://api-public.odpt.org/api/v4/gbfs/docomo-cycle/gbfs.json
PL,Dott Brzeg,dott-brzeg,0,True,,,,,,,,,,,,,https://gbfs.api.ridedott.com/public/v2/brzeg/gbfs.json
PL,Dott Braniewo,dott-braniewo,15,True,scooter,False,False,,False,0,0,2.1,False,0.0,100.0,False,https://gbfs.api.ridedott.com/public/v2/braniewo/gbfs.json
PL,Dott Brodnica,dott-brodnica,66,True,"bicycle,scooter",False,False,,False,66,0,0.0,False,0.0,100.0,True,https://gbfs.api.ridedott.com/public/v2/brodnica/gbfs.json
PL,Dott Częstochowa,dott-czestochowa,0,True,,,,,,,,,,,,,https://gbfs.api.ridedott.com/public/v2/czestochowa/gbfs.json
PL,Dott Bytom,dott-bytom,2,True,scooter,False,False,,False,0,0,0.0,False,0.0,100.0,False,https://gbfs.api.ridedott.com/public/v2/bytom/gbfs.json
PL,Dott Chrzanów,dott-chrzanow,2,True,scooter,False,False,,False,0,0,0.0,False,0.0,100.0,False,https://gbfs.api.ridedott.com/public/v2/chrzanow/gbfs.json
PL,Dott Brzeg Dolny,dott-brzeg-dolny,4,True,scooter,False,False,,False,0,0,0.0,False,0.0,100.0,False,https://gbfs.api.ridedott.com/public/v2/brzeg-dolny/gbfs.json
PL,Dott Dzierżoniów,dott-dzierzoniow,66,True,"bicycle,scooter",False,False,,False,66,0,0.0,False,0.0,100.0,True,https://gbfs.api.ridedott.com/public/v2/dzierzoniow/gbfs.json
PL,Dott Elbląg,dott-elblag,66,True,"bicycle,scooter",False,False,,False,66,0,0.0,False,0.0,100.0,True,https://gbfs.api.ridedott.com/public/v2/elblag/gbfs.json
PL,Dott Dziwnów,dott-dziwnow,66,True,"bicycle,scooter",False,False,,False,66,0,0.0,False,0.0,100.0,True,https://gbfs.api.ridedott.com/public/v2/dziwnow/gbfs.json
PL,Dott Gdansk,dott-gdansk,471,True,scooter,False,False,,False,0,7,1468.4,False,0.0,100.0,False,https://gbfs.api.ridedott.com/public/v2/gdansk/gbfs.json
PL,Dott Gdansk-Osowa,dott-gdansk-osowa,66,True,"bicycle,scooter",False,False,,False,66,0,0.0,False,0.0,100.0,True,https://gbfs.api.ridedott.com/public/v2/gdansk-osowa/gbfs.json
PL,Dott Grodzisk Mazowiecki,dott-grodzisk-mazowiecki,0,True,,,,,,,,,,,,,https://gbfs.api.ridedott.com/public/v2/grodzisk-mazowiecki/gbfs.json
PL,Dott Goleniow,dott-goleniow,19,True,scooter,False,False,,False,0,0,16.1,False,0.0,100.0,False,https://gbfs.api.ridedott.com/public/v2/goleniow/gbfs.json
PL,Dott Grudziadz,dott-grudziadz,66,True,"bicycle,scooter",False,False,,False,66,0,0.0,False,0.0,100.0,True,https://gbfs.api.ridedott.com/public/v2/grudziadz/gbfs.json
PL,Dott Gryfino,dott-gryfino,0,True,,,,,,,,,,,,,https://gbfs.api.ridedott.com/public/v2/gryfino/gbfs.json
PL,Dott Iława,dott-iława,22,True,scooter,False,False,,False,0,1,17.3,False,0.0,100.0,False,https://gbfs.api.ridedott.com/public/v2/iława/gbfs.json
PL,Dott Jastrzebie-Zdroj,dott-jastrzebie-zdroj,66,True,"bicycle,scooter",False,False,,False,66,0,0.0,False,0.0,100.0,True,https://gbfs.api.ridedott.com/public/v2/jastrzebie-zdroj/gbfs.json
PL,Dott Jelenia Góra,dott-jelenia-gora,0,True,,,,,,,,,,,,,https://gbfs.api.ridedott.com/public/v2/jelenia-gora/gbfs.json
PL,Dott Kalisz,dott-kalisz,66,True,"bicycle,scooter",False,False,,False,66,0,0.0,False,0.0,100.0,True,https://gbfs.api.ridedott.com/public/v2/kalisz/gbfs.json
PL,Dott Koscierzyna,dott-koscierzyna,0,True,,,,,,,,,,,,,https://gbfs.api.ridedott.com/public/v2/koscierzyna/gbfs.json
PL,Dott Kołobrzeg,dott-kołobrzeg,80,True,scooter,False,False,,False,0,0,38.8,False,0.0,100.0,False,https://gbfs.api.ridedott.com/public/v2/kołobrzeg/gbfs.json
PL,Dott Konin,dott-konin,66,True,"bicycle,scooter",False,False,,False,66,0,0.0,False,0.0,100.0,True,https://gbfs.api.ridedott.com/public/v2/konin/gbfs.json
PL,Dott Katowice,dott-katowice,102,True,scooter,False,False,,False,0,0,155.3,False,0.0,100.0,False,https://gbfs.api.ridedott.com/public/v2/katowice/gbfs.json
PL,Dott Koszalin,dott-koszalin,66,True,"bicycle,scooter",False,False,,False,66,0,0.0,False,0.0,100.0,True,https://gbfs.api.ridedott.com/public/v2/koszalin/gbfs.json
PL,Dott Krynica Morska,dott-krynica-morska,66,True,"bicycle,scooter",False,False,,False,66,0,0.0,False,0.0,100.0,True,https://gbfs.api.ridedott.com/public/v2/krynica-morska/gbfs.json
PL,Dott Krakow,dott-krakow,387,True,"bicycle,scooter",False,False,,False,0,10,93.1,False,0.0,100.0,False,https://gbfs.api.ridedott.com/public/v2/krakow/gbfs.json
PL,Dott Kwidzyn,dott-kwidzyn,10,True,scooter,False,False,,False,0,0,8.0,False,0.0,100.0,False,https://gbfs.api.ridedott.com/public/v2/kwidzyn/gbfs.json
NZ,Flamingo Waimakariri,flamingo_waimakariri,6,True,"bicycle,scooter_standing",False,False,,False,0,0,101.9,False,0.0,100.0,False,https://data.rideflamingo.com/gbfs/3/waimakariri/gbfs.json
NZ,Flamingo Dunedin,flamingo_dunedin,37,True,"bicycle,scooter_standing",False,False,,False,0,2,264.0,False,0.0,100.0,False,https://data.rideflamingo.com/gbfs/3/dunedin/gbfs.json
NZ,Flamingo Porirua,flamingo_porirua,20,True,"bicycle,scooter_standing",False,False,,False,0,0,112.2,False,0.0,100.0,False,https://data.rideflamingo.com/gbfs/3/porirua/gbfs.json
PL,Dott Łeba,dott-łeba,66,True,"bicycle,scooter",False,False,,False,66,0,0.0,False,0.0,100.0,True,https://gbfs.api.ridedott.com/public/v2/łeba/gbfs.json
NZ,Flamingo Tauranga,flamingo_tauranga,13,True,"bicycle,scooter_standing",False,False,,False,0,0,110.8,False,0.0,100.0,False,https://data.rideflamingo.com/gbfs/3/tauranga/gbfs.json
PL,Dott Lebork,dott-lebork,0,True,,,,,,,,,,,,,https://gbfs.api.ridedott.com/public/v2/lebork/gbfs.json
PL,Dott Legionowo,dott-legionowo,0,True,,,,,,,,,,,,,https://gbfs.api.ridedott.com/public/v2/legionowo/gbfs.json
PL,Dott Leszno,dott-leszno,0,True,,,,,,,,,,,,,https://gbfs.api.ridedott.com/public/v2/leszno/gbfs.json
PL,Dott Łuków,dott-łukow,0,True,,,,,,,,,,,,,https://gbfs.api.ridedott.com/public/v2/łukow/gbfs.json
PL,Dott Lubliniec,dott-lubliniec,2,True,scooter,False,False,,False,0,0,0.0,False,0.0,100.0,False,https://gbfs.api.ridedott.com/public/v2/lubliniec/gbfs.json
NZ,Flamingo Christchurch,flamingo_christchurch,27,True,"bicycle,scooter_standing",False,False,,False,0,2,174.9,False,0.0,100.0,False,https://data.rideflamingo.com/gbfs/3/christchurch/gbfs.json
PL,Dott Mielno,dott-mielno,66,True,"bicycle,scooter",False,False,,False,66,0,0.0,False,0.0,100.0,True,https://gbfs.api.ridedott.com/public/v2/mielno/gbfs.json
PL,Dott Międzyzdroje,dott-miedzyzdroje,24,True,scooter,False,False,,False,0,0,3.9,False,0.0,100.0,False,https://gbfs.api.ridedott.com/public/v2/miedzyzdroje/gbfs.json
PL,Dott Malbork,dott-malbork,10,True,scooter,False,False,,False,0,0,12.1,False,0.0,100.0,False,https://gbfs.api.ridedott.com/public/v2/malbork/gbfs.json
PL,Dott Mikołów,dott-mikołow,66,True,"bicycle,scooter",False,False,,False,66,0,0.0,False,0.0,100.0,True,https://gbfs.api.ridedott.com/public/v2/mikołow/gbfs.json
PL,Dott Nowogard,dott-nowogard,27,True,scooter,False,False,,False,0,1,8.1,False,0.0,100.0,False,https://gbfs.api.ridedott.com/public/v2/nowogard/gbfs.json
PL,Dott Nowy Dwór Mazowiecki,dott-nowy-dwor-mazowiecki,10,True,scooter,False,False,,False,0,1,18.3,False,0.0,100.0,False,https://gbfs.api.ridedott.com/public/v2/nowy-dwor-mazowiecki/gbfs.json
PL,Dott Nowy Sącz,dott-nowy-sacz,0,True,,,,,,,,,,,,,https://gbfs.api.ridedott.com/public/v2/nowy-sacz/gbfs.json
NZ,Flamingo Wellington,flamingo_wellington,58,True,"bicycle,scooter_standing",False,False,,False,0,5,134.3,False,0.0,100.0,False,https://data.rideflamingo.com/gbfs/3/wellington/gbfs.json
PL,Dott Nysa,dott-nysa,66,True,"bicycle,scooter",False,False,,False,66,0,0.0,False,0.0,100.0,True,https://gbfs.api.ridedott.com/public/v2/nysa/gbfs.json
PL,Dott Nowy-Targ,dott-nowy-targ,16,True,scooter,False,False,,False,0,0,1.2,False,0.0,100.0,False,https://gbfs.api.ridedott.com/public/v2/nowy-targ/gbfs.json
PL,Dott Oława,dott-oława,0,True,,,,,,,,,,,,,https://gbfs.api.ridedott.com/public/v2/oława/gbfs.json
PL,Dott Ostroda,dott-ostroda,66,True,"bicycle,scooter",False,False,,False,66,0,0.0,False,0.0,100.0,True,https://gbfs.api.ridedott.com/public/v2/ostroda/gbfs.json
PL,Dott Oświęcim,dott-oswiecim,66,True,"bicycle,scooter",False,False,,False,66,0,0.0,False,0.0,100.0,True,https://gbfs.api.ridedott.com/public/v2/oswiecim/gbfs.json
PL,Dott Oleśnica,dott-olesnica,71,True,scooter,False,False,,False,0,2,5.6,False,0.0,100.0,False,https://gbfs.api.ridedott.com/public/v2/olesnica/gbfs.json
PL,Dott Piekary Śląskie,dott-piekary-slaskie,66,True,"bicycle,scooter",False,False,,False,66,0,0.0,False,0.0,100.0,True,https://gbfs.api.ridedott.com/public/v2/piekary-slaskie/gbfs.json
PL,Dott Płock,dott-płock,1,True,scooter,False,False,,False,0,0,0.0,False,0.0,100.0,False,https://gbfs.api.ridedott.com/public/v2/płock/gbfs.json
PL,Dott Pruszcz Gdański,dott-pruszcz-gdanski,0,True,,,,,,,,,,,,,https://gbfs.api.ridedott.com/public/v2/pruszcz-gdanski/gbfs.json
PL,Dott Police,dott-police,18,True,scooter,False,False,,False,0,0,6.6,False,0.0,100.0,False,https://gbfs.api.ridedott.com/public/v2/police/gbfs.json
PL,Dott Prawobrzeże,dott-prawobrzeze,30,True,scooter,False,False,,False,0,1,23.2,False,0.0,100.0,False,https://gbfs.api.ridedott.com/public/v2/prawobrzeze/gbfs.json
PL,Dott Poznan,dott-poznan,359,True,scooter,False,False,,False,0,9,348.1,False,0.0,100.0,False,https://gbfs.api.ridedott.com/public/v2/poznan/gbfs.json
PL,Dott Ruda Śląska,dott-ruda-slaska,0,True,,,,,,,,,,,,,https://gbfs.api.ridedott.com/public/v2/ruda-slaska/gbfs.json
NZ,JOLT New Plymouth,jolt_new_plymouth,72,True,scooter_standing,False,False,,False,0,3,80.7,False,0.0,100.0,False,https://prod-api.joltscooters.co.nz/api/gbfs/new_plymouth/gbfs.json
NZ,JOLT Selwyn,jolt_selwyn,18,True,scooter_standing,False,False,,False,0,0,122.4,False,0.0,100.0,False,https://prod-api.joltscooters.co.nz/api/gbfs/selwyn/gbfs.json
PL,Dott Rewal,dott-rewal,20,True,scooter,False,False,,False,0,0,79.0,False,0.0,100.0,False,https://gbfs.api.ridedott.com/public/v2/rewal/gbfs.json
NZ,JOLT Hutt Valley,jolt_hutt_valley,81,True,scooter_standing,False,False,,False,0,6,510.0,False,0.0,100.0,False,https://prod-api.joltscooters.co.nz/api/gbfs/hutt_valley/gbfs.json
PL,Dott Starogard Gdański,dott-starogard-gdanski,0,True,,,,,,,,,,,,,https://gbfs.api.ridedott.com/public/v2/starogard-gdanski/gbfs.json
PL,Dott Siedlce,dott-siedlce,104,True,scooter,False,False,,False,0,0,5.7,False,0.0,100.0,False,https://gbfs.api.ridedott.com/public/v2/siedlce/gbfs.json
PL,Dott Słupsk,dott-słupsk,66,True,"bicycle,scooter",False,False,,False,66,0,0.0,False,0.0,100.0,True,https://gbfs.api.ridedott.com/public/v2/słupsk/gbfs.json
PL,Dott Swidnica,dott-swidnica,1,True,scooter,False,False,,False,0,0,0.0,False,0.0,100.0,False,https://gbfs.api.ridedott.com/public/v2/swidnica/gbfs.json
PL,Dott Skawina,dott-skawina,34,True,scooter,False,False,,False,0,0,16.4,False,0.0,100.0,False,https://gbfs.api.ridedott.com/public/v2/skawina/gbfs.json
PL,Dott Sobieszewo Island,dott-sobieszewo-island,66,True,"bicycle,scooter",False,False,,False,66,0,0.0,False,0.0,100.0,True,https://gbfs.api.ridedott.com/public/v2/sobieszewo-island/gbfs.json
PL,Dott Swiecie,dott-swiecie,66,True,"bicycle,scooter",False,False,,False,66,0,0.0,False,0.0,100.0,True,https://gbfs.api.ridedott.com/public/v2/swiecie/gbfs.json
PL,Dott Świnoujście,dott-swinoujscie,1,True,scooter,False,False,,False,0,0,0.0,False,0.0,100.0,False,https://gbfs.api.ridedott.com/public/v2/swinoujscie/gbfs.json
PL,Dott Szczecin,dott-szczecin,108,True,scooter,False,False,,False,0,5,235.2,False,0.0,100.0,False,https://gbfs.api.ridedott.com/public/v2/szczecin/gbfs.json
PL,Dott Tczew,dott-tczew,23,True,scooter,False,False,,False,0,0,15.9,False,0.0,100.0,False,https://gbfs.api.ridedott.com/public/v2/tczew/gbfs.json
PL,Dott Toruń,dott-torun,66,True,"bicycle,scooter",False,False,,False,66,0,0.0,False,0.0,100.0,True,https://gbfs.api.ridedott.com/public/v2/torun/gbfs.json
PL,Dott Trzebnica,dott-trzebnica,66,True,"bicycle,scooter",False,False,,False,66,0,0.0,False,0.0,100.0,True,https://gbfs.api.ridedott.com/public/v2/trzebnica/gbfs.json
PL,Dott Zawiercie,dott-zawiercie,0,True,,,,,,,,,,,,,https://gbfs.api.ridedott.com/public/v2/zawiercie/gbfs.json
PL,Dott Ustka,dott-ustka,66,True,"bicycle,scooter",False,False,,False,66,0,0.0,False,0.0,100.0,True,https://gbfs.api.ridedott.com/public/v2/ustka/gbfs.json
PL,Łódzki Rower Publiczny,nextbike_lp,0,False,,,,,,,,,,,,,https://gbfs.nextbike.net/maps/gbfs/v2/nextbike_lp/gbfs.json
PL,Dott Tarnowskie Góry,dott-tarnowskie-gory,15,True,scooter,False,False,,False,0,0,15.8,False,0.0,100.0,False,https://gbfs.api.ridedott.com/public/v2/tarnowskie-gory/gbfs.json
PL,Dott Żory,dott-zory,0,True,,,,,,,,,,,,,https://gbfs.api.ridedott.com/public/v2/zory/gbfs.json
PL,Dott Warsaw,dott-warsaw,36,True,scooter,False,False,,False,0,0,421.7,False,0.0,100.0,False,https://gbfs.api.ridedott.com/public/v2/warsaw/gbfs.json
PL,JasKółka,nextbike_pj,30,True,bicycle,False,False,1.034,False,0,0,30.3,False,0.0,3.33,False,https://gbfs.nextbike.net/maps/gbfs/v2/nextbike_pj/gbfs.json
JP,HELLO CYCLING,hellocycling,14215,True,bicycle,False,False,,False,0,353,3682689.4,True,0.0,100.0,True,https://api-public.odpt.org/api/v4/gbfs/hellocycling/gbfs.json
PL,Dott Wrocław,dott-wrocław,791,True,scooter,False,False,,False,0,30,274.8,False,0.0,100.0,False,https://gbfs.api.ridedott.com/public/v2/wrocław/gbfs.json
PL,GRM Grodzisk Poland,nextbike_gp,17,True,bicycle,False,False,1.0,False,0,1,47.8,False,0.0,0.0,False,https://gbfs.nextbike.net/maps/gbfs/v2/nextbike_gp/gbfs.json
NZ,Flamingo Auckland,flamingo_auckland,97,True,"bicycle,scooter_standing",False,False,,False,0,4,134.8,False,0.0,100.0,False,https://data.rideflamingo.com/gbfs/3/auckland/gbfs.json
PL,Pruszkowski Rower Miejski,nextbike_or,16,True,bicycle,False,False,1.0,False,0,0,20.7,False,0.0,0.0,False,https://gbfs.nextbike.net/maps/gbfs/v2/nextbike_or/gbfs.json
PL,Koniński Rower Miejski Poland,nextbike_pn,13,True,bicycle,False,False,1.083,False,0,0,51.7,False,0.0,7.69,False,https://gbfs.nextbike.net/maps/gbfs/v2/nextbike_pn/gbfs.json
PL,Koszaliński Rower Miejski Poland,nextbike_ps,20,True,bicycle,False,False,1.0,False,0,0,79.4,False,0.0,0.0,False,https://gbfs.nextbike.net/maps/gbfs/v2/nextbike_ps/gbfs.json
PL,Rower Miejski w Ostrowie Wielkopolskim,nextbike_po,12,True,bicycle,False,False,1.0,False,0,0,33.0,False,0.0,0.0,False,https://gbfs.nextbike.net/maps/gbfs/v2/nextbike_po/gbfs.json
PL,Wolsztyński Rower Miejski,nextbike_fp,0,False,,,,,,,,,,,,,https://gbfs.nextbike.net/maps/gbfs/v2/nextbike_fp/gbfs.json
PL,Zielonogórski Rower Miejski,nextbike_pm,0,False,,,,,,,,,,,,,https://gbfs.nextbike.net/maps/gbfs/v2/nextbike_pm/gbfs.json
PL,VETURILO 3.0,nextbike_vw,344,True,bicycle,False,False,1.0,False,0,5,984.3,False,0.0,0.0,False,https://gbfs.nextbike.net/maps/gbfs/v2/nextbike_vw/gbfs.json
PL,Tychowski Rower Miejski,nextbike_py,2,True,bicycle,False,True,1.0,False,0,0,0.0,False,0.0,0.0,True,https://gbfs.nextbike.net/maps/gbfs/v2/nextbike_py/gbfs.json
PL,METROROWER,nextbike_zz,944,True,bicycle,False,False,1.001,False,0,8,5508.3,False,0.0,0.11,False,https://gbfs.nextbike.net/maps/gbfs/v2/nextbike_zz/gbfs.json
PT,Demoland Loule,nextbike_tb,0,False,,,,,,,,,,,,,https://gbfs.nextbike.net/maps/gbfs/v2/nextbike_tb/gbfs.json
PL,Piaseczyński Rower Miejski,nextbike_pi,7,True,bicycle,False,False,1.0,False,0,0,40.4,False,0.0,0.0,False,https://gbfs.nextbike.net/maps/gbfs/v2/nextbike_pi/gbfs.json
PL,Włower - Włocławski Rower Miejski,nextbike_wf,43,True,bicycle,False,False,1.792,False,0,2,138.1,False,0.0,44.19,False,https://gbfs.nextbike.net/maps/gbfs/v2/nextbike_wf/gbfs.json
PL,WRM nextbike Poland,nextbike_pl,263,True,"bicycle,cargo_bicycle,other",True,False,1.027,False,0,2,884.3,False,0.0,2.66,True,https://gbfs.nextbike.net/maps/gbfs/v2/nextbike_pl/gbfs.json
NZ,Flamingo Palmerston North,flamingo_palmerston_north,53,True,"bicycle,scooter_standing",False,False,,False,0,1,55.4,False,0.0,100.0,False,https://data.rideflamingo.com/gbfs/3/palmerston-north/gbfs.json
PL,MEVO,inurba-gdansk,821,True,bicycle,False,False,1.0,False,0,61,10753.5,False,0.0,0.0,False,https://gbfs.urbansharing.com/rowermevo.pl/gbfs.json
PL,Żyrardowski Rower Miejski,nextbike_zy,7,True,bicycle,False,True,1.0,False,0,0,9.0,False,0.0,0.0,True,https://gbfs.nextbike.net/maps/gbfs/v2/nextbike_zy/gbfs.json
RO,BikeCity Campia Turzii,nextbike_rc,1,True,bicycle,False,False,1.0,False,0,0,0.0,False,0.0,0.0,False,https://gbfs.nextbike.net/maps/gbfs/v2/nextbike_rc/gbfs.json
QA,Dott Doha,dott-doha,66,True,"bicycle,scooter",False,False,,False,0,2,13.7,False,0.0,100.0,False,https://gbfs.api.ridedott.com/public/v2/doha/gbfs.json
RO,Buzau VeloCity,nextbike_bv,49,True,"bicycle,other",False,False,1.0,False,0,0,26.2,False,0.0,0.0,False,https://gbfs.nextbike.net/maps/gbfs/v2/nextbike_bv/gbfs.json
PT,TubaBike (Barcelos),nextbike_bx,41,True,bicycle,False,False,,False,0,0,8.7,False,0.0,100.0,False,https://gbfs.nextbike.net/maps/gbfs/v2/nextbike_bx/gbfs.json
PL,Tarnowski Rower Miejski,nextbike_tn,18,True,bicycle,False,False,1.0,False,0,0,56.9,False,0.0,0.0,False,https://gbfs.nextbike.net/maps/gbfs/v2/nextbike_tn/gbfs.json
RO,Alba Iulia Velocity,nextbike_ai,18,True,bicycle,False,False,1.0,False,0,0,11.2,False,0.0,0.0,False,https://gbfs.nextbike.net/maps/gbfs/v2/nextbike_ai/gbfs.json
RO,Slatina Velo City,nextbike_rv,5,True,,False,False,1.0,False,0,0,2.9,False,0.0,0.0,False,https://gbfs.nextbike.net/maps/gbfs/v2/nextbike_rv/gbfs.json
RO,Moinesti,moinesti,8,True,"bicycle,scooter_standing",False,True,1.0,False,0,0,7.8,False,0.0,0.0,True,https://moinesti.publicbikesystem.net/customer/gbfs/v3.0/gbfs.json
PT,Bird Braga,bird-braga,0,True,,,,,,,,,,,,,https://mds.bird.co/gbfs/v2/public/braga/gbfs.json
RO,Slobozia Bike City,nextbike_rw,21,True,"bicycle,other",False,False,1.0,False,0,1,5.3,False,0.0,0.0,False,https://gbfs.nextbike.net/maps/gbfs/v2/nextbike_rw/gbfs.json
SA,Dott Makkah,dott-makkah,0,True,,,,,,,,,,,,,https://gbfs.api.ridedott.com/public/v2/makkah/gbfs.json
PT,Bora,bora_viseu,39,True,bicycle,False,True,1.0,False,0,0,3957.7,False,0.0,0.0,True,https://gbfs.primelayer.pt/gbfs-smartmobility/gbfs/v3/gbfs.json
RO,Topoloveni Bike,nextbike_rt,4,True,bicycle,False,False,1.0,False,0,0,3.6,False,0.0,0.0,False,https://gbfs.nextbike.net/maps/gbfs/v2/nextbike_rt/gbfs.json
RO,Dej Velo City,dej_bikecity,16,True,"bicycle,scooter_standing",False,False,1.0,False,0,0,13.1,False,0.0,0.0,False,https://dej.publicbikesystem.net/customer/gbfs/v3.0/gbfs.json
RO,Velo Sântana,santana_bikecity,8,True,"bicycle,scooter_standing",False,False,1.0,False,0,0,9.5,False,0.0,0.0,False,https://santana.publicbikesystem.net/customer/gbfs/v3.0/gbfs.json
RO,Sibiu BikeCity,sibiu_bikecity,57,True,"bicycle,other,scooter_standing",False,False,1.0,False,0,1,79.0,False,0.0,0.0,False,https://sibiu.publicbikesystem.net/customer/gbfs/v3.0/gbfs.json
RO,Targu Mures,targumures,5,True,"bicycle,scooter_standing",False,False,1.0,False,0,0,0.3,False,0.0,0.0,False,https://targumures.publicbikesystem.net/customer/gbfs/v3.0/gbfs.json
SA,Dott Jeddah,dott-jeddah,78,True,"bicycle,scooter",False,False,,False,0,0,28.2,False,0.0,100.0,False,https://gbfs.api.ridedott.com/public/v2/jeddah/gbfs.json
SA,Dott STC City,dott-stc-city,0,True,,,,,,,,,,,,,https://gbfs.api.ridedott.com/public/v2/stc-city/gbfs.json
SA,Dott SBF,dott-sbf,22,True,"bicycle,scooter",False,False,,False,0,1,429.0,False,0.0,100.0,False,https://gbfs.api.ridedott.com/public/v2/sbf/gbfs.json
SA,Dott Riyadh,dott-riyadh,167,True,"bicycle,scooter",False,False,,False,0,0,740.3,False,0.0,100.0,False,https://gbfs.api.ridedott.com/public/v2/riyadh/gbfs.json
SE,Dott Eskilstuna,dott-eskilstuna,66,True,"bicycle,scooter",False,False,,False,66,0,0.0,False,0.0,100.0,True,https://gbfs.api.ridedott.com/public/v2/eskilstuna/gbfs.json
SE,Donkey Republic Ystad,donkey_ystad,0,True,,,,,,,,,,,,,https://stables.donkey.bike/api/public/gbfs/3.0/donkey_ystad/gbfs.json
SE,Dott Gothenburg,dott-gothenburg,66,True,"bicycle,scooter",False,False,,False,66,0,0.0,False,0.0,100.0,True,https://gbfs.api.ridedott.com/public/v2/gothenburg/gbfs.json
SE,Donkey Republic Båstad,donkey_baastad,0,True,,,,,,,,,,,,,https://stables.donkey.bike/api/public/gbfs/3.0/donkey_baastad/gbfs.json
SE,Dott Höganäs,dott-hoganas,66,True,"bicycle,scooter",False,False,,False,66,0,0.0,False,0.0,100.0,True,https://gbfs.api.ridedott.com/public/v2/hoganas/gbfs.json
SE,Dott Helsingborg,dott-helsingborg,66,True,"bicycle,scooter",False,False,,False,66,0,0.0,False,0.0,100.0,True,https://gbfs.api.ridedott.com/public/v2/helsingborg/gbfs.json
SE,Dott Jonkoping,dott-jonkoping,66,True,"bicycle,scooter",False,False,,False,66,0,0.0,False,0.0,100.0,True,https://gbfs.api.ridedott.com/public/v2/jonkoping/gbfs.json
SE,Dott Partille,dott-partille,66,True,"bicycle,scooter",False,False,,False,66,0,0.0,False,0.0,100.0,True,https://gbfs.api.ridedott.com/public/v2/partille/gbfs.json
SE,Dott Lidköping,dott-lidkoping,66,True,"bicycle,scooter",False,False,,False,66,0,0.0,False,0.0,100.0,True,https://gbfs.api.ridedott.com/public/v2/lidkoping/gbfs.json
SE,Donkey Republic Ängelholm,donkey_aengelholm,0,True,,,,,,,,,,,,,https://stables.donkey.bike/api/public/gbfs/3.0/donkey_aengelholm/gbfs.json
RO,Hunedoara,hunedoara,12,True,"bicycle,scooter_standing",False,False,1.0,False,0,0,1.4,False,0.0,0.0,False,https://hunedoara.publicbikesystem.net/customer/gbfs/v3.0/gbfs.json
SE,Zeus Falun,zeus_falun,0,True,,,,,,,,,,,,,https://zeus.city/api/v1/mds/gbfs/falun/gbfs.json
SE,Dott Trollhättan,dott-trollhattan,66,True,"bicycle,scooter",False,False,,False,66,0,0.0,False,0.0,100.0,True,https://gbfs.api.ridedott.com/public/v2/trollhattan/gbfs.json
SE,Dott Skovde,dott-skovde,66,True,"bicycle,scooter",False,False,,False,66,0,0.0,False,0.0,100.0,True,https://gbfs.api.ridedott.com/public/v2/skovde/gbfs.json
SE,Zeus Halmstad,zeus_halmstad,0,True,,,,,,,,,,,,,https://zeus.city/api/v1/mds/gbfs/halmstad/gbfs.json
SE,Donkey Republic Malmö,donkey_malmoe,192,True,bicycle,False,False,1.0,False,0,11,66.8,False,0.0,0.0,False,https://stables.donkey.bike/api/public/gbfs/3.0/donkey_malmoe/gbfs.json
SE,Gothenburg Cargo,nextbike_zc,3,True,cargo_bicycle,True,False,,False,0,0,6.9,False,0.0,100.0,True,https://gbfs.nextbike.net/maps/gbfs/v2/nextbike_zc/gbfs.json
SE,Dott Varberg,dott-varberg,66,True,"bicycle,scooter",False,False,,False,66,0,0.0,False,0.0,100.0,True,https://gbfs.api.ridedott.com/public/v2/varberg/gbfs.json
SE,Dott Vaxjo,dott-vaxjo,66,True,"bicycle,scooter",False,False,,False,66,0,0.0,False,0.0,100.0,True,https://gbfs.api.ridedott.com/public/v2/vaxjo/gbfs.json
SE,Zeus Karlstad,zeus_karlstad,0,True,,,,,,,,,,,,,https://zeus.city/api/v1/mds/gbfs/karlstad/gbfs.json
SE,Zeus Borlänge,zeus_borlange,0,True,,,,,,,,,,,,,https://zeus.city/api/v1/mds/gbfs/borlange/gbfs.json
SE,"Styr & Ställ (Sweden, Göteborg)",nextbike_zg,138,True,bicycle,False,False,,False,0,3,205.6,False,0.0,100.0,False,https://gbfs.nextbike.net/maps/gbfs/v2/nextbike_zg/gbfs.json
SE,Dott Värnamo,dott-varnamo,66,True,"bicycle,scooter",False,False,,False,66,0,0.0,False,0.0,100.0,True,https://gbfs.api.ridedott.com/public/v2/varnamo/gbfs.json
PT,Bird Cascais,bird-cascais,161,True,"bicycle,scooter",False,False,,False,0,1,152.5,False,0.0,100.0,False,https://mds.bird.co/gbfs/v2/public/cascais/gbfs.json
PT,Bird Porto,bird-porto,196,True,"bicycle,scooter",False,False,,False,0,0,51.8,False,0.0,100.0,False,https://mds.bird.co/gbfs/v2/public/porto/gbfs.json
SI,Nomago Bikes - GO2GO Gorizia,nextbike_cd,3,True,bicycle,False,True,1.0,False,0,0,2.6,False,0.0,0.0,True,https://gbfs.nextbike.net/maps/gbfs/v2/nextbike_cd/gbfs.json
SE,Lundahoj,lund,20,True,bicycle,False,False,1.0,False,0,0,10.7,False,0.0,0.0,False,https://api.cyclocity.fr/contracts/lund/gbfs/v3/gbfs.json
SK,Arriva Bike,nextbike_as,17,True,bicycle,False,False,,False,0,1,8.2,False,0.0,100.0,False,https://gbfs.nextbike.net/maps/gbfs/v2/nextbike_as/gbfs.json
SK,BikeKIA,nextbike_ak,39,True,bicycle,False,False,1.773,False,0,0,34.0,False,0.0,43.59,False,https://gbfs.nextbike.net/maps/gbfs/v2/nextbike_ak/gbfs.json
SI,Nomago Bikes - GO2GO,nextbike_ce,21,True,bicycle,False,False,1.0,False,0,1,30.4,False,0.0,0.0,False,https://gbfs.nextbike.net/maps/gbfs/v2/nextbike_ce/gbfs.json
SI,Nomago Bikes - KOLESCE,nextbike_cn,84,True,bicycle,False,False,1.0,False,0,3,1814.3,False,0.0,0.0,False,https://gbfs.nextbike.net/maps/gbfs/v2/nextbike_cn/gbfs.json
SI,Nomago Bikes - ZANAPREJ,nextbike_cf,7,True,bicycle,False,True,1.0,False,0,0,31.2,False,0.0,0.0,True,https://gbfs.nextbike.net/maps/gbfs/v2/nextbike_cf/gbfs.json
SK,Dott Banska Bystrica,dott-banska-bystrica,66,True,"bicycle,scooter",False,False,,False,66,0,0.0,False,0.0,100.0,True,https://gbfs.api.ridedott.com/public/v2/banska-bystrica/gbfs.json
SK,Dott Bardejov,dott-bardejov,66,True,"bicycle,scooter",False,False,,False,66,0,0.0,False,0.0,100.0,True,https://gbfs.api.ridedott.com/public/v2/bardejov/gbfs.json
SK,Dott Bratislava,dott-bratislava,66,True,"bicycle,scooter",False,False,,False,66,0,0.0,False,0.0,100.0,True,https://gbfs.api.ridedott.com/public/v2/bratislava/gbfs.json
SK,Dott Humenne,dott-humenne,66,True,"bicycle,scooter",False,False,,False,66,0,0.0,False,0.0,100.0,True,https://gbfs.api.ridedott.com/public/v2/humenne/gbfs.json
SK,Dott Kosice,dott-kosice,66,True,"bicycle,scooter",False,False,,False,66,0,0.0,False,0.0,100.0,True,https://gbfs.api.ridedott.com/public/v2/kosice/gbfs.json
SI,BicikeLJ,ljubljana,87,True,bicycle,False,False,1.0,False,0,2,155.1,False,0.0,0.0,False,https://api.cyclocity.fr/contracts/ljubljana/gbfs/v3/gbfs.json
SI,Nomago Bikes -  LJUBLJANA in MEDVODE,nextbike_cc,48,True,bicycle,False,False,1.0,False,0,4,319.6,False,0.0,0.0,False,https://gbfs.nextbike.net/maps/gbfs/v2/nextbike_cc/gbfs.json
SI,MBajk,maribor,42,True,bicycle,False,False,1.05,False,0,1,25.5,False,4.76,0.0,False,https://api.cyclocity.fr/contracts/maribor/gbfs/v3/gbfs.json
SK,Dott Liptovsky-Mikulas,dott-liptovsky-mikulas,66,True,"bicycle,scooter",False,False,,False,66,0,0.0,False,0.0,100.0,True,https://gbfs.api.ridedott.com/public/v2/liptovsky-mikulas/gbfs.json
SK,Dott Martin,dott-martin,66,True,"bicycle,scooter",False,False,,False,66,0,0.0,False,0.0,100.0,True,https://gbfs.api.ridedott.com/public/v2/martin/gbfs.json
PT,Bird Matosinhos,bird-matosinhos,182,True,"bicycle,scooter",False,False,,False,0,6,149.2,False,0.0,100.0,False,https://mds.bird.co/gbfs/v2/public/matosinhos/gbfs.json
SK,Dott Pezinok,dott-pezinok,66,True,"bicycle,scooter",False,False,,False,66,0,0.0,False,0.0,100.0,True,https://gbfs.api.ridedott.com/public/v2/pezinok/gbfs.json
SK,Dott Michalovce,dott-michalovce,66,True,"bicycle,scooter",False,False,,False,66,0,0.0,False,0.0,100.0,True,https://gbfs.api.ridedott.com/public/v2/michalovce/gbfs.json
SK,Dott Nitra,dott-nitra,66,True,"bicycle,scooter",False,False,,False,66,0,0.0,False,0.0,100.0,True,https://gbfs.api.ridedott.com/public/v2/nitra/gbfs.json
SK,Dott Prešov,dott-presov,66,True,"bicycle,scooter",False,False,,False,66,0,0.0,False,0.0,100.0,True,https://gbfs.api.ridedott.com/public/v2/presov/gbfs.json
SK,Dott Poprad,dott-poprad,66,True,"bicycle,scooter",False,False,,False,66,0,0.0,False,0.0,100.0,True,https://gbfs.api.ridedott.com/public/v2/poprad/gbfs.json
SK,Dott Prievidza,dott-prievidza,66,True,"bicycle,scooter",False,False,,False,66,0,0.0,False,0.0,100.0,True,https://gbfs.api.ridedott.com/public/v2/prievidza/gbfs.json
SK,Dott Trnava,dott-trnava,66,True,"bicycle,scooter",False,False,,False,66,0,0.0,False,0.0,100.0,True,https://gbfs.api.ridedott.com/public/v2/trnava/gbfs.json
SK,Dott Zvolen,dott-zvolen,66,True,"bicycle,scooter",False,False,,False,66,0,0.0,False,0.0,100.0,True,https://gbfs.api.ridedott.com/public/v2/zvolen/gbfs.json
SK,Senica bajk,nextbike_av,26,True,bicycle,False,False,1.04,False,0,1,39.7,False,0.0,3.85,False,https://gbfs.nextbike.net/maps/gbfs/v2/nextbike_av/gbfs.json
SK,Dott Vranov-Nad-Toplou,dott-vranov-nad-toplou,66,True,"bicycle,scooter",False,False,,False,66,0,0.0,False,0.0,100.0,True,https://gbfs.api.ridedott.com/public/v2/vranov-nad-toplou/gbfs.json
TR,AAR Bike,linka_aar_bike,118,True,bicycle,False,False,1.0,False,0,1,143056.9,True,0.0,0.0,True,https://app.linkalock.com/api/gbfs/D2uRLGw8vBa2FJxa8/gbfs.json
UA,3electra,66,0,True,,,,,,,,,,,,,https://zelectra.rideatom.com/gbfs/66/v3.0/gbfs
US,Bird Cleveland,bird-cleveland,0,True,,,,,,,,,,,,,https://mds.bird.co/gbfs/v2/public/cleveland/gbfs.json
US,Bird Atlanta,bird-atlanta,0,True,,,,,,,,,,,,,https://mds.bird.co/gbfs/v2/public/atlanta/gbfs.json
US,Bird Culver City,bird-culver-city,0,True,,,,,,,,,,,,,https://mds.bird.co/gbfs/v2/public/culver-city/gbfs.json
US,Bird Arlingtonco,bird-arlingtonco,0,True,,,,,,,,,,,,,https://mds.bird.co/gbfs/v2/public/arlingtonco/gbfs.json
US,Bird Alexandria,bird-alexandria,0,True,,,,,,,,,,,,,https://mds.bird.co/gbfs/v2/public/alexandria/gbfs.json
PT,Bird Lisbon,bikr-lisbon,1790,True,"bicycle,scooter",False,False,,False,0,15,245.0,False,0.0,100.0,False,https://mds.bird.co/gbfs/v2/public/lisbon/gbfs.json
US,Bird Dallas,bird-dallas,0,True,,,,,,,,,,,,,https://mds.bird.co/gbfs/v2/public/dallas/gbfs.json
US,Bike Chattanooga,bike_chattanooga,43,True,"bicycle,scooter_standing",False,False,1.0,False,0,2,78.9,False,0.0,0.0,False,https://chattanooga.publicbikesystem.net/customer/gbfs/v3.0/gbfs.json
US,Bird Denver,bird-denver,0,True,,,,,,,,,,,,,https://mds.bird.co/gbfs/v2/public/denver/gbfs.json
US,Bird Columbus,bird-columbus,0,True,,,,,,,,,,,,,https://mds.bird.co/gbfs/v2/public/columbus/gbfs.json
US,Bird Detroit,bird-detroit,0,True,,,,,,,,,,,,,https://mds.bird.co/gbfs/v2/public/detroit/gbfs.json
US,Bird Fairfax,bird-fairfax,0,True,,,,,,,,,,,,,https://mds.bird.co/gbfs/v2/public/fairfax/gbfs.json
US,Bird Gainesville,bird-gainesville,0,True,,,,,,,,,,,,,https://mds.bird.co/gbfs/v2/public/gainesville/gbfs.json
US,Aventura BCycle,bcycle_aventura,2,True,,,False,,False,0,0,0.0,False,0.0,100.0,False,https://gbfs.bcycle.com/bcycle_aventura/gbfs.json
US,BikeLNK,bcycle_bikelnk,21,True,,,False,,False,0,1,52.9,False,0.0,100.0,False,https://gbfs.bcycle.com/bcycle_bikelnk/gbfs.json
US,Bird Kansas City,bird-kansas-city,0,True,,,,,,,,,,,,,https://mds.bird.co/gbfs/v2/public/kansas-city/gbfs.json
US,Bentonville BCycle,bcycle_bentonville,27,True,,,False,,False,0,1,7.1,False,0.0,100.0,False,https://gbfs.bcycle.com/bcycle_bentonville/gbfs.json
US,Bird Los Angeles,bird-los-angeles,0,True,,,,,,,,,,,,,https://mds.bird.co/gbfs/v2/public/los-angeles/gbfs.json
US,Bird Durham,bird-durham,0,True,,,,,,,,,,,,,https://mds.bird.co/gbfs/v2/public/durham/gbfs.json
US,Bird Greensboro,bird-greensboro,0,True,,,,,,,,,,,,,https://mds.bird.co/gbfs/v2/public/greensboro/gbfs.json
US,Bird Louisville,bird-louisville,0,True,,,,,,,,,,,,,https://mds.bird.co/gbfs/v2/public/louisville/gbfs.json
US,Bird Miami,bird-miami,0,True,,,,,,,,,,,,,https://mds.bird.co/gbfs/v2/public/miami/gbfs.json
US,Bird Nashville,bird-nashville,0,True,,,,,,,,,,,,,https://mds.bird.co/gbfs/v2/public/nashville/gbfs.json
US,Biki,go_biki,134,True,"bicycle,scooter_standing",False,False,1.0,False,134,0,0.0,False,0.0,0.0,True,https://honolulu.publicbikesystem.net/customer/gbfs/v3.0/gbfs.json
US,Bird Orlando,bird-orlando,0,True,,,,,,,,,,,,,https://mds.bird.co/gbfs/v2/public/orlando/gbfs.json
US,Bird Lexington,bird-lexington,0,True,,,,,,,,,,,,,https://mds.bird.co/gbfs/v2/public/lexington/gbfs.json
US,Bird Portland,bird-portland,0,True,,,,,,,,,,,,,https://mds.bird.co/gbfs/v2/public/portland/gbfs.json
US,Bird Reno,bird-reno,0,True,,,,,,,,,,,,,https://mds.bird.co/gbfs/v2/public/reno/gbfs.json
US,Bay Wheels,lyft_bay,628,True,bicycle,False,False,1.0,False,0,81,4598.3,False,0.0,0.0,False,https://gbfs.baywheels.com/gbfs/2.3/gbfs.json
US,Bird Richmond,bird-richmond,0,True,,,,,,,,,,,,,https://mds.bird.co/gbfs/v2/public/richmond/gbfs.json
US,Bird Seattle Washington,bird-seattle-washington,0,True,,,,,,,,,,,,,https://mds.bird.co/gbfs/v2/public/seattle-washington/gbfs.json
US,Bird Newark,bird-newark,0,True,,,,,,,,,,,,,https://mds.bird.co/gbfs/v2/public/newark/gbfs.json
US,Bird Indianapolis,bird-indianapolis,0,True,,,,,,,,,,,,,https://mds.bird.co/gbfs/v2/public/indianapolis/gbfs.json
US,Bird Montgomery County,provider-null-montgomery-county,0,True,,,,,,,,,,,,,https://mds.bird.co/gbfs/v2/public/provider/bird/montgomery-county/gbfs.json
US,BIKETOWN,biketown_pdx,274,True,"bicycle,scooter",False,False,1.0,False,0,4,379.7,False,0.0,0.0,False,https://gbfs.biketownpdx.com/gbfs/2.3/gbfs.json
US,Bird New York,bird-new-york,0,True,,,,,,,,,,,,,https://mds.bird.co/gbfs/v2/public/new-york/gbfs.json
US,Broward B-cycle,bcycle_broward,0,False,,,,,,,,,,,,,https://gbfs.bcycle.com/bcycle_broward/gbfs.json
US,Bird St Louis,bird-st-louis,0,True,,,,,,,,,,,,,https://mds.bird.co/gbfs/v2/public/st-louis/gbfs.json
US,Bird Washington DC,bird-washington-dc,0,True,,,,,,,,,,,,,https://mds.bird.co/gbfs/v2/public/washington-dc/gbfs.json
US,Bolt Technology OÜ,BoltEU_Washington DC,254,True,"bicycle,scooter_standing",False,False,,False,0,0,70.3,False,0.0,100.0,False,https://mds.bolt.eu/gbfs/3/23/gbfs
US,Evie Carshare,9b0e8df6-141e-11ee-be56-0242ac120002,0,True,,,,,,,,,,,,,https://gbfs.vulog.io/mds/fleets/HOURCAR-USMSP/gbfs/2/en/gbfs.json
US,Bird Tempe,bird-tempe,0,True,,,,,,,,,,,,,https://mds.bird.co/gbfs/v2/public/tempe/gbfs.json
US,Clemson BikeShare,bcycle_clemson,12,True,,,False,,False,0,0,2.9,False,0.0,100.0,False,https://gbfs.bcycle.com/bcycle_clemson/gbfs.json
US,Bublr Bikes,bcycle_bublr,151,True,,,False,,False,0,1,213.5,False,0.0,100.0,False,https://gbfs.bcycle.com/bcycle_bublr/gbfs.json
US,Boulder BCycle,bcycle_boulder,64,True,,,False,,False,0,0,37.1,False,0.0,100.0,False,https://gbfs.bcycle.com/bcycle_boulder/gbfs.json
US,CapMetro,austin,85,True,"bicycle,scooter_standing",False,False,1.012,False,0,1,63.6,False,1.18,0.0,False,https://austin.publicbikesystem.net/customer/gbfs/v3.0/gbfs.json
US,Explore Bike Share,bcycle_memphis,31,True,,,False,,False,0,1,159.7,False,0.0,100.0,False,https://gbfs.bcycle.com/bcycle_memphis/gbfs.json
US,Cincy Red Bike,bcycle_cincyredbike,78,True,,,False,,False,0,3,139.3,False,0.0,100.0,False,https://gbfs.bcycle.com/bcycle_cincyredbike/gbfs.json
US,El Paso B-cycle,bcycle_elpaso,19,True,,,False,,False,0,1,50.6,False,0.0,100.0,False,https://gbfs.bcycle.com/bcycle_elpaso/gbfs.json
US,CoGo,cogo,0,True,,,,,,,,,,,,,https://gbfs.cogobikeshare.com/gbfs/2.3/gbfs.json
US,Des Moines B-cycle,bcycle_desmoines,31,True,,,False,,False,0,3,175.6,False,0.0,100.0,False,https://gbfs.bcycle.com/bcycle_desmoines/gbfs.json
US,Blue Bikes,bluebikes,596,True,,,False,1.0,False,0,19,1313.6,False,0.0,0.0,False,https://gbfs.bluebikes.com/gbfs/gbfs.json
US,Indy - Pacers Bikeshare,bcycle_pacersbikeshare,55,True,,,False,,False,0,0,161.4,False,0.0,100.0,False,https://gbfs.bcycle.com/bcycle_pacersbikeshare/gbfs.json
US,Greenville B-cycle,bcycle_greenville,14,True,,,False,,False,0,1,14.7,False,0.0,100.0,False,https://gbfs.bcycle.com/bcycle_greenville/gbfs.json
US,GREENbike,bcycle_greenbikeslc,70,True,,,False,,False,0,0,781.2,False,0.0,100.0,False,https://gbfs.bcycle.com/bcycle_greenbikeslc/gbfs.json
US,Jackson County,bcycle_jacksoncounty,1,True,,,False,,False,0,0,0.0,False,0.0,100.0,False,https://gbfs.bcycle.com/bcycle_jacksoncounty/gbfs.json
US,Heartland B-cycle,bcycle_heartland,84,True,,,False,,False,0,4,1741.0,False,0.0,100.0,False,https://gbfs.bcycle.com/bcycle_heartland/gbfs.json
US,Capital Bike Share,cabi,827,True,bicycle,False,False,1.0,False,0,39,2626.5,False,0.0,0.0,False,https://gbfs.capitalbikeshare.com/gbfs/2.3/gbfs.json
US,HIBike,bike_share_hawaii,23,True,"bicycle,scooter_standing",False,False,1.0,False,23,0,0.0,False,0.0,0.0,True,https://kona.publicbikesystem.net/customer/gbfs/v3.0/gbfs.json
US,Lime Atlanta,lime_atlanta,1,True,"bicycle,scooter",False,False,,False,0,0,0.0,False,0.0,100.0,False,https://data.lime.bike/api/partners/v2/gbfs/atlanta/gbfs.json
US,Lime Arlington,lime_arlington,1,True,"bicycle,scooter",False,False,,False,0,0,0.0,False,0.0,100.0,False,https://data.lime.bike/api/partners/v2/gbfs/arlington/gbfs.json
US,Lime Chicago,lime_chicago,1,True,"bicycle,scooter",False,False,,False,0,0,0.0,False,0.0,100.0,False,https://data.lime.bike/api/partners/v2/gbfs/chicago/gbfs.json
US,Citi Bike,lyft_nyc,2406,True,bicycle,False,False,1.025,False,0,5,986.4,False,2.45,0.0,False,https://gbfs.citibikenyc.com/gbfs/2.3/gbfs.json
US,Indego,bcycle_indego,302,True,,,False,,False,0,4,256.0,False,0.0,100.0,False,https://gbfs.bcycle.com/bcycle_indego/gbfs.json
US,Inter Bike,miamiunderline,5,True,"bicycle,scooter_standing",False,False,1.0,False,0,0,26.2,False,0.0,0.0,False,https://miamiunderline.publicbikesystem.net/customer/gbfs/v3.0/gbfs.json
US,Lime Cleveland,lime_cleveland,1,True,"bicycle,scooter",False,False,,False,0,0,0.0,False,0.0,100.0,False,https://data.lime.bike/api/partners/v2/gbfs/cleveland/gbfs.json
US,Lime Colorado Springs,lime_colorado_springs,1,True,"bicycle,scooter",False,False,,False,0,0,0.0,False,0.0,100.0,False,https://data.lime.bike/api/partners/v2/gbfs/colorado_springs/gbfs.json
US,Lime Detroit,lime_detroit,1,True,"bicycle,scooter",False,False,,False,0,0,0.0,False,0.0,100.0,False,https://data.lime.bike/api/partners/v2/gbfs/detroit/gbfs.json
US,Lime Grand Rapids,lime_grand_rapids,1,True,"bicycle,scooter",False,False,,False,0,0,0.0,False,0.0,100.0,False,https://data.lime.bike/api/partners/v2/gbfs/grand_rapids/gbfs.json
US,Divvy,lyft_chi,1998,True,"bicycle,scooter",False,False,1.0,False,0,5,1619.7,False,0.0,0.0,False,https://gbfs.divvybikes.com/gbfs/2.3/gbfs.json
US,Lime Lincoln,lime_lincoln,1,True,"bicycle,scooter",False,False,,False,0,0,0.0,False,0.0,100.0,False,https://data.lime.bike/api/partners/v2/gbfs/lincoln/gbfs.json
US,Lime Louisville,lime_louisville,1,True,"bicycle,scooter",False,False,,False,0,0,0.0,False,0.0,100.0,False,https://data.lime.bike/api/partners/v2/gbfs/louisville/gbfs.json
US,Lime Portland,lime_portland,1,True,"bicycle,scooter",False,False,,False,0,0,0.0,False,0.0,100.0,False,https://data.lime.bike/api/partners/v2/gbfs/portland/gbfs.json
US,Lime Oakland,lime_oakland,1,True,"bicycle,scooter",False,False,,False,0,0,0.0,False,0.0,100.0,False,https://data.lime.bike/api/partners/v2/gbfs/oakland/gbfs.json
US,Lime San Francisco,lime_san_francisco,1,True,"bicycle,scooter",False,False,,False,0,0,0.0,False,0.0,100.0,False,https://data.lime.bike/api/partners/v2/gbfs/san_francisco/gbfs.json
US,Madison B-cycle,bcycle_madison,108,True,,,False,,False,0,0,287.6,False,0.0,100.0,False,https://gbfs.bcycle.com/bcycle_madison/gbfs.json
US,Lime Seattle,lime_seattle,1,True,"bicycle,scooter",False,False,,False,0,0,0.0,False,0.0,100.0,False,https://data.lime.bike/api/partners/v2/gbfs/seattle/gbfs.json
US,Lime San Jose,lime_san_jose,1,True,"bicycle,scooter",False,False,,False,0,0,0.0,False,0.0,100.0,False,https://data.lime.bike/api/partners/v2/gbfs/san_jose/gbfs.json
US,Lime Denver,lime_denver,1,True,"bicycle,scooter",False,False,,False,0,0,0.0,False,0.0,100.0,False,https://data.lime.bike/api/partners/v2/gbfs/denver/gbfs.json
US,Lyft,lyft_dca,0,True,,,,,,,,,,,,,https://gbfs.lyft.com/gbfs/2.3/dca/gbfs.json
US,Metro Bike Share,bcycle_lametro,225,True,,,False,,False,0,2,816.5,False,0.0,100.0,False,https://gbfs.bcycle.com/bcycle_lametro/gbfs.json
US,Nashville BCycle,bcycle_nashville,36,True,,,False,,False,0,1,115.3,False,0.0,100.0,False,https://gbfs.bcycle.com/bcycle_nashville/gbfs.json
US,Mogo Detroit,mogo,81,True,"bicycle,scooter_standing",False,False,1.012,False,0,0,497.0,False,1.23,0.0,False,https://detroit.publicbikesystem.net/customer/gbfs/v3.0/gbfs.json
US,RGV B-cycle,bcycle_mcallen,0,False,,,,,,,,,,,,,https://gbfs.bcycle.com/bcycle_mcallen/gbfs.json
US,Redding Bikeshare,bcycle_redding,22,True,,,False,,False,0,0,6.4,False,0.0,100.0,False,https://gbfs.bcycle.com/bcycle_redding/gbfs.json
US,Pogoh,pittsburgh,60,True,"bicycle,scooter_standing",False,False,1.0,False,0,0,113.8,False,0.0,0.0,False,https://pittsburgh.publicbikesystem.net/customer/gbfs/v3.0/gbfs.json
US,Lime New York,lime_new_york,1,True,"bicycle,scooter",False,False,,False,0,0,0.0,False,0.0,100.0,False,https://data.lime.bike/api/partners/v2/gbfs/new_york/gbfs.json
US,San Antonio B-cycle,bcycle_sanantonio,18,True,,,False,,False,0,0,61.2,False,0.0,100.0,False,https://gbfs.bcycle.com/bcycle_sanantonio/gbfs.json
US,RTC Bike Share,bcycle_rtcbikeshare,38,True,,,False,,False,0,1,19.9,False,0.0,100.0,False,https://gbfs.bcycle.com/bcycle_rtcbikeshare/gbfs.json
US,Santa Cruz BCycle,bcycle_santacruz,71,True,,,False,,False,0,3,73.7,False,0.0,100.0,False,https://gbfs.bcycle.com/bcycle_santacruz/gbfs.json
US,Santa Barbara BCycle,bcycle_santabarbara,84,True,,,False,,False,0,3,50.5,False,0.0,100.0,False,https://gbfs.bcycle.com/bcycle_santabarbara/gbfs.json
US,Lyft Scooters Denver,lyft_den,119,True,"bicycle,scooter",False,False,1.0,False,0,4,131.8,False,0.0,0.0,False,https://gbfs.lyft.com/gbfs/2.3/den/gbfs.json
US,Lime Washington DC,lime_washington_dc,1,True,"bicycle,scooter",False,False,,False,0,0,0.0,False,0.0,100.0,False,https://data.lime.bike/api/partners/v2/gbfs/washington_dc/gbfs.json
US,Lime Baltimore,lime_baltimore,1,True,"bicycle,scooter",False,False,,False,0,0,0.0,False,0.0,100.0,False,https://data.lime.bike/api/partners/v2/gbfs/baltimore/gbfs.json
US,SBU Wolf Ride Bike Share,sbu,14,True,"bicycle,scooter_standing",False,False,1.0,False,0,0,4.9,False,0.0,0.0,False,https://stonybrook.publicbikesystem.net/customer/gbfs/v3.0/gbfs.json
US,Nike Biketown,biketown_nike,25,True,"bicycle,scooter_standing",False,False,1.0,False,0,2,5.9,False,0.0,0.0,False,https://nike.publicbikesystem.net/customer/gbfs/v3.0/gbfs.json
US,Spin Baltimore,spin baltimore,0,True,,,,,,,,,,,,,https://mds.bird.co/gbfs/v2/public/provider/spin/baltimore/gbfs.json
US,Spin East Lansing,provider-null-lansing,0,True,,,,,,,,,,,,,https://mds.bird.co/gbfs/v2/public/provider/spin/east_lansing/gbfs.json
US,Spin Ann Arbor,spin ann_arbor,0,True,,,,,,,,,,,,,https://mds.bird.co/gbfs/v2/public/provider/spin/ann_arbor/gbfs.json
US,Spin Akron,spin akron,0,True,,,,,,,,,,,,,https://mds.bird.co/gbfs/v2/public/provider/spin/akron/gbfs.json
US,Spin Alexandria,spin alexandria,0,True,,,,,,,,,,,,,https://mds.bird.co/gbfs/v2/public/provider/spin/alexandria/gbfs.json
US,Spin Lexington,spin lexington,0,True,,,,,,,,,,,,,https://mds.bird.co/gbfs/v2/public/provider/spin/lexington/gbfs.json
US,Spin Chicago,spin chicago,0,True,,,,,,,,,,,,,https://mds.bird.co/gbfs/v2/public/provider/spin/chicago/gbfs.json
US,Spin Detroit,spin detroit,0,True,,,,,,,,,,,,,https://mds.bird.co/gbfs/v2/public/provider/spin/detroit/gbfs.json
US,Spin Dayton,spin dayton,0,True,,,,,,,,,,,,,https://mds.bird.co/gbfs/v2/public/provider/spin/dayton/gbfs.json
US,Spin Durham,spin durham,0,True,,,,,,,,,,,,,https://mds.bird.co/gbfs/v2/public/provider/spin/durham/gbfs.json
US,Spin Fayetteville,spin fayetteville,0,True,,,,,,,,,,,,,https://mds.bird.co/gbfs/v2/public/provider/spin/fayetteville/gbfs.json
US,Spin Columbus,spin columbus,0,True,,,,,,,,,,,,,https://mds.bird.co/gbfs/v2/public/provider/spin/columbus/gbfs.json
US,Spin Los Angeles,spin los_angeles,0,True,,,,,,,,,,,,,https://mds.bird.co/gbfs/v2/public/provider/spin/los_angeles/gbfs.json
US,Reddy Bikeshare,reddy_bikeshare,137,True,,,False,,False,0,0,1038.7,False,0.0,100.0,False,https://reddybikeshare.socialbicycles.com/opendata/gbfs.json
US,Relay Bike Share,relay_bike_share,0,True,,,,,,,,,,,,,https://relaybikeshare.socialbicycles.com/opendata/gbfs.json
US,Spin Michigan State University,spin michigan_state_university,0,True,,,,,,,,,,,,,https://mds.bird.co/gbfs/v2/public/provider/spin/michigan_state_university/gbfs.json
US,Spin Milwaukee,provider-null-milwaukee,0,True,,,,,,,,,,,,,https://mds.bird.co/gbfs/v2/public/provider/spin/milwaukee/gbfs.json
US,Spin Fort Collins,spin fort_collins,0,True,,,,,,,,,,,,,https://mds.bird.co/gbfs/v2/public/provider/spin/fort_collins/gbfs.json
US,Spin Minneapolis,spin minneapolis,0,True,,,,,,,,,,,,,https://mds.bird.co/gbfs/v2/public/provider/spin/minneapolis/gbfs.json
US,Spin Gainesville,spin gainesville,0,True,,,,,,,,,,,,,https://mds.bird.co/gbfs/v2/public/provider/spin/gainesville/gbfs.json
US,Spin Ohio State,spin ohio_state,0,True,,,,,,,,,,,,,https://mds.bird.co/gbfs/v2/public/provider/spin/ohio_state/gbfs.json
US,Spin Phoenix,spin phoenix,0,True,,,,,,,,,,,,,https://mds.bird.co/gbfs/v2/public/provider/spin/phoenix/gbfs.json
US,Spin Providence,spin providence,0,True,,,,,,,,,,,,,https://mds.bird.co/gbfs/v2/public/provider/spin/providence/gbfs.json
US,Spin Raleigh,spin raleigh,0,True,,,,,,,,,,,,,https://mds.bird.co/gbfs/v2/public/provider/spin/raleigh/gbfs.json
US,Spin Salt Lake City,provider-null-salt_lake_city,0,True,,,,,,,,,,,,,https://mds.bird.co/gbfs/v2/public/provider/spin/salt_lake_city/gbfs.json
US,PeaceHealth Rides,peacehealth_rides,161,True,,,False,,False,0,4,78.8,False,0.0,100.0,False,https://peacehealthrides.com/opendata/gbfs.json
US,Spin University of Central Florida,provider-null-university_of_central_florida,0,False,,,,,,,,,,,,,https://mds.bird.co/gbfs/v2/public/provider/spin/university_of_central_florida/gbfs.json
US,Spin San Marcos,provider-null-san_marcos,0,True,,,,,,,,,,,,,https://mds.bird.co/gbfs/v2/public/provider/spin/san_marcos/gbfs.json
US,Spin Stillwater,provider-null-stillwater,0,True,,,,,,,,,,,,,https://mds.bird.co/gbfs/v2/public/provider/spin/stillwater/gbfs.json
US,Spin Santa Monica,provider-null-santa_monica,0,True,,,,,,,,,,,,,https://mds.bird.co/gbfs/v2/public/provider/spin/santa_monica/gbfs.json
US,Spin Nashville,spin nashville,0,True,,,,,,,,,,,,,https://mds.bird.co/gbfs/v2/public/provider/spin/nashville/gbfs.json
US,Truckee BCycle,bcycle_truckee,0,True,,,,,,,,,,,,,https://gbfs.bcycle.com/bcycle_truckee/gbfs.json
US,Valentine Bike Share,bcycle_valentine,1,True,,,False,,False,0,0,0.0,False,0.0,100.0,False,https://gbfs.bcycle.com/bcycle_valentine/gbfs.json
US,Spin San Diego,provider-null-san_diego,0,True,,,,,,,,,,,,,https://mds.bird.co/gbfs/v2/public/provider/spin/san_diego/gbfs.json
US,Spin San Francisco,provider-null-san_francisco,0,True,,,,,,,,,,,,,https://mds.bird.co/gbfs/v2/public/provider/spin/san_francisco/gbfs.json
US,Spin Tampa,provider-null-tampa,0,True,,,,,,,,,,,,,https://mds.bird.co/gbfs/v2/public/provider/spin/tampa/gbfs.json
US,Spin St George,provider-null-st_george,0,True,,,,,,,,,,,,,https://mds.bird.co/gbfs/v2/public/provider/spin/st_george/gbfs.json
US,Spin St. Paul,provider-null-st_paul,0,True,,,,,,,,,,,,,https://mds.bird.co/gbfs/v2/public/provider/spin/st_paul/gbfs.json
US,Spin Tallahassee,provider-null-tallahassee,0,True,,,,,,,,,,,,,https://mds.bird.co/gbfs/v2/public/provider/spin/tallahassee/gbfs.json
US,Trinity Metro Bikes,fortworth,57,True,"bicycle,scooter_standing",False,False,1.018,False,0,3,219.7,False,1.75,0.0,False,https://fortworth.publicbikesystem.net/customer/gbfs/v3.0/gbfs.json
US,Spin Tempe,provider-null-tempe,0,True,,,,,,,,,,,,,https://mds.bird.co/gbfs/v2/public/provider/spin/tempe/gbfs.json
US,Spin Washington DC,spin washington_dc,0,True,,,,,,,,,,,,,https://mds.bird.co/gbfs/v2/public/provider/spin/washington_dc/gbfs.json
US,Veo Asbury Park,veo-asb,0,True,,,,,,,,,,,,,https://cluster-prod.veoride.com/api/shares/name/asb/gbfs
US,Veo Birmingham,veo-bir,0,True,,,,,,,,,,,,,https://cluster-prod.veoride.com/api/shares/name/bir/gbfs
US,Veo Bend,veo-bnd,0,True,,,,,,,,,,,,,https://cluster-prod.veoride.com/api/shares/name/bnd/gbfs
US,Veo Bronx,veo-nyc,0,True,,,,,,,,,,,,,https://cluster-prod.veoride.com/api/shares/name/nyc/gbfs
US,Veo New Rochelle,veo-nrc,0,True,,,,,,,,,,,,,https://cluster-prod.veoride.com/api/shares/name/nrc/gbfs
US,Veo Newark,veo-nwk,0,True,,,,,,,,,,,,,https://cluster-prod.veoride.com/api/shares/name/nwk/gbfs
US,Veo Oakland/Emeryville/Berkeley/Albany,veo-xeb,0,True,,,,,,,,,,,,,https://cluster-prod.veoride.com/api/shares/name/xeb/gbfs
US,Veo New Haven,veo-nhv,0,True,,,,,,,,,,,,,https://cluster-prod.veoride.com/api/shares/name/nhv/gbfs
US,Veo Oregon State Univeristy,veo-osu,0,True,,,,,,,,,,,,,https://cluster-prod.veoride.com/api/shares/name/osu/gbfs
US,Veo Cedar Rapids,veo-cid,0,True,,,,,,,,,,,,,https://cluster-prod.veoride.com/api/shares/name/cid/gbfs
US,Veo Charlottesville,veo-cvl,0,True,,,,,,,,,,,,,https://cluster-prod.veoride.com/api/shares/name/cvl/gbfs
US,Tugo,tugo,42,True,"bicycle,scooter_standing",False,False,1.0,False,1,1,1862936.5,True,0.0,0.0,True,https://tucson.publicbikesystem.net/customer/gbfs/v3.0/gbfs.json
US,Veo Cleveland,veo-cle,0,True,,,,,,,,,,,,,https://cluster-prod.veoride.com/api/shares/name/cle/gbfs
US,Veo Orlando,veo-orl,0,True,,,,,,,,,,,,,https://cluster-prod.veoride.com/api/shares/name/orl/gbfs
US,Veo Pensacola,veo-pnc,0,True,,,,,,,,,,,,,https://cluster-prod.veoride.com/api/shares/name/pnc/gbfs
US,Veo College Park,veo-cpk,0,True,,,,,,,,,,,,,https://cluster-prod.veoride.com/api/shares/name/cpk/gbfs
US,Veo Columbus,veo-cbs,0,True,,,,,,,,,,,,,https://cluster-prod.veoride.com/api/shares/name/cbs/gbfs
US,Veo Purdue University,veo-pur,0,True,,,,,,,,,,,,,https://cluster-prod.veoride.com/api/shares/name/pur/gbfs
US,Veo Queens,veo-nyq,0,True,,,,,,,,,,,,,https://cluster-prod.veoride.com/api/shares/name/nyq/gbfs
US,Veo Rochester,veo-roc,0,True,,,,,,,,,,,,,https://cluster-prod.veoride.com/api/shares/name/roc/gbfs
US,Veo Rutgers University,veo-rut,0,True,,,,,,,,,,,,,https://cluster-prod.veoride.com/api/shares/name/rut/gbfs
US,Veo San Antonio,veo-stx,0,True,,,,,,,,,,,,,https://cluster-prod.veoride.com/api/shares/name/stx/gbfs
US,Veo Fayetteville,veo-fay,0,True,,,,,,,,,,,,,https://cluster-prod.veoride.com/api/shares/name/fay/gbfs
US,Veo Gainesville,veo-gvl,0,True,,,,,,,,,,,,,https://cluster-prod.veoride.com/api/shares/name/gvl/gbfs
US,Veo Southern Illinois University,veo-siu,0,True,,,,,,,,,,,,,https://cluster-prod.veoride.com/api/shares/name/siu/gbfs
US,Veo Syracuse,veo-syr,0,True,,,,,,,,,,,,,https://cluster-prod.veoride.com/api/shares/name/syr/gbfs
US,Veo Texas A&M University,veo-tam,0,True,,,,,,,,,,,,,https://cluster-prod.veoride.com/api/shares/name/tam/gbfs
US,Veo Hartford,veo-hrt,0,True,,,,,,,,,,,,,https://cluster-prod.veoride.com/api/shares/name/hrt/gbfs
US,Veo Kansas State University,veo-ksu,0,True,,,,,,,,,,,,,https://cluster-prod.veoride.com/api/shares/name/ksu/gbfs
US,Veo Toledo,veo-tol,0,True,,,,,,,,,,,,,https://cluster-prod.veoride.com/api/shares/name/tol/gbfs
US,Veo University of Alabama,veo-ala,0,True,,,,,,,,,,,,,https://cluster-prod.veoride.com/api/shares/name/ala/gbfs
XK,Prishtina bike,nextbike_gs,10,True,bicycle,False,False,10.0,True,0,0,12.3,False,0.0,90.0,True,https://gbfs.nextbike.net/maps/gbfs/v2/nextbike_gs/gbfs.json
US,"Veo University of Illinois, Urbana-Champaign",veo-iuc,0,True,,,,,,,,,,,,,https://cluster-prod.veoride.com/api/shares/name/iuc/gbfs
US,Veo University of Oklahoma,veo-oku,0,True,,,,,,,,,,,,,https://cluster-prod.veoride.com/api/shares/name/oku/gbfs
US,Veo Washington DC,veo-xdc,0,True,,,,,,,,,,,,,https://cluster-prod.veoride.com/api/shares/name/xdc/gbfs
US,Veo Wichita,veo-wta,0,True,,,,,,,,,,,,,https://cluster-prod.veoride.com/api/shares/name/wta/gbfs
US,Veo Los Angeles,veo-xla,0,True,,,,,,,,,,,,,https://cluster-prod.veoride.com/api/shares/name/xla/gbfs
US,Veo Sarasota,veo-sar,0,True,,,,,,,,,,,,,https://cluster-prod.veoride.com/api/shares/name/sar/gbfs
US,WE-cycle,we_cycle,99,True,"bicycle,scooter_standing",False,False,1.0,False,0,0,1182.8,False,0.0,0.0,False,https://aspen.publicbikesystem.net/customer/gbfs/v3.0/gbfs.json
