metric,value
top1_accuracy_holdout,0.5714285714285714
top2_accuracy_holdout,0.8571428571428571
top3_accuracy_holdout,0.9285714285714286
